Time (s),Robot 1 Distance (m),Robot 2 Distance (m),Robot 3 Distance (m),Robot 4 Distance (m)
0.0,25.0,25.0,25.0,25.0
0.1,24.988,24.99399894976172,24.993999700601172,24.993999950757043
0.2,24.9652,24.982593350397547,24.98259778445442,24.982599261144664
0.30000000000000004,24.92868,24.9643164910882,24.96433177261116,24.964336859322483
0.4,24.875812000000003,24.937843505687606,24.937883649289933,24.937897003981902
0.5,24.804230800000003,24.901975968127505,24.90206498040814,24.902094573362973
0.6,24.711807720000003,24.855628025863023,24.855803528889403,24.855861836984303
0.7,24.596626948000004,24.79781392399944,24.79813122011537,24.798236564960465
0.7999999999999999,24.456964253200006,24.727636791595913,24.728173326331543,24.728351344782364
0.8999999999999999,24.291267827880006,24.644278579450962,24.649422564242954,24.645423989053544
0.9999999999999999,24.098141045092007,24.54699105545274,24.564976912778626,24.548748930066843
1.0999999999999999,23.876326940582807,24.43508777920074,24.477570961232963,24.43768950841705
1.2,23.624694246524527,24.307936991779265,24.389603703740338,24.311671073214168
1.3,23.342224821872072,24.164955368815605,24.30316383137383,24.17017482102026
1.4000000000000001,23.028002339684864,24.005602594675047,24.22005367526304,24.012732309508735
1.5000000000000002,22.681202105716377,23.82937672218227,24.141812929773465,23.83892059016685
1.6000000000000003,22.30108189514474,23.635810285105705,24.069743090967272,23.648357912263677
1.7000000000000004,21.886973705630265,23.424467129661206,24.004933195365425,23.440699957929063
1.8000000000000005,21.438276335067236,23.194939926947708,23.944591662849113,23.21563657569562
1.9000000000000006,20.954448701560512,22.946848321719706,23.886177519443436,22.97288898743349
2.0000000000000004,20.43500383140446,22.68327219638346,23.827377020654982,22.712207451487043
2.1000000000000005,19.879503448264014,22.406406977105203,23.76608260043775,22.433369373296713
2.2000000000000006,19.287553103437613,22.11753994834442,23.70037389986692,22.136177864241457
2.3000000000000007,18.658797793093854,21.817129458282785,23.62850065645363,21.820460760384492
2.400000000000001,17.992918013784468,21.504506905975944,23.548867259348544,21.486070125957784
2.500000000000001,17.289626212406024,21.179101857550172,23.46001879757672,21.132882282773345
2.600000000000001,16.548663591165422,20.840441010278862,23.360628448065484,20.760798427716157
2.700000000000001,15.76979723204888,20.48814837588288,23.24948606773753,20.36974592809181
2.800000000000001,14.952817508843992,20.121946749302438,23.125487869526935,19.95968042184913
2.9000000000000012,14.097535757959594,19.741660630839984,22.98762707602971,19.5305889009817
3.0000000000000013,13.203782182163636,19.34722087452143,22.83498545682101,19.08249402834867
3.1000000000000014,12.271403963947272,18.93867144644876,22.66672566645677,18.61546004081943
3.2000000000000015,11.556263567552545,18.516178800322994,22.482084310023858,18.12960074060877
3.3000000000000016,11.03263721079729,18.080059281888996,22.280388077509087,17.625143800056364
3.4000000000000017,10.67737348971756,17.63079942608796,22.061047022943153,17.10244586562014
3.5000000000000018,10.469636140745804,17.16908606962898,21.823548788443723,16.56201232330903
3.600000000000002,10.38157745593614,16.703006620471104,21.56745366025968,16.004523173240855
3.700000000000002,10.388818678839426,16.239039338972294,21.292388810415968,15.430864891579814
3.800000000000002,10.47033745615048,15.78211552488556,20.99804251434678,14.842175708533079
3.900000000000002,10.60860180810937,15.335733359832178,20.68415886704914,14.239911839066068
4.000000000000002,10.788335472389264,14.902629598038441,20.350532506545058,13.625945839281064
4.100000000000001,10.996251089916468,14.484672389944025,19.997003808976576,13.002712569316866
4.200000000000001,11.220880638109527,14.083007634058086,19.6234540473867,12.373425267928905
4.300000000000001,11.452367622477324,13.69809060179414,19.229800990757955,11.742388606613735
4.4,11.686028374929002,13.327628262139301,18.81599466933305,11.249992660814078
4.5,11.917643575252313,12.96959386418266,18.382014709144013,10.883617596309914
4.6,12.143419779807825,12.622206080323705,17.927867866527738,10.631089619025627
4.699999999999999,12.359938993922748,12.28391150655882,17.453585855143697,10.48089933611236
4.799999999999999,12.564128871702971,11.945685698408955,16.966204160990124,10.41593161377428
4.899999999999999,12.753220480064233,11.60668805905212,16.47159253532212,10.420758268797265
4.999999999999998,12.924725579502642,11.266233170254116,15.974679083400465,10.481563413803018
5.099999999999998,13.07640096177908,10.923790418752706,15.47978807552609,10.585972534624485
5.1999999999999975,13.206231533586624,10.632532538810775,14.990370013869034,10.724034959028877
5.299999999999997,13.312399904912512,10.387941676685848,14.507511483033094,10.88765299595045
5.399999999999997,13.393274255216907,10.185871089359244,14.032144675176403,11.069298662346291
5.4999999999999964,13.447382083339766,10.022509147013245,13.564969632453995,11.262257707948718
5.599999999999996,13.473402050183395,9.894346958841073,13.106429402822172,11.460641883966524
5.699999999999996,13.470140984067813,9.798149926682369,12.656722947485765,11.659339096537094
5.799999999999995,13.436529075013997,9.730931528616658,12.215831468850714,11.853946576349387
5.899999999999995,13.371599368915392,9.689929435806947,11.783548338664815,12.040701179091984
5.999999999999995,13.274485845914302,9.672582035531754,11.357061551142575,12.218585307487391
6.099999999999994,13.147929101234647,9.67388939949956,10.933849638879988,12.386671987490143
6.199999999999994,12.994269124300327,9.689132005237369,10.511656645428337,12.544116420950335
6.299999999999994,12.815459353384709,9.713813765951027,10.088470492334615,12.690148477515649
6.399999999999993,12.61311202641211,9.743756224401963,9.662505816813697,12.82406590119277
6.499999999999993,12.388506618120184,9.775039184078393,9.232191337085835,12.945228345342706
6.5999999999999925,12.142628052303913,9.804064296204771,8.796164099409822,13.053051908630342
6.699999999999992,11.876194715293169,9.827494279378675,8.44458730860773,13.147004412366707
6.799999999999992,11.58970659056235,9.842256175660195,8.168273238795898,13.226601022439311
6.8999999999999915,11.283487648632187,9.845530760521012,7.958753693067921,13.291400373020972
6.999999999999991,10.957723716869149,9.834740050841695,7.808254137727587,13.341001137481758
7.099999999999991,10.612494687445029,9.807534341424132,7.70965597665279,13.375039024104169
7.19999999999999,10.247802106812232,9.76177925209669,7.65645306537103,13.393184179243045
7.29999999999999,9.863594007966848,9.695542916775455,7.64270619213798,13.395138985724532
7.39999999999999,9.459789422162562,9.607083400085466,7.660652604773741,13.38291022891194
7.499999999999989,9.036306060511816,9.49483648202138,7.7033537512373735,13.358139109508024
7.599999999999989,8.591342606023947,9.359032247220886,7.760098664580842,13.321896390215082
7.699999999999989,8.25175208522746,9.199854592562936,7.821361689444981,13.274765355352898
7.799999999999988,7.998455493064356,9.021768125399277,7.878760087789531,13.216958024798593
7.899999999999988,7.814751900565383,8.828423357163247,7.924960034679514,13.146850333705686
7.999999999999988,7.6860566946538675,8.622762843197235,7.953598627171901,13.06237513888279
8.099999999999987,7.599661322154782,8.407113846586759,7.959186900663229,12.96111627345329
8.199999999999987,7.544514530759866,8.18326965962561,7.937017814388115,12.84039791985019
8.299999999999986,7.511025709007651,7.952561175780493,7.883074088721715,12.697370736577584
8.399999999999986,7.490889998279499,7.715920064710752,7.7989192789414705,12.532500821291876
8.499999999999986,7.4788111582835235,7.472225902764213,7.685960820809034,12.346205722688195
8.599999999999985,7.470021615208967,7.220491616488525,7.5454665827703415,12.138867238011347
8.699999999999985,7.460230230093183,7.0217370457375985,7.378580497932336,11.910842506076943
8.799999999999985,7.4455752691557375,6.869249523285935,7.186337599566109,11.662473988693655
8.899999999999984,7.422582096230293,6.7568859857704355,6.9696790016727075,11.39409892721857
8.999999999999984,7.388125158074375,6.6790263298503305,6.809530221407355,11.10968915128418
9.099999999999984,7.339393885173555,6.630528242170671,6.695087502317775,10.812499715378866
9.199999999999983,7.273862185777947,6.60668464032836,6.616808025311129,10.505159540302753
9.299999999999983,7.189261273641927,6.603184440111115,6.56630474226892,10.189757154783507
9.399999999999983,7.083555648583728,6.616077036138036,6.536233642058499,9.867921074229676
9.499999999999982,6.954922159729964,6.641740594392681,6.520182265593489,9.540892681761592
9.599999999999982,6.801732257186517,6.676853997966445,6.512564972821921,9.209589935767
9.699999999999982,6.622537850319258,6.718372084137398,6.508527699552557,8.874661736109557
9.799999999999981,6.497435310751176,6.76350368954748,6.507151909601525,8.590646702368415
9.89999999999998,6.417279671521749,6.809750608203729,6.507532997552197,8.35116020324104
9.99999999999998,6.37379753331845,6.854879058911871,6.508780837511329,8.15024044126704
10.09999999999998,6.359512336282476,6.896893451752718,6.510020820511639,7.982358229205203
10.19999999999998,6.367673118411026,6.934012336645034,6.510395140109232,7.84241349884078
10.29999999999998,6.392187941749533,6.964646426934559,6.5090641494885855,7.725722684651691
10.399999999999979,6.427562416885347,6.987378593958604,6.505207673036097,7.628000129730061
10.499999999999979,6.468843369047377,7.000945727249748,6.498026204869102,7.545335840359016
10.599999999999978,6.5115674906484085,7.004222352405019,6.486741964601544,7.474171272114302
10.699999999999978,6.551714729083039,6.9962058971157814,6.4705998077727385,7.411274341579907
10.799999999999978,6.585666120660941,6.976003497116261,6.448868007164871,7.353714494047127
10.899999999999977,6.61016577851883,6.942820238892833,6.420838934279903,7.298838390684326
10.999999999999977,6.622286762543862,6.895948745587704,6.385829679978328,7.244246584879192
11.099999999999977,6.619400598207372,6.834760027381135,6.34318266188507,7.187771418005926
11.199999999999976,6.599150269768699,6.758695539039275,6.291844643545802,7.127850355922197
11.299999999999976,6.5594265986890985,6.667260417728785,6.230851787292356,7.063057912346197
11.399999999999975,6.498237312363045,6.560017918221913,6.1593220623753915,6.99209285047387
11.499999999999975,6.413914732820102,6.436585897506986,6.076448794318062,6.913766494064055
11.599999999999975,6.3049885285675495,6.296633820281608,5.981494748604004,6.826992180818331
11.699999999999974,6.170178600678776,6.139881468708562,5.873787170931179,6.730775751183704
11.799999999999974,6.0829851627626645,6.027661891174238,5.7992652396115,6.624207011089254
11.899999999999974,6.034728117774005,5.953616586918574,5.752511824096322,6.506471580157113
11.999999999999973,6.017582783985547,5.912032245040439,5.728657148459706,6.376842223961708
12.099999999999973,6.024498023604783,5.897775407853882,5.723324365845193,6.234671232212113
12.199999999999973,6.049121401442767,5.906233489856656,5.732580485908701,6.130118140366356
12.299999999999972,6.085731116732054,5.933261542395522,5.752892166586551,6.057441952087688
12.399999999999972,6.129174293700629,5.9751342028495555,5.781085919425618,6.011628939573819
12.499999999999972,6.1748111588132355,6.028502317372869,5.814312317076815,5.988173162826004
12.599999999999971,6.218464624502479,6.090353776506983,5.850013830514291,5.9830265974082275
12.69999999999997,6.256859315260106,6.15720031441949,5.885895961277359,5.992554156517766
12.79999999999997,6.287081321434194,6.225860816916674,5.9199015760844516,6.01349332999343
12.89999999999997,6.306539777800138,6.293437319032332,5.9501879764404375,6.042917894849442
12.99999999999997,6.312932266571202,6.357293264297644,5.975558513165413,6.077684071620434
13.09999999999997,6.304213772508552,6.4150340025319394,5.994905815816114,6.115025785678998
13.199999999999969,6.278568917720072,6.4644895190666825,6.007207318224948,6.1525163643267735
13.299999999999969,6.234387208191691,6.503699421617321,6.011521153746761,6.188034703881179
13.399999999999968,6.170241031714873,6.530900264064589,6.006982482163851,6.219735554030681
13.499999999999968,6.084866158118401,6.544515364666296,5.992800318021619,6.246023616807829
13.599999999999968,5.9771445094950435,6.5431473893394045,5.968254944884828,6.2655312091011535
13.699999999999967,5.903079910671458,6.528383497425186,5.93269602388289,6.277099291119606
13.799999999999967,5.853533993093998,6.50146408522048,5.8855643495107195,6.279779141384951
13.899999999999967,5.820508639893941,6.463337166059947,5.8263885333593,6.272817082693338
13.999999999999966,5.797025647383193,6.41470736803519,5.754783275621268,6.255642381935853
14.099999999999966,5.777014601126984,6.356080453604516,5.670449574840737,6.2278583065581525
14.199999999999966,5.755210174172239,6.28780420532923,5.611362022910477,6.190989639462994
14.299999999999965,5.727059216678127,6.210106545927847,5.571592192398614,6.146312178969017
14.399999999999965,5.688637495300554,6.1231318421537795,5.545955258272499,6.094893292871174
14.499999999999964,5.638810360040349,6.0653511590447415,5.531832445399488,6.0696486300290164
14.599999999999964,5.576512746743997,6.030540714318798,5.526820719412291,6.065866444914049
14.699999999999964,5.50074512618996,6.013115976233056,5.528715033885046,6.0793469045782995
14.799999999999963,5.447199334714106,6.009726593847534,5.535492385701615,6.106349526507349
14.899999999999963,5.381245115159345,6.01598459620519,5.545312304063522,6.143556458379188
14.999999999999963,5.335084528772442,6.0294543710484,5.5564900324991235,6.188020942481248
15.099999999999962,5.277277435638897,6.0463518325687575,5.567498275579825,6.237139000528625
15.199999999999962,5.23684769554403,6.064644052154921,5.57694384548765,6.2886071295444905
15.299999999999962,5.185736660198783,6.081430970987414,5.583570576512348,6.340400832012021
15.399999999999961,5.1500492196701835,6.095339825361407,5.5862395728333825,6.390740344004971
15.499999999999961,5.104524023983719,6.104188678407648,5.58393320068204,6.4380747559520115
15.59999999999996,5.072628557394609,6.10712856681738,5.575738233771297,6.481054227003826
15.69999999999996,5.03163818445835,6.102559667872918,5.560850781269895,6.518518582042085
15.79999999999996,5.002648460763302,6.090045867252008,5.5385622588691525,6.549474992091762
15.89999999999996,4.965228577963411,6.068458002424457,5.53200377002186,6.574106449728265
15.99999999999996,4.938347733987573,6.037682735949751,5.518229600305292,6.591711906370169
16.09999999999996,4.904909428845288,6.017718737772732,5.517791508583006,6.602599569774423
16.19999999999996,4.88059339266279,6.00554492919779,5.510256318214475,6.606292422903722
16.29999999999996,4.850047958846336,5.9979018924946335,5.515205149092884,6.623425980491216
16.399999999999963,4.827401649376368,5.992547544478957,5.5118588245601146,6.632290126706582
16.499999999999964,4.798868406393176,5.986983881101935,5.520192326984683,6.652951031030715
16.599999999999966,4.777186870632351,5.979600096028184,5.519160856202464,6.664391380407267
16.699999999999967,4.7499741930731965,5.968520796762463,5.5290748524150075,6.68623781266249
16.79999999999997,4.728721266020704,5.952643691658685,5.528673592143656,6.6980225148577155
16.89999999999997,4.702302515371479,5.9306005181455665,5.5385716811529,6.719046833969135
16.99999999999997,4.681086643998891,5.90169656709694,5.537317675381512,6.72926732292775
17.099999999999973,4.655865100083819,5.878386464181801,5.54581992992339,6.747762143958628
17.199999999999974,4.6351325307441265,5.858323105202349,5.542442612124344,6.754801575525854
17.299999999999976,4.610618230311621,5.8391145423403295,5.548392964263388,6.769333154655169
17.399999999999977,4.589996760758563,5.819016873859769,5.541841934916492,6.771841172312094
17.49999999999998,4.56583581064419,5.796219835453962,5.544313126567673,6.781228300008761
17.59999999999998,4.545067341201523,5.769476916547989,5.533764465798714,6.778101787176874
17.69999999999998,4.521476781583644,5.7455598821704585,5.532061969209134,6.781399989595979
17.799999999999983,4.500814288528521,5.722434447803065,5.516923244372331,6.771768863108828
17.899999999999984,4.477495180895839,5.698100993324376,5.510588187763802,6.768259098941602
17.999999999999986,4.456900748622804,5.674329212951753,5.490501796498666,6.751476109542951
18.099999999999987,4.433820695452125,5.6493927521162,5.479312404386565,6.740657058463898
18.19999999999999,4.413303803121403,5.6253511078487755,5.45415804423128,6.716291514754575
18.29999999999999,4.3904440870582695,5.600188483303761,5.438129813640506,6.697875224507612
18.39999999999999,4.37001803103632,5.576201653025873,5.408025189753344,6.665709847405857
18.499999999999993,4.347367088296627,5.55113213216766,5.38740881436723,6.639620056461775
18.599999999999994,4.327044803707122,5.527471062744324,5.3527076168658585,6.59965040172578
18.699999999999996,4.304593929540801,5.5027569337174445,5.327983218607456,6.566022810391061
18.799999999999997,4.284385572735132,5.479640201651088,5.289268563697217,6.5184584361282445
18.9,4.262126351382933,5.455490003813913,5.26113407536022,6.477641907279833
19.0,4.242038173226665,5.43308746307449,5.219204843048142,6.422908115814361
19.1,4.219961132346876,5.409660946710265,5.1885557716732915,6.375465352765525
19.200000000000003,4.1999952047647255,5.388098802576988,5.144402681700985,6.314203821172653
19.300000000000004,4.178089261900034,5.3655128559904,5.112300206410361,6.260909480586552
19.400000000000006,4.158243700377721,5.344879460919447,5.067068377872791,6.193975416448111
19.500000000000007,4.136496069046466,5.3232143973048665,5.034693150624959,6.135808909800187
19.60000000000001,4.116765495103471,5.303566223060629,4.989628706626785,6.064261596173198
19.70000000000001,4.095161826230272,5.282871969581753,4.958219189756178,6.002391143162182
19.80000000000001,4.075537914238007,5.26423935698858,4.9145995500400215,5.927474050947776
19.900000000000013,4.054062546134551,5.244541224194514,4.885376397198864,5.863228135939271
20.000000000000014,4.034534582550786,5.2269336403454645,4.8444272559358215,5.786334525253994
20.100000000000016,4.013170847424978,5.2082374656206465,4.8185088043148445,5.721157189431241
20.200000000000017,3.9937262887023355,5.191648104668955,4.781314789274249,5.643777794495444
20.30000000000002,3.9724568703415293,5.17394465678088,4.759632239324478,5.579165671182094
20.40000000000002,3.953081916056772,5.158354304113143,4.727051603765392,5.502817194761744
20.50000000000002,3.9318892724566785,5.141622907708412,4.710274573113257,5.4402392239919894
20.600000000000023,3.9125694755207117,5.127003050115701,4.682869497787758,5.366376202144558
20.700000000000024,3.891436336900049,5.1112144416231935,4.671352233805116,5.307181397601845
20.800000000000026,3.8721572596619662,5.097529651102174,4.649344557194252,5.237099063349501
20.900000000000027,3.851067194384067,5.082648114265686,4.643099998452267,5.182422567819327
21.00000000000003,3.8318150965337385,5.069857763888947,4.626357845697156,5.117163205420773
21.10000000000003,3.8107531138001227,5.055842617653989,4.625061916929797,5.067844399435902
21.20000000000003,3.791515633836468,5.043902008098051,4.613117284089585,5.008122269964038
21.300000000000033,3.77046877082644,5.030708535155789,4.616140934765874,4.96464906141113
21.400000000000034,3.751235544799926,5.019569523077406,4.608233616944573,4.910807632138395
21.500000000000036,3.7301933734981345,5.0071494367956175,4.614696611402444,4.873297454598793
21.600000000000037,3.710956527709163,4.99676066374085,4.609837136598129,4.825307278178671
21.70000000000004,3.689911516592458,4.985062216531642,4.618676107628133,4.793528698011619
21.80000000000004,3.6706659770091776,4.97536904112119,4.615719760091564,4.75102662876986
21.90000000000004,3.6496136556984196,4.964336879786054,4.625615747483202,4.724567197404913
22.000000000000043,3.6303572352302282,4.955281117467909,4.622915652698507,4.686938668959819
22.100000000000044,3.6092961340459357,4.944855991292639,4.632075980518906,4.664868608660766
22.200000000000045,3.590029386179933,4.936375565261988,4.627697350753042,4.631467977524914
22.300000000000047,3.56896075301951,4.926493990600213,4.634307489285035,4.6135051300094725
22.40000000000005,3.549686611684559,4.918522594337261,4.626600526626786,4.584174022654494
22.50000000000005,3.528613940241366,4.909116574718676,4.629311183465871,4.57023783471984
22.60000000000005,3.509337195343162,4.901583440473614,4.61714273044397,4.545009727563354
22.700000000000053,3.488265625646928,4.892580333311237,4.615150344007897,4.5351905706192355
22.800000000000054,3.4689923060388477,4.885410191178465,4.597963460612697,4.51425706627952
22.900000000000055,3.4479279756283225,4.876732800366341,4.591044021049339,4.508779570749558
23.000000000000057,3.4286647221249407,4.869846098872202,4.5688750689342585,4.492449395743822
23.10000000000006,3.4076141505529804,4.861413056624174,4.557378129939866,4.491628810333676
23.20000000000006,3.3883676587503944,4.854726497846803,4.530835449520454,4.480279312998171
23.30000000000006,3.367337238536703,4.846452979072733,4.515639942304761,4.484471525284548
23.400000000000063,3.3481138349119006,4.839880399496716,4.4858432100028605,4.478494286086226
23.500000000000064,3.327109479977151,4.831679188365347,4.46827324220281,4.4880418552109695
23.600000000000065,3.3079148676815486,4.825132791719614,4.436750258327166,4.487785773154161
23.700000000000067,3.286941839496347,4.816915693836157,4.418449166200611,4.502963767075791
23.800000000000068,3.2677810171398036,4.810307615322365,4.386989028806539,4.5086802287456855
23.90000000000007,3.246843914753084,4.8019871816197215,4.369754936965236,4.529646457078538
24.00000000000007,3.227721238214903,4.7952313358562195,4.3402243672077425,4.541441578121537
24.100000000000072,3.2068241071671753,4.786722837658475,4.325820120481187,4.5681957370062936
24.200000000000074,3.187743437167091,4.779736977241603,4.299961551999683,4.585994067328082
24.300000000000075,3.166889929853869,4.770960547973151,4.289922791547671,4.618349374336922
24.400000000000077,3.1478547918472533,4.763668437770134,4.269163526019818,4.64187203722181
24.500000000000078,3.127048302562153,4.754551277402738,4.264635007717622,4.679441374590567
24.60000000000008,3.1080619837935846,4.746884873404772,4.24993951684224,4.708199736802066
24.70000000000008,3.0873056875825853,4.737363398702809,4.251566528647139,4.7503965201712415
24.800000000000082,3.0683712096204894,4.729264911055393,4.243355395500639,4.783700607092739
24.900000000000084,3.0476679546453473,4.7192867293630965,4.251244360402723,4.829752945534082
25.000000000000085,3.0287878864560973,4.71071044817111,4.249386620689011,4.866732300784613
25.100000000000087,3.008139921516617,4.700236035727208,4.263132321059211,4.915707809751558
25.200000000000088,2.9893160336390023,4.691149805937047,4.267000930464332,4.9553415784306685
25.30000000000009,2.968724590328069,4.680153783705685,4.285764510718001,5.006179594547813
25.40000000000009,2.949957388682658,4.670540031648239,4.294334129998609,5.047332329308437
25.500000000000092,2.9294221744886046,4.659011951912703,4.316950261669608,5.098880238350093
25.600000000000094,2.9107103857438488,4.648868190069871,4.3289144818419,5.140340183510818
25.700000000000095,2.8902290732550044,4.6368127743016085,4.354007416104986,5.191390975360301
25.800000000000097,2.871569175909088,4.626151540928406,4.367896655149017,5.231908189004654
25.900000000000098,2.8511369882234017,4.613588341770071,4.3939903036290096,5.281237009509597
26.0000000000001,2.832522889819303,4.6024365659008915,4.408278222539016,5.319559439790064
26.1000000000001,2.812132379703951,4.589399060949862,4.433891739821685,5.365957644437516
26.200000000000102,2.793555328766695,4.577796878276933,4.447084331685386,5.400864027683383
26.300000000000104,2.773196428493369,4.564331037793671,4.47080997316699,5.44316992932699
26.400000000000105,2.75464522098503,4.552330115906439,4.4815161517863125,5.4734990276155
26.500000000000107,2.734305603811693,4.538492517562761,4.502079771257392,5.510625100015993
26.600000000000108,2.7157671023945342,4.526153977123357,4.509065131833257,5.535301303047052
26.70000000000011,2.6954328509702736,4.512009565657863,4.525371670554241,5.566258029918581
26.80000000000011,2.6768927878270934,4.499401604741843,4.527598461262789,5.584313707012504
26.900000000000112,2.6565493168607266,4.4850212107352005,4.538765568471766,5.608230557968791
27.000000000000114,2.637993305164691,4.472216551072923,4.535422265223444,5.6188257776502795
27.100000000000115,2.6176264435892573,4.45767428978701,4.540805189919144,5.634969966258099
27.200000000000117,2.5990410867085134,4.444747565376022,4.531328790236295,5.637410325675244
27.300000000000118,2.5786381955188893,4.430118233697028,4.530539193683041,5.645204079669122
27.40000000000012,2.559926465633096,4.417240470525303,4.514632678220639,5.638957421827275
27.50000000000012,2.539334658002705,4.402418153574346,4.5075531954503205,5.6379944769506105
27.600000000000122,2.5203857643388936,4.389144709027365,4.485199686002932,5.6227072400066636
27.700000000000124,2.4995214146520306,4.37374203282106,4.471995060731624,5.612769218366778
27.800000000000125,2.480287017253442,4.359744672227605,4.443468883805298,5.588283003533777
27.900000000000126,2.4591398629807033,4.343486984882744,4.424592869202026,5.569355988106337
28.000000000000128,2.4396505549014806,4.328546279303582,4.390466117758642,5.5357246266708175
28.10000000000013,2.4182908294788867,4.311264072619787,4.366661868348592,5.508015967571156
28.20000000000013,2.398652507109861,4.295261547135523,4.327803197561282,5.465522955291248
28.300000000000132,2.3772163715597676,4.276882290617161,4.300092898396815,5.429477690404943
28.400000000000134,2.357585029060508,4.259791687861618,4.257653111713854,5.378653090869298
28.500000000000135,2.3362397505824957,4.240330511753662,4.227310828675892,5.334968415033761
28.600000000000136,2.3167064989961332,4.222207686440616,4.1826880435578335,5.276603199956572
28.700000000000138,2.295467840360166,4.201754842639163,4.151188669760794,5.226237906413161
28.80000000000014,2.2761235192377933,4.182722572885879,4.1059649446208075,5.1613917639678615
28.90000000000014,2.255144621663645,4.161430630558419,4.0749044917253645,5.105566331796846
29.000000000000142,2.2361086378956205,4.14166846290734,4.030751267348198,5.0355644057972055
29.100000000000144,2.2154678088544464,4.119740041904025,4.0017377671186765,4.975745298813119
29.200000000000145,2.196767998586803,4.099469667423659,3.9602900800251457,4.902155363268925
29.300000000000146,2.1764404781301625,4.07714202572425,3.934811861916664,4.840015439450896
29.400000000000148,2.1579993497004293,4.056611199850465,3.897524168362679,4.7645973208545005
29.50000000000015,2.1378591744855084,4.034139600391567,3.876812614662878,4.7019452508781105
29.60000000000015,2.119512244088698,4.013605206362423,3.844818027186856,4.626565575950812
29.700000000000152,2.099366211775902,3.9912458201480376,3.8297277688420346,4.565240885637476
29.800000000000153,2.080909310199108,3.9709569831905767,3.8037263743359455,4.491751969736193
29.900000000000155,2.0605550115720117,3.948950372777002,3.7946548624037724,4.433490444891675
30.000000000000156,2.041808149315536,3.9291327762732795,3.7748516616642456,4.363582473713722
30.100000000000158,2.0210999645399745,3.9076891952743527,3.7717113192786,4.309867887148213
30.20000000000016,2.001969129579989,3.8885318663383255,3.7578120542901274,4.244915973901355
30.30000000000016,1.9808719183208512,3.8678196450675224,3.7599168810775057,4.1968943476565945
30.400000000000162,1.9613884529286696,3.8494654139004862,3.750758975914765,4.137789650057944
30.500000000000163,1.9399995017385916,3.8296035406072004,3.7566147989879153,4.095998517828974
30.600000000000165,1.9203204675149326,3.8121441167314467,3.7504819188157863,4.043250847592738
30.700000000000166,1.8988471436035903,3.793199769700764,3.758280319022354,4.008015036447072
30.800000000000168,1.8792102706184766,3.7766759428850074,3.7532406287617643,3.9618635371823485
30.90000000000017,1.8578487601851434,3.758667226263454,3.761085684543905,3.9327251501480087
31.00000000000017,1.8383911976155534,3.7430727422364964,3.7552135715117343,3.892251956105644
31.100000000000172,1.8173256183898436,3.725973607138807,3.7613232085385544,3.8690104837086587
31.200000000000173,1.79825031342684,3.7112653484912568,3.7527805583259446,3.83465586341485
31.300000000000175,1.7776246011181953,3.6950205477198184,3.755369237545249,3.8177182299252066
31.400000000000176,1.758995816839711,3.6811333730778646,3.742473592638925,3.790068291211745
31.500000000000178,1.738788188474726,3.665672902671796,3.740323687379246,3.779929634612309
31.60000000000018,1.7204960214528688,3.6525346875937803,3.7222026245606097,3.759504936152401
31.70000000000018,1.7005155153390732,3.637789119767181,3.7149257296780984,3.7565699984086858
31.800000000000182,1.6823072140940556,3.6253358128936286,3.691570862120745,3.7437698127251604
31.900000000000183,1.6622581428346894,3.611250801302932,3.6796146724389907,3.7483051435333756
32.000000000000185,1.6438301191544433,3.5994397978037926,3.6518578952468235,3.7433606639620827
32.100000000000186,1.623425351302032,3.585988097029039,3.6364345882770124,3.7554571874084224
32.20000000000019,1.6045455594973332,3.5748083700928217,3.605841759032391,3.7583978698406546
32.30000000000019,1.5836290921753307,3.561997921492114,3.588771873328363,3.777946316363249
32.40000000000019,1.5642443924564797,3.551475633339101,3.557444808875955,3.788580809037887
32.50000000000019,1.542874268012435,3.5393526170852425,3.5409145664759767,3.815260187196062
32.60000000000019,1.5231547892659874,3.529551343154786,3.5112038730985917,3.833170979004323
32.700000000000195,1.501602344424599,3.518197571436719,3.4974537906215843,3.866448714590736
32.800000000000196,1.4818893687863617,3.509212803078448,3.471614166102298,3.8909984523659458
32.9000000000002,1.4604650430427948,3.4987374156292996,3.462606933610706,3.9301403364166485
33.0000000000002,1.44099941061556,3.4906838859359053,3.442459461624845,3.960487417515261
33.1000000000002,1.4200003570415167,3.4812064547538726,3.4395957404019484,4.004575254717909
33.2000000000002,1.4010809707876017,3.4742026870194396,3.42627523740866,4.03969734631379
33.3000000000002,1.3806959607565612,3.4658394815004696,3.4302222218936453,4.0876542807066585
33.400000000000205,1.3623641472537174,3.4599912363602003,3.424062429252199,4.1263782690041735
33.500000000000206,1.3424786078484279,3.452836162365705,3.4347186746262817,4.176999173712849
33.60000000000021,1.3244726434035907,3.4482174414207947,3.4352793207828927,4.218035443830834
33.70000000000021,1.3047006770505138,3.4423234249709567,3.451859091274303,4.270021190649566
33.80000000000021,1.2865659916160863,3.438959096118495,3.4580586657578416,4.312000607025175
33.90000000000021,1.266429979095507,3.4343222081028912,3.479251221413094,4.363994378666073
34.00000000000021,1.2477454304923281,3.432174391771148,3.4895528161414116,4.405506041399431
34.100000000000215,1.226929143130434,3.428722643725542,3.513708958325685,4.456129856453263
34.200000000000216,1.2075493650655509,3.4276824715769107,3.5263136162457687,4.495757913704326
34.30000000000022,1.1861047015769501,3.425270547551463,3.551624240686666,4.543647829708782
34.40000000000022,1.1662895459540823,3.4251561500581587,3.564643391148526,4.580006067031053
34.50000000000022,1.1446656871575585,3.4235665278758405,3.589291116717947,4.6238450163556815
34.60000000000022,1.1249839421180212,3.4241272972945493,3.601075263326705,4.65544821577366
34.70000000000022,1.103494206963593,3.4230774348653488,3.6238764668339565,4.693441325102163
34.800000000000225,1.0839619603390993,3.4240013742943707,3.6334147307624907,4.718287289885605
34.900000000000226,1.0629692895878882,3.4231505058674143,3.6534271555721567,4.748653581291438
35.00000000000023,1.0441926719359553,3.424077410534421,3.659767507824791,4.760920204012974
35.10000000000023,1.024112256407809,3.4230469995598516,3.676132856947148,4.7805667848776405
35.20000000000023,1.0062080182422868,3.4235891107088654,3.678425803676281,4.7772534974807295
35.30000000000023,0.9868284461514223,3.421982934659906,3.690408605082005,4.7835862639154465
35.40000000000023,0.9692824881487184,3.42174598069667,3.6879435677103545,4.762043247638662
35.500000000000234,0.94984967406064,3.41917190453261,3.6949639137247225,4.752878820487293
35.600000000000236,0.9318242937645502,3.4177770336867086,3.687200037521849,4.710774179476547
35.70000000000024,0.9115377101516758,3.4138689114526963,3.6888612595107046,4.6843984385561965
35.80000000000024,0.8924699682114346,3.410973989261548,3.6754537894252888,4.619889221498871
35.90000000000024,0.8711152256503777,3.4054122256961934,3.671565862250849,4.575386712812621
36.00000000000024,0.8512464028089015,3.4007311271433287,3.652388803548546,4.492643607332226
36.10000000000024,0.8295274719928672,3.3932606537310166,3.6429876640293086,4.433914603886316
36.200000000000244,0.8098268267533554,3.386579458963456,3.6181526611742663,4.336928639427717
36.300000000000246,0.7888231044621825,3.377021077069201,3.603513956045074,4.268526775993757
36.40000000000025,0.7702875885684619,3.36820369807881,3.573382632684356,4.162156296778912
36.50000000000025,0.7506830138712602,3.3564634015617503,3.554029099627595,4.089400079603016
36.60000000000025,0.7333578482868793,3.345466034066904,3.5192205701144896,3.979519156045548
36.70000000000025,0.7145102753626278,3.3315463885173773,3.495919702643245,3.9083888853139688
36.80000000000025,0.6972207076531054,3.318424160226762,3.457304062534977,3.8017181657310193
36.900000000000254,3.325997612564998,4.367650663409506,3.639711697538952,5.420624431202093
37.000000000000256,5.679510987381494,5.3066278506063025,3.793367106899486,6.871737492202893
37.10000000000026,7.781290453611909,6.144584563578139,3.9196505929459233,8.169715545275206
37.20000000000026,9.652512731232846,6.88982580175293,4.019819895949791,9.327749812299302
37.30000000000026,11.312236945741361,7.549825685813993,4.120322250831592,10.357711475532838
37.40000000000026,12.777616406000497,8.131311144013743,4.219750204389342,11.270283896630529
37.50000000000026,14.064089206220281,8.640337258136565,4.316840899818579,12.07508158663418
37.600000000000264,15.185549770165993,9.08235511356017,4.410462631769694,12.780757243529385
37.700000000000266,16.1545032439868,9.462272915072607,4.499602584030569,13.395098036587328
37.80000000000027,16.982204453565068,9.784511056140841,4.58335563610403,13.925112189576055
37.90000000000027,17.678782970891767,10.053051763475988,4.660914122604295,14.377106794275292
38.00000000000027,18.253355679784335,10.271483880417296,4.731558426155194,14.756757665552897
38.10000000000027,18.718990049515888,10.443043301432198,4.794648278958142,15.069171918346452
38.20000000000027,19.089652869010287,10.570650734593173,4.847986793094842,15.319514512037362
38.300000000000274,19.405193118594973,10.656953182165285,4.889278138026438,15.512592375125543
38.400000000000276,19.694275515606464,10.704359555893959,4.9162349680342,15.656193699385954
38.50000000000028,19.94712754376608,10.715063396020135,4.928820739846615,15.757014025443308
38.60000000000028,20.20901295576807,10.720088082066923,4.935862677214897,15.84544239867475
38.70000000000028,20.442643567329743,10.720013063245469,4.946477876551026,15.92426227455572
38.80000000000028,20.651555124337914,10.71535829477843,4.959446138566749,15.995966647379074
38.90000000000028,20.83907470597963,10.70659048504696,4.9733211716892844,16.062239278670337
39.000000000000284,21.008131486990074,10.694128599809185,4.986571416457646,16.12417074742428
39.100000000000286,21.161211982875336,10.678348775983716,4.997819919523215,16.18248812176476
39.20000000000029,21.300396328835298,10.659588735920279,5.006037249232156,16.237700936442955
39.30000000000029,21.42742192642962,10.63815175377775,5.010597842530692,16.290185737554996
39.40000000000029,21.54374739724083,10.614310212947089,5.0112257647146095,16.34023457388187
39.50000000000029,21.650607212876444,10.588308791426709,5.007897705252577,16.388083219406894
39.60000000000029,21.74905540130077,10.560367311582615,5.008751465422815,16.433928003228704
39.700000000000294,21.839999607408853,10.530683289217748,5.012322439718908,16.477936161126166
39.800000000000296,21.924830775441233,10.499434214326012,5.01698189313338,16.520074113188517
39.9000000000003,22.004635491190516,10.466779622324438,5.021141913125511,16.560384406897352
40.0000000000003,22.080267667675685,10.432862884488834,5.023492596592564,16.59894471218677
40.1000000000003,22.152406309447596,10.397812834541645,5.023131317417167,16.6358461178097
40.2000000000003,22.221599044548157,10.361745238007456,5.019554399726174,16.669219874346517
40.3000000000003,22.288294059312495,10.32476411527535,5.019500144292106,16.69741544068835
40.400000000000304,22.352863346756628,10.286962931010201,5.0213451411891095,16.719440625314448
40.500000000000306,22.41561967012619,10.248425662683283,5.023425083731772,16.73678023680523
40.60000000000031,22.476829036451754,10.20922776033537,5.024282805361026,16.75137068292973
40.70000000000031,22.726241922332513,11.313047652246434,7.15942360564709,16.52097856688691
40.80000000000031,22.944178941207937,12.302329459456464,9.075882105174532,16.306148432099782
40.90000000000031,23.13352082164983,13.188056624022014,10.795427383575017,16.105367214089654
41.00000000000031,23.296980290769103,13.98037303812961,12.33772766985344,15.917193616017187
41.100000000000314,23.43704650301129,14.688542241220471,13.720511317817367,15.740296021758567
41.200000000000315,23.55598021929752,15.32096348762078,14.959740893917484,15.573464007532117
41.30000000000032,23.65582597783304,15.885221045137328,16.069782437281695,15.415606187911738
41.40000000000032,23.73994752467949,16.388148064578473,17.06356292032359,15.26574243685355
41.50000000000032,23.80906373644064,16.83589773541793,17.952715109007094,15.122994927655025
41.60000000000032,23.86439615015418,17.234004968993872,18.747706072255163,14.986578429942561
41.70000000000032,23.90723515091454,17.587447814135786,19.457954405564656,14.85579090338405
41.800000000000324,23.938802629785766,17.90070339924455,20.091935561369525,14.734082836530577
41.900000000000325,23.960217204726646,18.17779853540155,20.657276522132857,14.62027731179273
42.00000000000033,23.97249151560814,18.42235529384881,21.16084091032436,14.51343712072243
42.10000000000033,23.97653876590509,18.637631965173274,21.608805514210538,14.412791005661708
42.20000000000033,23.97318140619493,18.826559833116704,22.006729106579854,14.317685548665036
42.30000000000033,23.9631598181648,18.991776182857603,22.359614341932627,14.227554547249166
42.40000000000033,23.947140400023798,19.135653932995012,22.67196343553732,14.141899474728808
42.500000000000334,23.925722986514042,19.260328669821142,22.9478282638336,14.060276714288973
42.600000000000335,23.899447479597107,19.36772103747128,23.19085540769118,13.982288872981188
42.70000000000034,23.868799732558138,19.459558681097345,23.40432669463999,13.907578538562092
42.80000000000034,23.83421696558006,19.537395848171883,23.59119568901114,13.835823532921205
42.90000000000034,23.796092651755153,19.60263092999137,23.754120532087278,13.76673310472378
43.00000000000034,23.754780907534137,19.656522182218875,23.895493496097725,13.70004473834033
43.10000000000034,23.710600437251113,19.700201828706547,24.017467580463688,13.635521391685067
43.200000000000344,23.663838078930063,19.73468872507507,24.121980446278204,13.57294905307169
43.300000000000345,23.614751993219237,19.760899735946044,24.210775955553476,13.512134551078368
43.40000000000035,23.56357453228617,19.779659961044857,24.28542355513057,13.452903576071082
43.50000000000035,23.51051482127788,19.791711929683004,24.347335721116636,13.39509888580937
43.60000000000035,23.455761081388104,19.79772386972333,24.397783658070352,13.338578675246433
43.70000000000035,23.39948272051389,19.79829714555251,24.437911427676067,13.28321509496664
43.80000000000035,23.34183221480896,19.793972949485486,24.468748664122316,13.22889290521592
43.900000000000354,23.282946802073983,19.78523832215104,24.49122201763744,13.17550825402954
44.000000000000355,23.222950005813054,19.772531569562172,24.506165453457324,13.122967569014307
44.10000000000036,23.16195300689506,19.756247137609076,24.5143295207482,13.07118655314716
44.20000000000036,23.074825683705345,20.4104066032328,25.07586134002446,14.717303786518418
44.30000000000036,22.9894110928346,20.993705223117942,25.585475203749045,16.207637527833384
44.40000000000036,22.905537961050932,21.513233157327527,26.038652081751835,17.551205723188083
44.50000000000036,22.82305214244563,21.97537134134957,26.450511959028468,18.76690473379314
44.600000000000364,22.741814905700856,22.385861844016276,26.81577715398613,19.865439584644626
44.700000000000365,22.661701392630558,22.749871721530354,27.148208417921587,20.859638991176393
44.80000000000037,22.58259923086729,23.07205065370146,27.442102887809398,21.755148327848875
44.90000000000037,22.50440728528035,23.356582843293157,27.709930899463064,22.563530693108426
45.00000000000037,22.42703453425211,23.607233704540384,27.94584346947248,23.291245435233634
45.10000000000037,22.350399058326687,23.827391851190143,28.161075872825837,23.9492857362172
45.20000000000037,22.27442712999381,24.0201068565258,28.349852581733412,24.540717620269493
45.300000000000374,22.19905239449422,24.188123214152284,28.522231119131234,25.077009355698177
45.400000000000375,22.124215132544588,24.33391088545293,28.67266833291518,25.557333185828643
45.50000000000038,22.04986159678992,24.459692779966666,28.81011173579017,25.994122941450478
45.60000000000038,21.975943414610718,24.567469479101867,28.929353214529392,26.383051594754196
45.70000000000038,21.90241705064944,24.659041481528693,29.038310374505446,26.73634279960215
45.80000000000038,21.829243323084288,24.736029219963523,29.13216560427991,27.048945929845047
45.90000000000038,21.75638696827565,24.79989107350859,29.21789642596144,27.331135089617206
46.000000000000384,21.683816248947874,24.851939576883765,29.291095294008482,27.579700206837725
46.100000000000385,21.611502601552875,24.893356007468995,29.35789442842922,27.802331704127287
46.20000000000039,21.539420318897378,24.925203512788396,29.41429112968293,27.99775426460475
46.30000000000039,21.46754626450743,24.948438924670416,29.465667124548805,28.171424891618038
46.40000000000039,21.395859615556475,24.963923391604503,29.50840392562927,28.32324588534621
46.50000000000039,21.32434163150062,24.972431947601365,29.54722361990983,28.45705920950435
46.60000000000039,21.252975445850346,24.97466212399182,29.57886294235946,28.573344570327222
46.700000000000394,21.184876830461302,24.971241699927823,29.607468571467283,28.674843039005616
46.800000000000395,21.120552799463514,24.96273707524288,29.630100245737314,28.762264632524968
46.9000000000004,21.06076876850309,24.949659091288318,29.650405937971,28.837604566225398
47.0000000000004,21.00586210729954,24.93246826460913,29.66573398755425,28.901622411963256
47.1000000000004,20.95581295458099,24.911579585378046,29.679304082516317,28.955800776815618
47.2000000000004,20.907327375911755,24.887366929019713,29.688717568222458,29.00086119915973
47.3000000000004,20.860995307233523,24.860165450137252,29.69682873901464,29.037925891352913
47.400000000000404,20.81459747736816,24.830277605753057,29.701459617085035,29.06764116375976
47.500000000000405,20.769616115617346,24.797974449121035,29.70515284161947,29.09086990097114
47.600000000000406,20.72704510995526,24.76350081480267,29.70592321863426,29.108171765600726
47.70000000000041,20.68742792714695,24.727077713006665,29.70604752190341,29.120218548696723
47.80000000000041,20.647973627477487,24.68890450025568,29.703708619809166,29.12748482414883
47.90000000000041,20.609506500829482,24.649159094275944,29.70095599917623,29.13049870376515
48.00000000000041,20.570061312326935,24.60800249180473,29.696118913653063,29.12864836207868
48.10000000000041,20.531165009283953,24.56557830194891,29.69105279864917,29.121907010929412
48.200000000000415,20.493884175657534,24.52201674824157,29.68421475054464,29.110525838115024
48.300000000000416,20.458825696632598,24.477435743576432,29.677294486857303,29.094862576908223
48.40000000000042,21.02030424375517,24.302117319274714,28.943909889671605,28.79059666440671
48.50000000000042,21.52366699242024,24.140562497246897,28.275137305166872,28.51191641244031
48.60000000000042,21.97575578798997,23.992900669119862,27.665069665932315,28.256291857033215
48.70000000000042,22.38244462770091,23.856995823641014,27.108143673389932,28.0214485190505
48.80000000000042,22.746713097952608,23.731188495788345,26.60316702303124,27.805337113902617
48.900000000000425,23.07336370834741,23.614189561384713,26.14622583751979,27.60610748264747
49.000000000000426,23.365772684101433,23.50491564515747,25.731551988247585,27.422090956015378
49.10000000000043,23.627394892139634,23.402455626946633,25.354382635948063,27.251781787679622
49.20000000000043,23.86116460932285,23.306033217195193,25.01068837617614,27.093821933312483
49.30000000000043,24.069813171944325,23.21498080656143,24.696982828038667,26.946986723879235
49.40000000000043,24.253033981454156,23.128694762888195,24.410191922281882,26.810172128584192
49.50000000000043,24.415687824020193,23.04665695051626,24.147590789307237,26.682380409828877
49.600000000000435,24.557878093538342,22.968413731603395,23.906747922894745,26.5627146135337
49.700000000000436,24.679759665411915,22.893561066976236,23.6854834597484,26.450365173808052
49.80000000000044,24.78272300157723,22.821739528968774,23.48183930738381,26.344601369451734
49.90000000000044,24.868464572923006,22.752630275617943,23.2940549123211,26.244764636198774
50.00000000000044,24.93865038142417,22.68595050701106,23.12054637189635,26.150261846109313
50.10000000000044,24.99482112132098,22.621449012418452,22.95988816223774,26.06055896459122
50.20000000000044,25.038375071574766,22.558902186468963,22.810797026159932,25.97517523161733
50.300000000000445,25.07057367110812,22.498110599446623,22.67211766213753,25.893677881356457
50.400000000000446,25.092552796464652,22.438896077084053,22.5428099385563,25.815677370427114
50.50000000000045,25.105334723233582,22.381099210092998,22.421937424613184,25.7408230733352
50.60000000000045,25.109839385343005,22.324577216101193,22.308657077088007,25.668799402571025
50.70000000000045,25.10689462491234,22.269202089807738,22.202209954259253,25.599322313042542
50.80000000000045,25.0972454328722,22.214858990862506,22.101912849600406,25.532136153640995
50.90000000000045,25.08052088958498,22.488373141876455,22.386721614740566,25.473922588377093
51.000000000000455,25.058468800626486,22.72954738197975,22.63806175839683,25.41654288482557
51.100000000000456,25.031621920563836,22.941639024836682,22.85930423099329,25.35993799987965
51.20000000000046,25.000459728507455,23.127580313777578,23.053483579943055,25.30405549652517
51.30000000000046,24.96541375565671,23.290006810514683,23.223327477072587,25.24884477196934
51.40000000000046,24.92687238009104,23.43128609430573,23.371286435757405,25.194255903180455
51.50000000000046,24.885185142081937,23.55354485648156,23.49956181846662,25.1402398689904
51.60000000000046,24.840666627873745,23.658693692893443,23.610131450122886,25.08674915632426
51.700000000000465,24.793599965086372,23.748449459849212,23.704772713262166,25.03373834910142
51.800000000000466,24.744239968577734,23.82435530135372,23.785083241452572,24.981164566330264
51.90000000000047,24.69281597171996,23.887798545748787,23.852499416452158,24.928987729803634
52.00000000000047,24.639534374547964,23.940026690992546,23.908312894810358,24.877170684475672
52.10000000000047,24.58458093709317,23.982161689555326,23.953685380645965,24.825679205872035
52.20000000000047,24.52812284338385,24.01521272479475,23.989661841641762,24.774481927430628
52.30000000000047,24.470310559045465,24.040087649030834,24.017182343158304,24.723550214954948
52.400000000000475,24.411279503140918,24.057603232840325,24.037092654229024,24.67285800900398
52.500000000000476,24.351151552826828,24.068494356554936,24.0501537602683,24.62238165041562
52.60000000000048,24.290036397544146,24.073422258820145,24.057050400835184,24.57209969964312
52.70000000000048,24.228032757789734,24.072981943191422,24.0583987365859,24.521992757147242
52.80000000000048,24.165229482010762,24.067708831825918,24.054753237327752,24.47204328955998
52.90000000000048,24.101706533809683,24.05808474506839,24.04661287255265,24.422235464524444
53.00000000000048,24.037535880428717,24.044543276859667,24.03442667670711,24.372554995843895
53.100000000000485,23.972782292385844,24.027474628185068,24.018598753516926,24.322988999698193
53.200000000000486,23.90750406314726,24.007229954041648,23.999492776739288,24.273525862097756
53.30000000000049,23.841753656832534,23.984125273485116,23.977436038609945,24.22415511736079
53.40000000000049,23.77557829114928,23.958444987096794,23.952723091863206,24.174867337158457
53.50000000000049,23.709020462034353,23.930445041588758,23.925619026427416,24.12565402953104
53.60000000000049,23.642118415830918,23.90035577715953,23.89636241765486,24.07650754720461
53.70000000000049,23.574906574247827,23.868384489556487,23.86516797916433,24.02742100451001
53.800000000000495,23.507415916823042,23.834717735538064,23.832228949999493,23.978388202208517
53.900000000000496,23.439674325140736,23.799523407511636,23.79771924278793,23.929403559550178
54.0000000000005,23.371706892626662,23.76295260051163,23.761795376883487,23.88046205292448
54.1000000000005,23.303536203363993,23.72514129234183,23.72459821805211,23.83155916050277
54.2000000000005,23.235182583027594,23.686211855606572,23.68625454408839,23.782690812314982
54.3000000000005,23.166664324724835,23.64627441847092,23.646878453799086,23.73385334524673
54.4000000000005,23.097997892252348,23.605428089297508,23.606572635037875,23.685043462485712
54.500000000000504,23.029198103027113,23.56376205878687,23.565429505900845,23.636258196987352
54.600000000000506,22.88761148254512,23.837154940612493,24.221851100361008,24.1826164951299
54.70000000000051,22.74896190593213,24.07774707650509,24.816864578360324,24.668846514259805
54.80000000000051,22.6129963722757,24.288820429402993,25.346901135787526,25.100960770897608
54.90000000000051,22.479448079359766,24.473328489909495,25.82793025847356,25.48437047385867
55.00000000000051,22.3480602596541,24.633928773364737,26.255449089631455,25.823945579442086
55.10000000000051,22.218596522779144,24.77301243628283,26.643897966394384,26.124068938393343
55.200000000000514,22.09084313114139,24.892731040221513,26.98821264306501,26.38868505111317
55.300000000000516,21.964608214459695,24.99502064822787,27.301398975505286,26.621343944760127
55.40000000000052,21.844177322692936,25.08162348855235,27.57814349775488,26.82524065336776
55.50000000000052,21.728845916022316,25.154108056361984,27.830093363962078,27.003250908782874
55.60000000000052,21.61806520324401,25.21388608279193,28.051932285587768,27.157962891709573
55.70000000000052,21.511368019093663,25.26222818743242,28.25402342024751,27.291705993320047
55.80000000000052,21.408342249504052,25.300277971005883,28.431226591852074,27.4065766982211
55.900000000000524,21.30861958399022,25.329064703957414,28.592705188039382,27.50446187787284
56.000000000000526,21.21186934883986,25.34951475016433,28.73361100854827,27.58705975393503
56.10000000000053,21.117794188113066,25.36246185114711,28.862003505721294,27.655898764804004
56.20000000000053,21.02612655928033,25.368656383880193,28.97339037914182,27.712354545171454
56.30000000000053,20.93662569824795,25.36877369422442,29.074831348729596,27.757665207401814
56.40000000000053,20.849074924847017,25.363421597981656,29.162215047389974,27.792945094613994
56.50000000000053,20.763279229261148,25.35314713250485,29.24170887104861,27.819197158343414
56.600000000000534,20.679063103381488,25.3384426335977,29.309580890585003,27.837324098357723
56.700000000000536,20.59626859013568,25.319751205030748,29.371211689348485,27.848138388431778
56.80000000000054,20.514753528228713,25.297471641313717,29.42323091912341,27.852371299499552
56.90000000000054,20.43438997251688,25.27196285833142,29.47033201041181,27.850681020454072
57.00000000000054,20.355062772377604,25.24354788101128,29.509479486955122,27.84365996683591
57.10000000000054,20.276668292252683,25.212517432288422,29.544770934138352,27.831841358624622
57.20000000000054,20.19911326014039,25.179133163217653,29.573475272452335,27.8157051402246
57.300000000000544,20.122313731239366,25.143630560103574,29.599175998306414,27.79568330842683
57.400000000000546,20.04619415522846,25.106221560937378,29.619415373662346,27.772164707549198
57.50000000000055,19.970686536818643,25.067096910203283,29.637334780503885,27.745499345037512
57.60000000000055,19.89572968024981,25.02642827821328,29.650720024766258,27.716002275480886
57.70000000000055,19.821268509337866,24.984370168514445,29.66233296730829,27.683957096199673
57.80000000000055,19.747253455517114,24.941061634559553,29.67017536542183,27.64961909324832
57.90000000000055,19.67363990707844,24.896627824713416,29.676683526847683,27.613218072791135
58.000000000000554,19.60038771348363,24.851181372760372,29.680050164929455,27.574960909313333
58.100000000000556,19.5274607392483,24.804823649362326,29.68243229363075,27.535033838983342
58.20000000000056,19.454826462436507,24.757645888371766,29.682191250658384,27.493604523650916
58.30000000000056,19.38245561330589,24.7097302005141,29.681244258696147,27.4508239084171
58.40000000000056,19.310321849088332,24.661150485702112,29.678101499084008,27.406827893418562
58.50000000000056,19.238401461292533,24.611973254119235,29.67447406229167,27.361738838404623
58.60000000000056,19.166673112276314,24.56225836519469,29.669003542616448,27.31566691682748
58.700000000000564,19.095117598161718,24.516456333534684,29.663223550630978,27.268711334494142
58.800000000000566,19.023717635458578,24.474916094018056,29.655891777491043,27.220961426323782
58.90000000000057,18.952457669025755,24.439309469088325,29.648388743465162,27.17249764339994
59.00000000000057,18.881323699236212,24.40664183592162,29.639574795304135,27.12339244128801
59.10000000000057,18.810303126425623,24.37439236054485,29.630698138591818,27.07371107949158
59.20000000000057,18.739384610896096,24.345571034437754,29.62070998127134,27.023512340933728
59.30000000000057,18.66855794691952,24.3220428471838,29.61074393408162,26.97284917946104
59.400000000000574,18.597813949340605,24.300712295695156,29.599831709969358,26.921769302568126
59.500000000000576,18.527144351519578,24.279012269450277,29.589007464825507,26.870315695820885
59.60000000000058,18.456541713480654,24.255439589621602,29.577374312006135,26.818527094808907
59.70000000000058,18.385999339245622,24.233825276355574,29.56587991602813,26.76643840987439
59.80000000000058,18.31551120243409,24.21602484572717,29.55369077309426,26.71408110834031
59.90000000000058,18.24507187930372,24.19928460923997,29.54167918370568,26.661483558488346
60.00000000000058,18.17467648848638,24.181299840009192,29.529067952535105,26.608671339111986
60.100000000000584,18.104320636750778,24.165301205515384,29.516663593906486,26.55566751808785
60.200000000000585,18.034000370188735,24.153300232554265,29.503738964691152,26.502492903063896
60.30000000000059,17.963712130282897,24.142339792481035,29.49104306232714,26.449166267053428
60.40000000000059,17.89345271436764,24.12996973095279,29.477893249261985,26.39570455144493
60.50000000000059,17.823219240043912,24.11479173933487,29.464988169319625,26.342123048686776
60.60000000000059,17.753009113152558,24.100754045794364,29.451684759616057,26.288435566680043
60.70000000000059,17.682819998950336,24.08979060593784,29.438637537881974,26.234654576709282
60.800000000000594,17.612649796168338,24.083700013911127,29.42523861934554,26.180791346558227
60.900000000000595,17.54249661366454,24.078994198207248,29.41210383069233,26.126856060292738
61.0000000000006,17.47235874941112,24.073033402984525,29.398656532512916,26.072857926044982
61.1000000000006,17.402234671583045,24.064085237321038,29.385478623763163,26.018805272999614
61.2000000000006,17.332123001537774,24.055907267789703,29.372021180181306,25.964705638662544
61.3000000000006,17.26202249849703,24.050564536222463,29.358836366520492,25.91056584738494
61.4000000000006,17.19193204576036,24.045319375828445,29.34539979264366,25.856392081017773
61.500000000000604,17.12185063829736,24.037884539579842,29.332237599123076,25.802189942484745
61.600000000000605,17.05177737158066,24.027031221130596,29.31884705153687,25.747964512982684
61.70000000000061,16.98171143153563,24.01686619637118,29.305731566036158,25.69372040344754
61.80000000000061,16.9116520854951,24.009332119871996,29.292407447302242,25.63946180086036
61.90000000000061,16.841598674058623,24.006317058877766,29.27935833895466,25.585192509910136
62.00000000000061,16.771550603765796,24.00438709000277,29.266117194046643,25.530915990478785
62.10000000000061,16.70150734050225,24.00093221551558,29.253150541055444,25.47663539136696
62.200000000000614,16.63146840356506,23.99424393830025,29.240005784794526,25.422353580637534
62.300000000000615,16.561433360321587,23.988137974667215,29.22713474736553,25.36807317291592
62.40000000000062,16.491401821402462,23.98470029065147,29.214097254601317,25.31379655395242
62.50000000000062,16.42137343637525,23.981201723615474,29.20133262203986,25.259525902721343
62.60000000000062,17.382358150186246,23.913404128192326,28.52053003473223,25.33879365763852
62.70000000000062,18.240266018201385,23.84788750384209,27.90331522361505,25.40528913191222
62.80000000000062,19.005395393951204,23.784423274059936,27.343327020589918,25.46031237781546
62.900000000000624,19.68702031609343,23.722805676600732,26.834841640581715,25.505034898898195
63.000000000000625,20.293489721126182,23.662849481019638,26.372708455871088,25.5405082615278
63.10000000000063,20.832318736507986,23.604387923896653,25.952292386170186,25.567674843602624
63.20000000000063,21.310271567596665,23.547270846861156,25.569422160989788,25.587378814553695
63.30000000000063,21.733436372007002,23.49136301987285,25.22034382179045,25.60037650484181
63.40000000000063,22.107292760558273,23.436542632186367,24.901678914266014,25.607345850887636
63.50000000000063,22.436772599930787,23.38269993450147,24.610386886738535,25.608894851004507
63.600000000000634,22.726314760974656,23.32973601722687,24.343731264994137,25.605569077721025
63.700000000000635,22.97991440621381,23.277561711240445,24.09924922027991,25.597858333510732
63.80000000000064,23.20116735655687,23.22609659889339,23.87472418754898,25.586202546679488
63.90000000000064,23.393310025877668,23.17526812424813,23.668161226587156,25.570997000003015
64.00000000000064,23.559255364579982,23.125010792659612,23.47776485018599,25.55259697535108
64.10000000000063,23.701625209851258,23.07526545081693,23.301919071626198,25.531321887001837
64.20000000000063,23.822779400928944,23.02597863926818,23.13916944884888,25.507458966360453
64.30000000000062,23.924841982091458,22.97710201026612,22.988206925182,25.48126655196993
64.40000000000062,24.00972478394162,22.92859180450433,22.84785328665644,25.45297703115616
64.50000000000061,24.079148644570505,22.880408380971065,22.7170480740474,25.42279947329249
64.6000000000006,24.13466250608488,22.832515794736935,22.594836804035257,25.39092198933891
64.7000000000006,24.177660598482976,22.78488141801955,22.480360368490377,25.357513847837247
64.8000000000006,24.20939790172351,22.737475600338577,22.372845494020677,25.32272737377264
64.90000000000059,24.231004057825146,22.69027136399354,22.271596155731,25.286699653513438
65.00000000000058,24.243495887750637,22.643244131469096,22.175985849765762,25.249554066311063
65.10000000000058,24.24778865248191,22.59637148170336,22.085450638760985,25.21140166049387
65.20000000000057,24.24470618390541,22.549632932448233,21.99948289292745,25.172342390457572
65.30000000000057,24.234989998740275,22.50300974621145,21.917625657219915,25.132466228786427
65.40000000000056,24.219307497607623,22.456484757502096,21.83946758200477,25.09185416629144
65.50000000000055,24.198259341320856,22.41004221930838,21.764638360898424,25.05057911139085
65.60000000000055,24.17238608744875,22.36366766692234,21.69280462508106,25.00870669905641
65.70000000000054,24.14217416205147,22.317347797393467,21.626558470352414,24.96629601848459
65.80000000000054,24.108075272124402,22.271071604006167,21.563889556189277,24.923400267705848
65.90000000000053,24.070485996337254,22.224828320674554,21.503714378465073,24.880067376448697
66.00000000000053,24.029757967685907,22.17860720487287,21.445428963116203,24.83634050781722
66.10000000000052,23.986205542389005,22.132398058678028,21.388672192119955,24.792258522628526
66.20000000000051,23.940111102837726,22.086191545287246,21.33320573844202,24.74785640483415
66.30000000000051,23.891728879606582,22.039979234906347,21.2788564091187,24.70316564796468
66.4000000000005,23.841287931455028,21.993753514178614,21.225488455322225,24.65821460431908
66.5000000000005,23.788994634896348,21.947507463508604,21.1729898399734,24.613028799591113
66.60000000000049,23.73503486054724,21.901234750670895,21.121265033286868,24.567631215959533
66.70000000000049,23.679575924035046,21.854929553871294,21.070230938638105,24.522042546655094
66.80000000000048,23.62276835618357,21.808586511745425,21.019814382844398,24.47628142484366
66.90000000000047,23.5647475170518,21.762200693097054,20.969950432908764,24.430364629430088
67.00000000000047,23.505635069153975,21.715767579286762,20.920581179405556,24.384307270140482
67.10000000000046,23.445540321039804,21.6692830538078,20.87403810510412,24.33812295400266
67.20000000000046,23.384576895077792,21.622743348519865,20.829056124921767,24.29182393512502
67.30000000000045,23.322835436995884,21.57614571748544,20.784774428922457,24.245421282022154
67.40000000000045,23.26039200433656,21.52948745795221,20.74077918913059,24.198924971351865
67.50000000000044,23.427352803902906,21.871538762257188,21.16170132031773,24.274032524316876
67.60000000000043,23.570617523512617,22.17439644032241,21.535543493416277,24.336641827171373
67.70000000000043,23.692555771161356,22.44200317734508,21.867037792510793,24.388027047990875
67.80000000000042,23.795300194045222,22.677908051035132,22.160443785308807,24.42933563982527
67.90000000000042,23.8807701746407,22.885301774046482,22.419591661901762,24.461596900939426
68.00000000000041,23.95069315717663,23.067051561484348,22.64792420210366,24.485732819253535
68.1000000000004,24.006623841458968,23.225733776942317,22.848535808178248,24.502569093456174
68.2000000000004,24.04996145731307,23.363663721308125,23.02420804086335,24.512845458343456
68.3000000000004,24.081965311581765,23.482922485422424,23.17744164492858,24.5172250209187
68.40000000000039,24.10376878042359,23.58538102436961,23.310485279952346,24.51630257096582
68.50000000000038,24.11639190238123,23.672721696463086,23.425361251101958,24.510611933975632
68.60000000000038,24.12075271214311,23.746457526635414,23.523888545995177,24.50063246823047
68.70000000000037,24.117677440928798,23.80794944163391,23.6077034667123,24.486794811251357
68.80000000000037,24.107909696835918,23.858421701665474,23.678278119101464,24.469485972272018
68.90000000000036,24.092118727152325,23.898975728214484,23.736936992872035,24.449053855312194
69.00000000000036,24.07090685443709,23.93060250410561,23.784871838971384,24.4258112853255
69.10000000000035,24.044816168993382,23.954193700693693,23.82315502653642,24.40003959910499
69.20000000000034,24.01433455209404,23.97055166854502,23.85275154047649,24.371991853463552
69.30000000000034,23.97990109688464,23.980398411943813,23.874529762263077,24.34189569558563
69.40000000000033,23.941910987196174,23.98438365370307,23.88927116043721,24.30995593415453
69.50000000000033,23.900719888476555,23.983092084757825,23.897679003351158,24.27635684465954
69.60000000000032,23.8566478996289,23.977049882580157,23.900386194425767,24.241264237965478
69.70000000000032,23.80998310966601,23.966730573333507,23.897962319463716,24.204827317607617
69.80000000000031,23.76098479869941,23.952560304675245,23.8909199860914,24.167180348216238
69.9000000000003,23.70988631882947,23.93492258905535,23.879720527026848,24.128444154867424
70.0000000000003,23.65689768694652,23.914162571110005,23.864779131438425,24.088727470914428
70.10000000000029,23.60220791825187,23.890590867200647,23.846469462045114,24.053091858305617
70.20000000000029,23.545987126426684,23.86448702021023,23.825127809710786,24.021680181794377
70.30000000000028,23.488388413784016,23.836102608302117,23.801056832014666,23.996008159696444
70.40000000000028,23.429549572405612,23.80566404240913,23.774528917564794,23.978562138528353
70.50000000000027,23.36959461516505,23.773375083695598,23.7457892135967,23.970781302346424
70.60000000000026,23.308635153648545,23.739419109077193,23.71505835061138,23.97281885491987
70.70000000000026,23.24677163828369,23.70396115005084,23.682534894407215,23.98417079283113
70.80000000000025,23.18409447445532,23.667149727544682,23.64839755280798,24.00410280941628
70.90000000000025,23.120685027009788,23.629118503215217,23.61280716164672,24.026838160650822
71.00000000000024,23.056616524308808,23.589987765567376,23.575908472100746,24.051466131532223
71.10000000000024,22.991954871877926,23.54986576742975,23.53783175925743,24.07639882549742
71.20000000000023,22.926759384690133,23.508849929659775,23.498694269798165,24.10462057189587
71.30000000000022,22.86108344622112,23.467027924463004,23.458601524896117,24.13771352088368
71.40000000000022,22.794975101599007,23.42447865037032,23.41764849281159,24.17117481733863
71.50000000000021,22.728477591439106,23.38127310971082,23.37592064421899,24.203259116933868
71.60000000000021,22.661629832295194,23.337475198333326,23.333494901994897,24.232074447150218
71.7000000000002,22.59446684906567,23.29314241635361,23.290440496022914,24.261130146373596
71.8000000000002,22.527020164159104,23.248326507825823,23.246819732515032,24.293026200450445
71.90000000000019,22.459318147743193,23.20307403644678,23.202688686398727,24.324190247299903
72.00000000000018,22.39138633296887,23.15742690369034,23.158097824463916,24.357486623683755
72.10000000000018,22.323247699671985,23.111422815129345,23.11309256619422,24.38956264224128
72.20000000000017,22.254922929704783,23.065095700126676,23.06771378851449,24.41850038541205
72.30000000000017,22.186430636734304,23.018476089558703,23.021998280063144,24.44752351423533
72.40000000000016,22.122058083113398,22.971591455768067,22.97597915003706,24.4742980785711
72.50000000000016,22.06194380024055,22.924470358771895,22.929687965175987,24.497153117994696
72.60000000000015,22.005006848628547,22.877138873528597,22.883153368536494,24.51957389009326
72.70000000000014,21.95137498772391,22.82962038799313,22.836401013354273,24.54401512519504
72.80000000000014,21.896158151472463,22.78193619152194,22.789454150436082,24.567356270740095
72.90000000000013,21.84343159010088,22.734101610008608,22.742331896813266,24.587706067755025
73.00000000000013,21.79371902215417,22.68613401751786,22.695053064306386,24.603788838024258
73.10000000000012,21.74579823026678,22.638049390781678,22.647634835362897,24.61498630002812
73.20000000000012,21.696278210400042,22.589861737996266,22.600092411564333,24.625097516971564
73.30000000000011,21.64856202496842,22.541580420834105,22.55243807406269,24.636594325139715
73.4000000000001,21.603484259593486,22.493217240139526,22.504684292899697,24.647136924684272
73.5000000000001,21.555916053856304,22.444783188413272,22.456842599616227,24.65502276919489
73.6000000000001,21.509488635157155,22.396284176050113,22.408921469071153,24.659246891710744
73.70000000000009,21.461535913702225,22.347728601913357,22.36092990233105,24.659376207000292
73.80000000000008,21.41486100210383,22.299121218842398,22.31287484596094,24.65534012892197
73.90000000000008,21.367266055324798,22.250469327626256,22.2647637665766,24.647271005858585
74.00000000000007,21.317916473995847,22.20177685589144,22.21660237500832,24.638289958993752
74.10000000000007,21.26663785778427,22.153047115645155,22.168395551486636,24.627723330811335
74.20000000000006,21.216307947762946,22.10428233979153,22.120147437642682,24.614780474851084
74.30000000000005,21.165040569605775,22.05548740205372,22.07186295042588,24.599123434246227
74.40000000000005,21.11225731126587,22.006664368125946,22.02354563999761,24.580680988915407
74.50000000000004,21.057848100243334,21.9578150498304,21.975198537954952,24.559527019418027
74.60000000000004,21.00191872021252,21.908940469155993,21.926824176961535,24.53580804693577
74.70000000000003,20.944589454546833,21.860041629832455,21.878424833499693,24.509703016355072
74.80000000000003,20.88599833209024,21.81111925533305,21.830002505127727,24.481401009843108
74.90000000000002,20.82626654666844,21.762174022345263,21.781558990280836,24.45108941457328
75.00000000000001,20.76550906714012,21.713206474393424,21.73309588961015,24.418947655746038
75.10000000000001,20.703827379503558,21.664217101550573,21.684614642180428,24.385144164330246
75.2,20.641314330545455,21.618178130600896,21.63611653584671,24.34983508101129
75.3,20.578052765286188,21.575350370129648,21.587602728001233,24.313163980287953
75.39999999999999,20.51411768251002,21.537260453264942,21.539074257032137,24.275262140783347
75.49999999999999,20.44957634869899,21.50489589362279,21.490532056255233,24.23624912663321
75.59999999999998,20.384489436964817,21.47858406662239,21.44197696407133,24.196233520038334
75.69999999999997,20.31891147995838,21.45824242489549,21.39340973423193,24.15531372215854
75.79999999999997,20.252891598219104,21.440620989454892,21.344831044280728,24.11357876597353
75.89999999999996,20.18647397741518,21.42324360854893,21.296241503490535,24.071109111559025
75.99999999999996,20.1196983974222,21.40433345345463,21.247641659734317,24.0279774046431
76.09999999999995,20.05260065303539,21.385912753200934,21.19903200576708,23.98424918927408
76.19999999999995,19.985212963547674,21.369739611942343,21.150412984784257,23.939983569770256
76.29999999999994,19.91756432412567,21.356974229598066,21.101784995450146,23.895233820933083
76.39999999999993,19.849680831664458,21.34524321014316,21.053148396389034,23.85004794726947
76.49999999999993,19.781585972695492,21.33233133836628,21.004503510232766,23.804469193362713
76.59999999999992,19.71330088549331,21.31974039326915,20.95585062725062,23.758536508143983
76.69999999999992,19.644844594304637,21.309151730595165,20.907190008616656,23.712284966219006
76.79999999999991,19.576234221084068,21.298732713104965,20.858521889345287,23.665746149502773
76.8999999999999,19.507485175537916,21.286492514515196,20.80984648093285,23.61894849241192
76.9999999999999,19.43861132645268,21.274122821702658,20.761163973733023,23.571917593746686
77.0999999999999,19.3696251557295,21.26335485925936,20.712474539094295,23.524676498236865
77.19999999999989,19.300537897105052,21.25525900262012,20.66377833128293,23.477245950532385
77.29999999999988,19.231359660950226,21.247582094931193,20.615075489213453,23.429644624217183
77.39999999999988,19.162099546616904,21.23816979701464,20.5663661380058,23.381889328218794
77.49999999999987,19.092765743534464,21.22845018743016,20.51765039038676,23.333995192786446
77.59999999999987,19.02336562220533,21.219932929721065,20.468905004975575,23.285975837018675
77.69999999999986,18.953905816096132,21.210836298442377,20.42014467311114,23.237843519742032
77.79999999999986,18.88439229534246,21.20186162564003,20.371351707879377,23.189609275375055
77.89999999999985,18.81483043308161,21.19170474116775,20.32254093352258,23.141283036257324
77.99999999999984,18.745225065152926,21.18133942555963,20.273696499628446,23.092873742781894
78.09999999999984,18.675580543827646,21.172163256567593,20.224801796885963,23.044389442540066
78.19999999999983,18.605900786166,21.162426376061763,20.180518984291602,22.995837379569647
78.29999999999983,18.536189317538494,21.150364843225212,20.135658914074664,22.947224074691118
78.39999999999982,18.46644931079511,21.137558237338,20.094896199376624,22.898555397819102
78.49999999999982,18.39668362151758,21.125684627621435,20.058665132459236,22.84983663304902
78.59999999999981,18.326894819746446,21.11581326444535,20.02433506773303,22.801072537239513
78.6999999999998,18.25708521853539,21.105971095505467,19.99004989194927,22.752267392739807
78.7999999999998,18.18725689965018,21.094120232622895,19.954807696918888,22.70342505484653
78.89999999999979,18.117411736697676,21.08154704601104,19.918290234593975,22.654548994516453
78.99999999999979,18.04755141594198,21.069737733210694,19.885022204674236,22.60564233680909
79.09999999999978,17.97767745503896,21.05742946373715,19.85147136821902,22.556707895485815
79.19999999999978,17.90779121989731,21.045094507356755,19.81686537722621,22.50774820414967
79.29999999999977,17.837893939853544,21.031745377572744,19.78539284365955,22.458765544271593
79.39999999999976,17.767986721329457,21.0181297277688,19.754005166756258,22.40976197041435
79.49999999999976,17.698070560123877,21.00347392151094,19.721548916924153,22.360739332934287
79.59999999999975,17.628146352475227,20.98842615827772,19.687623462939527,22.31169929841307
79.69999999999975,17.558214905017834,20.97426946191977,19.656607299576933,22.262643368046433
79.79999999999974,17.488276943742633,20.95980885673123,19.625330983143815,22.21357289419409
79.89999999999974,17.41833312206178,20.94330307426241,19.5927955649551,22.164489095274796
79.99999999999973,17.34838402806683,20.925852301485936,19.558703613849758,22.11539306917195
80.09999999999972,17.27843019106109,20.90887082971947,19.52741960571798,22.066285805298712
80.19999999999972,17.20847208743874,20.893298203410072,19.495963738833236,22.017168195456662
80.29999999999971,17.138510145976063,20.877697750589615,19.463340570461835,21.968041043608647
80.39999999999971,17.068544752593546,20.860185003669486,19.433477036936853,21.918905074674385
80.4999999999997,16.99857625464178,20.841678224501813,19.403554448584202,21.869766657327485
80.5999999999997,16.928604964758765,20.8235867486591,19.372470832234757,21.82063683241156
80.69999999999969,16.858631164341517,20.805074249164086,19.33976792229193,21.771529740007296
80.79999999999968,16.788655106670493,20.784539633407768,19.30535803075727,21.722459933857657
80.89999999999968,16.718677019721596,20.762814738388194,19.273545392549817,21.673420909414684
80.99999999999967,16.648697108696975,20.741330246441354,19.24118398558234,21.624400159920288
81.09999999999967,16.578715558302775,20.71953312184098,19.21169694877347,21.575378942607458
81.19999999999966,16.50873253479908,20.69735714612176,19.182597216110434,21.52634800110054
81.29999999999966,16.438748187844915,20.67461876827275,19.152440463360534,21.477309473621887
81.39999999999965,16.36876265215871,20.651210072060643,19.120661674399194,21.428272457146797
81.49999999999964,16.298776049012762,20.627075258998566,19.087112187063397,21.37924922956463
81.59999999999964,16.228788487578232,20.60208352730057,19.05186123511367,21.330251437271187
81.69999999999963,16.158800066135672,20.576316433328994,19.019081584683715,21.281267284743745
81.79999999999963,16.08881087316449,20.549692886035853,18.98968673203599,21.232262526165773
81.89999999999962,16.018820988323483,20.522565640213323,18.96131178500842,21.1832273570679
81.99999999999962,15.948830483333328,20.49466073365924,18.93216517713241,21.134163140140718
82.09999999999961,15.878839422770826,20.466291979149638,18.901419592025572,21.085079665708054
82.1999999999996,15.808847864783742,20.437011238356256,18.86885485966541,21.035990114220088
82.2999999999996,15.738855861734157,20.407228343032212,18.83449113512117,20.98690829484072
82.3999999999996,15.668863460777498,20.376404631857724,18.798461466017734,20.937845895217947
82.49999999999959,15.598870704383685,20.345082664825917,18.764782051580575,20.888787731234714
82.59999999999958,15.528877630806155,20.312718375100964,18.73042636793167,20.839721523474058
82.69999999999958,15.458884274504008,20.28002222616277,18.694787778216423,20.790648513844953
82.79999999999957,15.388890666521945,20.246010114983488,18.66150317687571,20.741551939497587
82.89999999999957,15.318896834832216,20.210512042837514,18.62806720912234,20.69242515132293
82.99999999999956,15.248902804642398,20.174605473417742,18.59353635759008,20.64327292701078
83.09999999999955,15.178908598672392,20.138951799411046,18.557570355484764,20.594106068903475
83.19999999999955,15.10891423740374,20.10237126188931,18.52381619586902,20.544912108839895
83.29999999999954,15.03891973930402,20.064481653210574,18.489730604863148,20.495687415057976
83.39999999999954,14.968925121028812,20.024874740127423,18.45447757035292,20.44643869542005
83.49999999999953,14.898930397603484,19.984497631556877,18.417815064977546,20.39717704490053
83.59999999999953,14.82893558258681,19.944475849674955,18.383304036285175,20.34788883802462
83.69999999999952,14.758940688218233,19.903867404346922,18.348503258840108,20.29857053351744
83.79999999999951,14.688945725550425,19.862292718834812,18.31255847701003,20.249229109872765
83.89999999999951,14.618950704568604,19.81886020529942,18.275237330144584,20.199875887331046
83.9999999999995,14.548955634297922,19.775304238072728,18.23999709491368,20.150496614333814
84.0999999999995,14.478960522900142,19.731142156494666,18.20446623017318,20.101088155198894
84.19999999999949,14.408965377760655,19.685100619522483,18.16784686833328,20.05165720064925
84.29999999999949,14.338970205566815,19.639191018723256,18.12989784380121,20.00221497560668
84.39999999999948,14.268975012378451,19.592861632960464,18.093957186205344,19.952746717806182
84.49999999999947,14.198979803691353,19.54596681640029,18.0577407928059,19.903249786521354
84.59999999999947,14.128984584494408,19.49694283502827,18.020466473107227,19.853731058015267
84.69999999999946,14.058989359321062,19.44813731639459,17.981906496357638,19.80420168486057
84.79999999999946,13.988994132295641,19.399115036144988,17.945277943619494,19.75464643278729
84.89999999999945,13.918998907175057,19.349761083479954,17.908398884199965,19.705063049581867
84.99999999999945,13.849003687386368,19.300053977787808,17.870478323346944,19.655458783039943
85.09999999999944,13.779008476060595,19.254421570688503,17.831301457998514,19.605845105915385
85.19999999999943,13.709013276063184,19.206920360227038,17.79090048769199,19.556234060057502
85.29999999999943,13.639018090021434,19.160947247361086,17.752422267146937,19.506607268887
85.39999999999942,13.569022920349212,19.11668008789947,17.716705629580364,19.45693452372688
85.49999999999942,13.499027769269215,19.074563906876183,17.682078631370153,19.40721455876539
85.59999999999941,13.429032638833016,19.0373999424593,17.646894032905145,19.357454331902755
85.6999999999994,13.359037530939151,19.00152758196245,17.610474289252863,19.30766565998857
85.7999999999994,13.289042447349399,18.96981566523654,17.572640987266404,19.25786228822531
85.8999999999994,13.219047389703476,18.938358374980968,17.53344254516484,19.20805736649153
85.99999999999939,13.14905235953227,18.910186122413208,17.492998364200012,19.15826249876746
86.09999999999938,13.079057358269788,18.881333694602215,17.45144388891651,19.10848681524557
86.19999999999938,13.009062387263931,18.854894540701434,17.411655115019688,19.05870684393847
86.29999999999937,12.939067447786215,18.827463127683444,17.37419166645547,19.008889209221593
86.39999999999937,12.869072541040559,18.799023904798336,17.340694362932048,18.95905161268347
86.49999999999936,12.79907766817121,18.76986350294447,17.308573218135805,18.90923875939216
86.59999999999935,12.729082830269915,18.743266062668706,17.2793454733657,18.85951491345143
86.69999999999935,12.659088028382408,18.71870079430486,17.257334840388147,18.809898764618346
86.79999999999934,12.589093263514268,18.69498951896126,17.242044665745674,18.76035944591604
86.89999999999934,12.519098536636234,18.67077909834182,17.235445479828897,18.710854946366368
86.99999999999933,12.44910384868902,18.645206088585017,17.23423244120318,18.66136117429869
87.09999999999933,12.37910920058769,18.6178538898401,17.23788837082072,18.61186292648058
87.19999999999932,12.309114593225619,18.588626541529507,17.245959571758316,18.562351990040774
87.29999999999932,12.2391200274781,18.557573423845906,17.258027643093953,18.512827143867373
87.39999999999931,12.169125504205638,18.524784019917355,17.273540580176352,18.4632965815936
87.4999999999993,12.099131024256943,18.49034162063455,17.291244479626528,18.41378154667709
87.5999999999993,12.029136588471665,18.4582488318129,17.30883192051058,18.364311028330036
87.69999999999929,11.959142197682912,18.42970415878659,17.32393743085108,18.314907329882804
87.79999999999929,11.88914785271954,18.402440514696632,17.33498111683158,18.265578038174134
87.89999999999928,11.81915355440828,18.374566861916936,17.341247521384354,18.2163180669949
87.99999999999928,11.749159303575677,18.345083904037754,17.34258940202084,18.167115522404373
88.09999999999927,11.679165101049907,18.313564327162005,17.339160616355134,18.117956625636577
88.19999999999926,11.609170947662443,18.27987725471323,17.33125378959896,18.068828570044847
88.29999999999926,11.539176844249624,18.248576487569505,17.32291787634488,18.019692115604993
88.39999999999925,11.469182791654102,18.21683899864381,17.314086483473453,17.970500902323646
88.49999999999925,11.399188790726216,18.184379285987145,17.30260056927615,17.921238591586047
88.59999999999924,11.32919484232528,18.15051401036125,17.28762881909256,17.871906842505513
88.69999999999924,11.259200947320803,18.115024920100627,17.26908359049515,17.82251569090908
88.79999999999923,11.189207106593642,18.07791183110094,17.25517005062585,17.77306888794167
88.89999999999922,11.119213321037122,18.039277328428973,17.248964912474317,17.723563905823745
88.99999999999922,11.04921959155809,17.999241757282316,17.24774933566786,17.67400342336649
89.09999999999921,10.979225919077944,17.961465942482896,17.250706830694746,17.624387040260174
89.1999999999992,10.909232304533624,17.924009852480733,17.2565588106857,17.574710467625685
89.2999999999992,10.839238748878596,17.885953941125337,17.263046102406207,17.524968175366133
89.3999999999992,10.769245253083783,17.846839472658814,17.267386592768865,17.47516003129878
89.49999999999919,10.69925181813851,17.806499178731897,17.267693899418703,17.42529348362659
89.59999999999918,10.62925844505143,17.764932062123737,17.2632889859464,17.375381248092335
89.69999999999918,10.559265134851438,17.72221003427615,17.254217351961824,17.32543844432049
89.79999999999917,10.489271888588585,17.678428035810906,17.240824045240057,17.275480246379225
89.89999999999917,10.419278707334996,17.633683466427524,17.228463899882367,17.225523798239337
89.99999999999916,10.349285592185796,17.58807499952592,17.21787144897403,17.1755993672191
90.09999999999916,10.279292544260027,17.541700702177156,17.20615035459547,17.125738734221276
90.19999999999915,10.209299564701606,17.494647892554816,17.19211509422857,17.075956285642775
90.29999999999914,10.139306654680265,17.44698675527976,17.180225244467067,17.02626191760232
90.39999999999914,10.069313815392533,17.398786168375132,17.167617745113937,16.97666996482486
90.49999999999913,9.999321048062722,17.352939121607946,17.153012153694185,16.927180327214533
90.59999999999913,9.929328353943946,17.30799760072179,17.13581453911241,16.877783031600405
90.69999999999912,9.859335734319156,17.263063767995952,17.120792857910132,16.82847440561407
90.79999999999912,9.789343190502219,17.21777388736679,17.10492725905301,16.779262412139513
90.89999999999911,9.719350723839005,17.171965897346112,17.091014395584246,16.730111307055385
90.9999999999991,9.649358335708529,17.125562614711054,17.07406240638454,16.68101677169268
91.0999999999991,9.579366027524118,17.078555417704678,17.058066913678058,16.631941940539054
91.1999999999991,9.509373800734622,17.030954417955787,17.042431068172753,16.582842058209433
91.29999999999909,9.439381656825656,16.98277971421941,17.028148298960605,16.533672267745178
91.39999999999908,9.369389597320907,16.934063072211476,17.012967359997507,16.484421744022782
91.49999999999908,9.299397623783472,16.884850694230153,16.995254943432844,16.435095336878593
91.59999999999907,9.229405737817247,16.835189744777043,16.974448150586916,16.385706500938017
91.69999999999906,9.159413941068381,16.785124371651925,16.955537623035852,16.336267889265677
91.79999999999906,9.089422235226778,16.734695330028366,16.93343797760246,16.28679068895903
91.89999999999905,9.019430622027663,16.683938308243626,16.91327863311187,16.237283070119737
91.99999999999905,8.94943910325321,16.632886405167923,16.889956046893197,16.187754167955116
92.09999999999904,8.879447680734243,16.581568421246654,16.868644425142335,16.138208089099322
92.19999999999904,8.809456356351996,16.53001107315513,16.844255805353143,16.088651575321578
92.29999999999903,8.73946513203997,16.478237472464084,16.82194212014672,16.03908503363069
92.39999999999903,8.669474009785844,16.42626901118008,16.79667712449374,15.989512198910534
92.49999999999902,8.5994829916335,16.37412408782817,16.77249976160696,15.939915835799198
92.59999999999901,8.529492079685106,16.3218182288559,16.74649109882645,15.890290713913306
92.69999999999901,8.45950127610332,16.269366715838203,16.718126118984834,15.840643175049804
92.799999999999,8.389510583113578,16.216783618845202,16.69113730461596,15.79096058636156
92.899999999999,8.3195200030065,16.16408218041865,16.662913631340025,15.741242239456566
92.99999999999899,8.249529538140393,16.11127447413291,16.63267989784613,15.691497267186513
93.09999999999899,8.179539190943885,16.058370314764936,16.60396249046563,15.641715833140307
93.19999999999898,8.109548963918675,16.005380549005242,16.57430455443274,15.591899663553345
93.29999999999897,8.039558859642426,15.952314127447137,16.54282716931117,15.542059127318545
93.39999999999897,7.969568880771788,15.89917734507047,16.50933513762782,15.492208294577926
93.49999999999896,7.899579030045572,15.845975339273508,16.4774730673411,15.442336860330833
93.59999999999896,7.829589310288087,15.792715665978003,16.444612546181723,15.392445195897432
93.69999999999895,7.759599724412636,15.739404446687242,16.41009379871131,15.342542302159364
93.79999999999895,7.689610275425196,15.686045448455985,16.37727472744206,15.292616277023951
93.89999999999894,7.619620966428277,15.632645749866942,16.34381075499909,15.242668010017216
93.99999999999893,7.5496318006249945,15.579209990565307,16.30885055182778,15.19270694054774
94.09999999999893,7.479642781323337,15.525734945831099,16.272224221134817,15.142745308846596
94.19999999999892,7.409653911940669,15.472230101828188,16.23733345116413,15.092769681482629
94.29999999999892,7.339665196008477,15.418706770150795,16.201880676762485,15.042779356217583
94.39999999999891,7.269676637177356,15.36517442218668,16.16512156944732,14.992781967744673
94.4999999999989,7.199688239222281,15.311639915453382,16.1268705166058,14.942788453025576
94.5999999999989,7.129700006048162,15.258107750286722,16.090383869239297,14.892783677632972
94.6999999999989,7.059711941695705,15.204580597471525,16.053488506827883,14.842766530105763
94.79999999999889,6.989724050347609,15.151059813986059,16.01542648038107,14.792744344650412
94.89999999999888,6.919736336335103,15.09754586155887,15.9759988680747,14.742727802065717
94.99999999999888,6.84974880414487,15.044038618919233,15.938314407598257,14.692701022185734
95.09999999999887,6.779761458426358,14.990537603815866,15.900334698531646,14.642663030815536
95.19999999999887,6.709774303999533,14.937042125849684,15.861292398302659,14.59262120531234
95.29999999999886,6.639787345863081,14.883551388997747,15.820978807264643,14.542586209402218
95.39999999999885,6.569800589203107,14.830064558704214,15.782352599741756,14.492541643500651
95.49999999999885,6.499814039402354,14.776580804546821,15.743516556353022,14.442486779571412
95.59999999999884,6.429827702049996,14.723099326340831,15.703698323736484,14.392429112573861
95.69999999999884,6.35984158295203,14.66961936917227,15.662682446309567,14.34237934289024
95.79999999999883,6.289855688142321,14.616140231139841,15.620487628978482,14.292348368990723
95.89999999999883,6.219870023894355,14.56266126637781,15.57996018288501,14.24231608230471
95.99999999999882,6.149884596733736,14.50918188509491,15.539218381194543,14.192279497701648
96.09999999999881,6.079899413451504,14.455701551789351,15.497601449286618,14.142244593934366
96.19999999999881,6.009914481118326,14.402219782408702,15.4575750087057,14.092193593028535
96.2999999999988,5.939929807099633,14.348736140958131,15.417675913873136,14.042127303470625
96.3999999999988,5.869945399071782,14.295250235882168,15.37698415456353,13.992054399433187
96.49999999999879,5.799961265039322,14.241761716425428,15.33520871865539,13.94198668288172
96.59999999999879,5.729977413353451,14.188270269098252,15.292332769073367,13.891936087417461
96.69999999999878,5.6599938527317795,14.134775614320532,15.24843879526708,13.84191297177527
96.79999999999878,5.59001059227949,14.081277503282564,15.206030037864819,13.79189361079247
96.89999999999877,5.530023698301158,14.027775715039603,15.163480667843956,13.7418737652149
96.99999999999876,5.469037469261526,13.974271858212298,15.120188960340958,13.691861069703592
97.09999999999876,5.417147871744996,13.920765794553546,15.078277367595454,13.641835432645596
97.19999999999875,5.363449241723069,13.867259155712247,15.036600219229276,13.591799884399254
97.29999999999875,5.318118450732171,13.813751756151634,14.994272373777322,13.541762809788453
97.39999999999874,5.270322779579075,13.760245172723739,14.951011627759506,13.491738185532535
97.49999999999874,5.230304618173352,13.70591172524421,14.90679432438068,13.441737428005828
97.59999999999873,5.1872903474626515,13.65257541303141,14.86169339083694,13.391772844131047
97.69999999999872,5.15157541222502,13.599722836286048,14.817823172116057,13.34181866509082
97.79999999999872,5.112434079728702,13.546144152149132,14.77393083465671,13.291872931656743
97.89999999999871,5.08020475379271,13.493780234340202,14.729419372481349,13.241940409753848
97.9999999999987,5.044200505206879,13.441961121317336,14.684127267586017,13.192031900263485
98.0999999999987,5.014794518808649,13.390340996290602,14.638066444606809,13.142155892800352
98.1999999999987,4.981331312251477,13.338746152421681,14.593103906787395,13.0922887500739
98.29999999999869,4.954212226776623,13.285941393825963,14.548260362653183,13.042426688293487
98.39999999999868,4.9228072684318605,13.23408623833552,14.50290834641715,12.992577729471751
98.49999999999868,4.897540568493337,13.18262726677544,14.456864436662865,12.942750644235439
98.59999999999867,4.867802795481705,13.131283148753505,14.41013004133553,12.892957009055294
98.69999999999867,4.844036523502692,13.078594909303298,14.364328486970924,12.843170511805589
98.79999999999866,4.8156491750078985,13.026864701526625,14.318710582569976,12.793390520305355
98.89999999999866,4.7930982452337645,12.975531478509085,14.272653446028556,12.743622794119203
98.99999999999865,4.765804745114753,12.924309915630232,14.225974308040607,12.693878974390806
99.09999999999864,4.744238237962561,12.873056003285186,14.178667727841976,12.644168162299067
99.19999999999864,4.717830759669626,12.820152264520281,14.132114183453657,12.594466259426282
99.29999999999863,4.697061630151028,12.768111504522128,14.085789527127824,12.54477023039384
99.39999999999863,4.671371834308073,12.716441222854519,14.039086640582635,12.495088661215794
99.49999999999862,4.6512485758516595,12.664887296822043,13.991822504583546,12.445430646750836
99.59999999999862,4.626140107698043,12.6133223411345,13.943990699643884,12.395807973481581
99.69999999999861,4.606539999845217,12.559883016528602,13.895642340982857,12.346228232670883
99.7999999999986,4.581902412163873,12.50730007982664,13.84786314581851,12.296663243375194
99.8999999999986,4.562726051202279,12.455112246922804,13.800322347985267,12.247107835937737
99.9999999999986,4.538469881891738,12.403081013105064,13.752480727583672,12.197569269808444
100.09999999999859,4.5196367506681,12.351081565149192,13.704178414858943,12.148055618820825
100.19999999999858,4.495689535576079,12.299051438477047,13.655411221929809,12.098577872822387
100.29999999999858,4.47713441504433,12.244830014246839,13.606224240878605,12.0491429748328
100.39999999999857,4.453437458363205,12.19143398159332,13.557380672591076,11.999721647105705
100.49999999999856,4.43510752093821,12.138460461073265,13.508837767134114,11.95030863305777
100.59999999999856,4.411613279225647,12.085696901913469,13.460078198238273,11.900911250147969
100.69999999999855,4.393465734399417,12.033027823916084,13.41094594345255,11.851537617787404
100.79999999999855,4.370135697635367,11.980392230686729,13.36143283031037,11.802198785648491
100.89999999999854,4.352135884925895,11.925284668900506,13.311577208846165,11.75290172692634
100.99999999999854,4.328938860169096,11.871017095153025,13.261429508798022,11.703654153264104
101.09999999999853,4.311058704408584,11.817224144315835,13.211353880609373,11.654420819373419
101.19999999999852,4.287969425558657,11.763708163419105,13.16161462421571,11.605197639409624
101.29999999999852,4.270186185676631,11.710357215476048,13.111744546186781,11.555988283042023
101.39999999999851,4.247184187381742,11.657108695250319,13.061605648336005,11.50680294116851
101.49999999999851,4.229479442919017,11.603923855644855,13.011186846078939,11.457649464466622
101.5999999999985,4.206548148441464,11.550781105339018,12.96052162105152,11.40853721457583
101.6999999999985,4.188906978626059,11.497665314629277,12.909649527535564,11.35947098096754
101.79999999999849,4.166032961013807,11.441541066909972,12.858530127273912,11.310418131336622
101.89999999999849,4.148443279812027,11.386204253703616,12.807799204622626,11.26137204754211
101.99999999999848,5.962666929330615,12.88128030145389,14.539984055511443,13.04522572148727
102.09999999999847,7.588468213897343,14.226587013989663,16.10318564768733,14.645208706419703
102.19999999999847,9.044689370007399,15.437017716018463,17.50459148129629,16.079708279582963
102.29999999999846,10.348288410506449,16.52599811616373,18.76985741861848,17.36527285313384
102.39999999999846,11.514527546955593,17.5056021313221,19.903188067617137,18.516795718983488
102.49999999999845,12.557142769759825,18.386698822451677,20.926878240189495,19.547680580527345
102.59999999999845,13.488496470283632,19.179069509023982,21.842905727850514,20.469990574934403
102.69999999999844,14.319714800755058,19.891518522208013,22.670653455500066,21.294582394052636
102.79999999999843,15.060811298179342,20.531970854877834,23.41049376990578,22.031226981327478
102.89999999999843,15.720798145861197,21.10756070378866,24.079261143215806,22.6887181456761
102.99999999999842,16.307786308774865,21.62471082231367,24.676219325084386,23.274970302756266
103.09999999999842,16.82907565539717,22.086584447392838,25.21596118814711,23.797106433669654
103.19999999999841,17.291236067357243,22.500657032475953,25.69702539502947,24.2615372417917
103.2999999999984,17.700180438121308,22.87008825482673,26.13203309169303,24.674032389782745
103.3999999999984,18.061230371808968,23.200660772958056,26.519082434841962,25.039784610104103
103.4999999999984,18.379175312127863,23.49517638294272,26.869066672786758,25.36346740261802
103.59999999999839,18.65832575841487,23.758133355578234,27.17984627273309,25.649286961192395
103.69999999999838,18.90256116007317,23.99196105615358,27.460809027569304,25.90102890682946
103.79999999999838,19.115373021565645,24.20017840422768,27.709716635455557,26.122100346942833
103.89999999999837,19.29990369690887,24.38485852407237,27.934653635731586,26.3155677283493
103.99999999999837,19.458981304717774,24.548768495905257,28.13337441625506,26.484190904721412
104.09999999999836,19.59515115174579,24.693657104770786,28.31284208246372,26.630453797130784
104.19999999999835,19.710704014071,24.821710178394852,28.470861387752695,26.756591988421462
104.29999999999835,19.80770159016369,24.93439032789342,28.613435335820913,26.864617558061155
104.39999999999834,19.887999408647108,25.03343103080651,28.738453486679436,26.95634143344167
104.49999999999834,19.95326744528219,25.120047675371083,28.85110006135526,27.03339350599535
104.59999999999833,20.005008678253763,25.194071488756624,28.949368319889942,27.097240735652825
104.69999999999833,20.044575787928174,25.25599768667736,29.037746115761177,27.149203444811725
104.79999999999832,20.073186186635148,25.306651112488083,29.1143391340727,27.19046998286713
104.89999999999831,20.091935545471422,25.3469693677678,29.183043950751383,27.22210992424818
104.99999999999831,20.10180996842407,25.3778920836979,29.24208089198493,27.24508594661011
105.0999999999983,20.103696949081453,25.400311407185445,29.294844853963262,27.2602645211655
105.1999999999983,20.098395231673095,25.41505302517958,29.339668953198803,27.268425533939975
105.29999999999829,20.086623686005577,25.422871439330102,29.379522413505164,27.270270944858858
105.39999999999829,20.06902929490481,25.42445157265417,29.41284683354649,27.266432580880608
105.49999999999828,20.04619434291412,25.420412997405116,29.442250021673928,27.257479149771275
105.59999999999827,20.0186428861225,25.411315077189183,29.466276344469588,27.24392255245482
105.69999999999827,19.98684657501004,25.39766225113433,29.487226401231283,27.226223564080726
105.79999999999826,19.95122989500883,25.379909121094215,29.503740888182175,27.20479694693623
105.89999999999826,19.912174883007737,25.35846520346179,29.51785887307118,27.180016052017912
105.99999999999825,19.870025372206754,25.333699300034812,29.528310658441526,27.152216960395947
106.09999999999825,19.82509081248587,25.30594348511371,29.536912261186753,27.121702210391135
106.19999999999824,19.777649708737073,25.27549672522249,29.542476861144905,27.088744151982887
106.29999999999824,19.727952715363156,25.24262815589303,29.54662985622081,27.05358796572467
106.39999999999823,19.676225421326627,25.207580042655934,29.548260743134936,27.016454379715853
106.49999999999822,19.622670856693755,25.17057045351257,29.5488316621239,26.97754211482411
106.59999999999822,19.56747174852417,25.13179566907176,29.547302140046675,26.937030085333298
106.69999999999821,19.510792551171544,25.09143235489232,29.544994177276276,26.89507937947424
106.7999999999982,19.45278127355418,25.04963951871865,29.540931376996983,26.851835041850318
106.8999999999982,19.39357112369855,25.0065602734063,29.536315169245995,26.807427677568683
106.9999999999982,19.333281988828485,24.962323424497846,29.53022764160316,26.761974895906874
107.09999999999819,19.272021767445427,24.917044899671694,29.523766257208802,26.71558260956184
107.19999999999818,19.209887568200674,24.87082903566849,29.516066366925017,26.66834620392372
107.29999999999818,19.1469667888804,24.82376973680819,29.508135590622665,26.620351589372632
107.39999999999817,19.08333808749215,24.77595151784567,29.499157687955286,26.571676148297037
107.49999999999817,19.019072256242726,24.727450442668495,29.490062484886693,26.52238958736237
107.59999999999816,18.954233008118244,24.678334969210805,29.48007764932659,26.472554704506045
107.69999999999816,19.66193176475494,24.540824049228124,28.771400559290285,26.430519579244752
107.79999999999815,20.291882271313213,24.41256543277431,28.1290986957173,26.38784246135783
107.89999999999814,20.851850021751847,24.292633410098937,27.546532145481944,26.34461037431651
107.99999999999814,21.34882948111401,24.18019479903583,27.017726252984538,26.300903095749142
108.09999999999813,21.789117969644703,24.07449969121123,26.53730460703363,26.256789638693654
108.19999999999813,22.178384160174655,23.974873113069087,26.100428922216473,26.212328083051887
108.29999999999812,22.52173044889667,23.88070751711635,25.70274504343145,26.16756673005803
108.39999999999812,22.823749365177004,23.791456023102526,25.340334415987947,26.122545628795713
108.49999999999811,23.088574454411273,23.706626335093073,25.00967044904376,26.077298062446147
108.5999999999981,23.319926124398485,23.625775267117504,24.707579268038508,26.031851841407168
108.6999999999981,23.521152932995584,23.548503816581302,24.431204408164113,25.98623036908342
108.7999999999981,23.695268761032644,23.474452730659433,24.177975049132883,25.940453495736886
108.89999999999809,23.84498627589382,23.403298516370477,23.945577433516657,25.89453819268303
108.99999999999808,23.972747053280926,23.33474984997751,23.731929147958063,25.8484990814062
109.09999999999808,24.080748689242917,23.268544345816053,23.53515597941981,25.802348848613946
109.19999999999807,24.1709692020479,23.204445648657725,23.353571087936633,25.756098572938413
109.29999999999806,24.245188993905924,23.142240817324897,23.18565626352827,25.70975798370337
109.39999999999806,24.30501061577074,23.081737970517164,23.03004505839345,25.66333566757855
109.49999999999805,24.351876554252975,23.02276416873027,22.88550760654675,25.616839235203916
109.59999999999805,24.387085237850727,22.96516350877441,22.75093696194868,25.57027545693547
109.69999999999804,24.41180544003708,22.908795409759946,22.625336803146403,25.523650374617592
109.79999999999804,24.427089239039958,22.85353307154026,22.50781036769041,25.47696939458806
109.89999999999803,24.43388367822479,22.799262088507216,22.397550493300706,25.43023736584837
109.99999999999802,24.48349531040231,23.014335929756694,22.652795494070833,25.497562843333696
110.09999999999802,24.521145779362083,23.202913891071965,22.87752824979407,25.558198435047537
110.19999999999801,24.548031201425875,23.367668883019675,23.074824073250806,25.613071865738817
110.29999999999801,24.56522808128329,23.511007186142272,23.247451437974824,25.663746943122906
110.399999999998,24.57370527315496,23.635090995642905,23.39789854930118,25.710729277480233
110.499999999998,24.574334745839465,23.74186186092113,23.528400400763132,25.75450266660138
110.59999999999799,24.56790127125552,23.83306304643542,23.640964386971774,25.795370565169783
110.69999999999798,24.555111144129967,23.91026006385192,23.737393761777525,25.833530831709655
110.79999999999798,24.536600029716972,23.974859193711836,23.81930879375134,25.86933299996657
110.89999999999797,24.512940026745277,24.028124061830084,23.88816571389283,25.9030130428728
110.99999999999797,24.48464602407075,24.071190430177516,23.94527364164839,25.934668633714807
111.09999999999796,24.452181421663674,24.105079386978403,23.99180969748697,25.964696795222803
111.19999999999796,24.415963279497305,24.1307091159426,24.028832503054918,25.9929460723382
111.29999999999795,24.376366951547578,24.148905408543296,24.05729425180982,26.01998619554054
111.39999999999795,24.33373025639282,24.160411064404524,24.078051512309557,26.045421793388265
111.49999999999794,24.288357230753537,24.165894306676645,24.09187490646515,26.070004687120125
111.59999999999793,24.240521507678185,24.16595632300762,24.099457787280812,26.093099911675004
111.69999999999793,24.190469356910366,24.161138028627555,24.101424025146443,26.11564885650197
111.79999999999792,24.13842242121933,24.151926136018094,24.098334998466033,26.13678070059356
111.89999999999792,24.084580179097397,24.138758605369922,24.09069587301987,26.157632193454504
111.99999999999791,24.029122161187654,24.122029541257994,24.078961244675554,26.177100057354004
112.0999999999979,23.97220994506889,24.10209359343031,24.063540211617724,26.19652069018396
112.1999999999979,23.913988950562,24.079269913098646,24.04480093493648,26.214561611400292
112.2999999999979,23.854590055505803,24.053845710463868,24.023074740016888,26.232761806542
112.39999999999789,23.794131049955222,24.026079454265112,23.99865980555979,26.249562848271168
112.49999999999788,23.7327179449597,23.99620374979879,23.971824482118066,26.266708034578688
112.59999999999788,23.67044615046373,23.964427928020555,23.942810277656793,26.282416357891222
112.69999999999787,23.607401535417356,23.930940374948147,23.911834543761298,26.29863605968213
112.79999999999787,23.543661381875623,23.89591062756624,23.879092892660125,26.313367104605202
112.89999999999786,23.47929524368806,23.859491259746843,23.844761372145708,26.328762325849514
112.99999999999785,23.414365719319253,23.821819579299536,23.808998422719526,26.34260644628783
113.09999999999785,23.348929147387327,23.78301915512074,23.771946638821923,26.35725566037857
113.19999999999784,23.283036232648595,23.743201191490034,23.733734353796702,26.37028349345247
113.29999999999784,23.216732609383737,23.702465764839953,23.69447706625852,26.384247491094726
113.39999999999783,23.150059348445364,23.66090293678096,23.654278723752206,26.396514289788133
113.49999999999783,23.083053413600826,23.618593755776544,23.61323287799568,26.40984009111999
113.59999999999782,23.015748072240743,23.575611158618003,23.57142372456287,26.42138920755175
113.69999999999781,22.948173265016667,23.5320207817292,23.52892703857306,26.43411320725521
113.79999999999781,22.880355938515002,23.487881691325487,23.485811016793523,26.44497888033585
113.8999999999978,22.8123203446635,23.44324704054656,23.442137035519256,26.457129364342464
113.9999999999978,22.74408831019715,23.398164660869426,23.397960332655888,26.467338938392675
114.09999999999779,22.675679479177436,23.352677594376075,23.353330621588103,26.478938086344414
114.19999999999779,22.60711153125969,23.306824572792085,23.3082926436568,26.48473219724804
114.29999999999778,22.538400378133723,23.260640448620446,23.26288666538553,26.494084251409937
114.39999999999777,22.46956034032035,23.21415658316194,23.217148925982176,26.49792208873514
114.49999999999777,22.40060430628831,23.167401195733984,23.17111204008902,26.505374725252796
114.59999999999776,22.33154387565948,23.120399677968624,23.12480536025681,26.507584936039528
114.69999999999776,22.262389488093532,23.073174876682025,23.07825530317082,26.51340305728169
114.79999999999775,22.19315053928418,23.02574734845852,23.03148564325384,26.514242886530482
114.89999999999775,22.12383548535576,22.978135588777903,22.984517776908685,26.518622250799915
114.99999999999774,22.05445193682018,22.930356238231774,22.937370960336274,26.51828990036325
115.09999999999773,21.98500674313816,22.88242426812005,22.89006252357191,26.52136909999735
115.19999999999773,21.915506068824342,22.83435314748971,22.842608063117925,26.520014234062106
115.29999999999772,21.84595546194191,22.786154993471538,22.795021615313132,26.52188603565901
115.39999999999772,21.776359915747715,22.737840706585075,22.74731581236542,26.51961917587181
115.49999999999771,21.70672392417294,22.689420092515004,22.699502022781203,26.520341988144647
115.5999999999977,21.637051531755645,22.640901971711763,22.651590477752055,26.517243377906187
115.6999999999977,21.56734637858008,22.592294278033982,22.603590384902823,26.516853108398138
115.7999999999977,21.49761174072207,22.543604147528526,22.55551003066507,26.512981327463546
115.89999999999769,21.427850566649862,22.49483799833441,22.507356872413318,26.511503180255776
115.99999999999768,21.358065509984872,22.446001602598102,22.45913762138785,26.506903380232924
116.09999999999768,21.288258958986383,22.39710015119912,22.410858317325353,26.5043624904938
116.19999999999767,21.218433063087744,22.348138312004835,22.362524395626686,26.499073734306453
116.29999999999767,21.14858975677897,22.299120282301526,22.31414074780801,26.49550329522099
116.39999999999766,21.078730781101072,22.250049835984054,22.265711775907008,26.48956431549767
116.49999999999766,21.008857702990962,22.200930366028242,22.217241441448586,26.485010227682885
116.59999999999765,20.938971932691864,22.151764922717668,22.168733309514217,26.478463085459925
116.69999999999764,20.869074739422675,22.102556248049382,22.1201905884045,26.47298498060322
116.79999999999764,20.799167265480406,22.05330680670066,22.071616165335623,26.465876529191856
116.89999999999763,20.729250538932366,22.004018813900586,22.023012638566346,26.459545856141244
116.99999999999763,20.659325485039126,21.954694260516,21.97438234631245,26.451927371086736
117.09999999999762,20.589392936535212,21.90533493563031,21.92572739276991,26.444823708211977
117.19999999999762,20.51945364288169,21.855942446865853,21.877049671535925,26.436749325639205
117.29999999999761,20.44950827859352,21.80651823867539,21.828350886687975,26.42895610077247
117.3999999999976,20.379557450734165,21.75706360880579,21.77963257175518,26.420480744737837
117.4999999999976,20.309601705660747,21.707579723116652,21.73089610679266,26.412081249500805
117.59999999999759,20.23964153509467,21.658067628918296,21.682142733748623,26.403258587603133
117.69999999999759,20.1696773815852,21.608528266977174,21.633373570294943,26.394332782529016
117.79999999999758,20.099709643426678,21.55896248232188,21.584589622274784,26.3852135388178
117.89999999999758,20.02973867908401,21.50937103396968,21.535791794905688,26.375835812804407
117.99999999999757,19.959764811175603,21.45975460368142,21.486980902862477,26.366466574727838
118.09999999999756,19.889788330058042,21.410113803842,21.43815767935204,26.356704405699773
118.19999999999756,19.819809497052237,21.36044918455368,21.389322784280818,26.3471269270213
118.29999999999755,19.74982854734701,21.310761240021055,21.340476811605676,26.33704028359691
118.39999999999755,19.679845692612307,21.26105041429829,21.291620295949883,26.327291210854895
118.49999999999754,19.609861123351074,21.211317106462495,21.24275371855763,26.316932504602647
118.59999999999754,19.539875011015965,21.161561675270466,21.193877512653266,26.30704342640558
118.69999999999753,19.469887509914365,21.111784443350473,21.14499206826479,26.29645783735621
118.79999999999752,19.399898758922927,21.061985700975455,21.09609773656513,26.286455555950475
118.89999999999752,19.329908883030633,21.012165709459534,21.047194833779468,26.275681585805213
118.99999999999751,19.259917994727566,20.962324704215334,20.998283644701996,26.265588524643007
119.09999999999751,19.18992619525481,20.91246289750608,20.949364425861145,26.254658667852112
119.1999999999975,19.119933575729327,20.86258048092286,20.90043740836847,26.244493347961495
119.2999999999975,19.049940218156394,20.812677627614505,20.8515028004828,26.233434803218227
119.39999999999749,18.97994619634075,20.762754494294818,20.80256078991811,26.223212339845507
119.49999999999748,18.909951576706675,20.712811223049226,20.75361154592081,26.21204771080859
119.59999999999748,18.839956419036007,20.66284794296102,20.704655221139404,26.201780297714013
119.69999999999747,18.769960777132404,20.612864771575016,20.655691953307414,26.19052825163387
119.79999999999747,18.699964699419162,20.562861816214955,20.606721866758104,26.180225612889096
119.89999999999746,18.629968229477242,20.512839175169116,20.557745073787924,26.168901480053357
119.99999999999746,18.559971406529517,20.462796938757315,20.508761675883758,26.158571278376993
120.09999999999745,18.489974265876562,20.412735190291073,20.459771764827607,26.147187585033848
120.19999999999744,18.419976839288903,20.3626540069376,20.410775423690946,26.13683578212414
120.29999999999744,18.34997915536001,20.312553460497107,20.36177272772983,26.125402715894282
120.39999999999743,18.279981239824007,20.262433618102094,20.3127637451906,26.11503388447493
120.49999999999743,18.209983115841606,20.212294542846358,20.263748538035223,26.103559695165444
120.59999999999742,18.139984804257445,20.162136294350663,20.214727162594208,26.093177285105615
120.69999999999742,18.0699863238317,20.11195892927137,20.16569967015441,26.08166862603505
120.79999999999741,17.999987691448528,20.061762501757663,20.116666107488204,26.071275188399515
120.8999999999974,17.92998892230367,20.01154706386247,20.06762651732987,26.05973740438943
120.9999999999974,17.859990030073305,19.961312665911617,20.01858093880453,26.049334777980082
121.0999999999974,17.789991027065973,19.911059356835388,19.969529407814306,26.03777214646912
121.19999999999739,17.719991924359377,19.860787184466137,19.920471957386038,26.027361611604405
121.29999999999738,17.64999273192344,19.810496195805353,19.871408617984358,26.01577754318033
121.39999999999738,17.579993458731096,19.760186437263112,19.82233941779362,26.005359947319064
121.49999999999737,17.509994112857985,19.70985795487268,19.77326438297179,25.993757151538183
121.59999999999737,17.439994701572186,19.659510794482678,19.724183537879064,25.98333301102538
121.69999999999736,17.369995231414965,19.60914500192898,19.67509690528383,25.97171363282738
121.79999999999735,17.299995708273467,19.558760623188363,19.626004506548107,25.961283214614845
121.89999999999735,17.22999613744612,19.50835770451565,19.576906361794634,25.949648946029583
121.99999999999734,17.159996523701505,19.457936292565957,19.527802490057397,25.939212332764235
122.09999999999734,17.08999687133135,19.40749643450349,19.478692909417212,25.92756450399788
122.19999999999733,17.019997184198214,19.357038178098183,19.42957763712392,25.917121645414515
122.29999999999733,16.94999746577839,19.306561571811358,19.38045668970651,25.905461298826953
122.39999999999732,16.87999771920055,19.25606666487143,19.331330083072352,25.895012051952232
122.49999999999731,16.809997947280493,19.205553507340678,19.282197832596662,25.883340001912234
122.59999999999731,16.73999815255244,19.155022150173828,19.23305995320315,25.8728841621955
122.6999999999973,16.669998337297198,19.104472645269322,19.18391645943675,25.861201043331988
122.7999999999973,16.599998503567477,19.05390504551392,19.134767365529232,25.85073836847103
122.89999999999729,16.529998653210725,19.00331940482126,19.085612685458347,25.839044674429196
122.99999999999729,16.45999878788965,18.95271577816495,19.036452433001244,25.828574902356323
123.09999999999728,16.389998909100683,18.902094221606724,18.98728662178266,25.816871016813593
123.19999999999727,16.319999018190614,18.85145479232007,18.93811526531841,25.806393879047334
123.29999999999727,16.24999911637155,18.800797548609804,18.888938377054703,25.794680100442445
123.39999999999726,16.179999204734393,18.750122549927926,18.83975597040364,25.784195331789398
123.49999999999726,16.10999928426095,18.69942985688612,18.790568058775282,25.77247189296214
123.59999999999725,16.039999355834855,18.6487195312652,18.741374655606663,25.761979238368134
123.69999999999725,15.96999942025137,18.59799163602176,18.692175774388037,25.75024632209293
123.79999999999724,15.89999947822623,18.547246235292306,18.64297142868662,25.739745541287885
123.89999999999723,15.829999530403605,18.496483394395092,18.593761632168096,25.728003292505026
123.99999999999723,15.759999577363242,18.44570317982986,18.544546398616095,25.71749416295823
124.09999999999722,15.689999619626917,18.394905659275658,18.495325741949866,25.70574269835796
124.19999999999722,15.619999657664225,18.344090901586952,18.4460996762403,25.695225016955263
124.29999999999721,15.549999691897803,18.293258976788124,18.39686821572449,25.683464432446836
124.3999999999972,15.47999972270802,18.242409956066542,18.347631374818942,25.672938016215554
124.4999999999972,15.409999750437217,18.191543911764317,18.298389168131624,25.66116839271225
124.5999999999972,15.339999775393494,18.14066091736887,18.2491416104729,25.650633078849765
124.69999999999719,15.269999797854144,18.089761047502385,18.199888716865527,25.638854486717797
124.79999999999718,15.19999981806873,18.038844377910287,18.150630502553746,25.628310132123733
124.89999999999718,15.129999836261854,17.987910985448803,18.101366983011626,25.616522634575226
124.99999999999717,15.059999852635666,17.936960948071707,18.05209817395067,25.60596911504167
125.09999999999717,14.989999867372099,17.88599434481631,18.002824091326783,25.5941727706965
125.19999999999716,14.919999880634888,17.835011255788785,17.953544751346673,25.58361286247654
125.29999999999715,14.849999892571397,17.784011762148836,17.904260170473744,25.572112693835066
125.39999999999715,14.779999903314256,17.73299594609385,17.854970365433495,25.561557976939287
125.49999999999714,14.709999912982829,17.68196389084252,17.805675353218525,25.550300736060308
125.59999999999714,14.639999921684543,17.630915680618017,17.75637515109314,25.539775180951956
125.69999999999713,14.569999929516088,17.579851400630748,17.707069776597613,25.52873140144844
125.79999999999713,14.499999936564478,17.528771137060748,17.65775924755218,25.518261957348567
125.89999999999712,14.42999994290803,17.47767497703975,17.60844358206068,25.507416161851552
125.99999999999712,14.359999948617224,17.426563008632957,17.55912279851403,25.497028452715224
126.09999999999711,14.2899999537555,17.37543532082056,17.509796915593395,25.486373264752643
126.1999999999971,14.219999958379947,17.32429200347903,17.46046595227322,25.47608990617215
126.2999999999971,14.149999962541951,17.273133147362216,17.41112992782404,25.46562255846131
126.39999999999709,14.079999966287755,17.221958844082287,17.361788861815114,25.455462748523768
126.49999999999709,14.90106794715877,18.13230125709871,18.63857474698468,25.819907352370763
126.59999999999708,15.633029129942685,18.95004085662073,19.791917270013244,26.142422174214847
126.69999999999708,16.284794194448207,19.685989788941445,20.824449941389613,26.427200400598593
126.79999999999707,16.864382752503175,20.34934744840166,21.75773003270247,26.678015762047906
126.89999999999706,17.379012454752647,20.947938836544623,22.592273420292727,26.89826433700615
126.99999999999706,17.83517918677717,21.488534420567692,23.347055057597526,27.091002336747742
127.09999999999705,18.238729245599245,21.97456533677974,24.02106486351774,27.25898015553276
127.19999999999705,18.59492429853911,22.409231570438653,24.63099667760057,27.404673016591158
127.29999999999704,18.908499846184988,22.796242079638432,25.174802669796236,27.53030854161215
127.39999999999704,19.18371783906628,23.139634449224417,25.66713915311722,27.637891549932306
127.49999999999703,19.424414032659442,23.443442702996037,26.10530953399566,27.729226366586854
127.59999999999702,19.63404060689329,23.711491220583405,26.502142376167257,27.805936891117184
127.69999999999702,19.81570452370375,23.947307635145226,26.8545884642476,27.869484653494478
127.79999999999701,19.972202048833168,24.15410205012799,27.173839853989346,27.921185060315246
127.89999999999701,20.10604982144964,24.334776692587596,27.45670852090865,27.962222013583354
127.999999999997,20.219512816804468,24.491947544006482,27.712930150246777,27.993661065749343
128.099999999997,20.31462951262381,24.627969452942587,27.939323402447105,28.016461258010587
128.199999999997,20.39323453886122,24.74496109479236,28.14433844431192,28.031485773965834
128.299999999997,20.456979062474886,24.844828361684684,28.32489311052391,28.03951152736557
128.399999999997,20.50734913372719,24.929285736158917,28.488312463293102,28.041237790729763
128.499999999997,20.545682197854262,24.999875608602952,28.631667361060423,28.037293960863828
128.59999999999698,20.573181955568625,25.057985655985217,28.76130573278855,28.02824654765896
128.69999999999698,20.59093173751155,25.104864450195308,28.874478673045044,28.01460546389682
128.79999999999697,20.599906541260186,25.141635471086648,28.976690892584024,27.996829685988978
128.89999999999696,20.600983864633957,25.169309689338252,29.065383487766237,27.975332348576707
128.99999999999696,20.594953455670353,25.188796869031684,29.14533706233338,27.950485329616882
129.09999999999695,20.582526087603107,25.200915724009377,29.214181620770248,27.922623376912206
129.19999999999695,20.56434145634259,25.206403047335762,29.27607808655345,27.89204782194517
129.29999999999694,20.54097528820812,25.205921920000474,29.328837907785747,27.859029922287228
129.39999999999694,20.512945736887097,25.200069093390212,29.376092847093123,27.82381386972627
129.49999999999693,20.48071914069818,25.189381629859597,29.415824898692495,27.78661949754039
129.59999999999692,20.44471520412815,25.17434287676597,29.451214460000074,27.74764471700275
129.69999999999692,20.40531166121513,25.155387841423863,29.480401598631936,27.707067710193503
129.7999999999969,20.36284847259341,25.132908027432066,29.506181794394983,27.665048903487033
129.8999999999969,20.317631602833856,25.107255786604807,29.52684027634733,27.621732743645964
129.9999999999969,20.26993642005026,25.078748235195846,29.544844120194686,27.577249296260096
130.0999999999969,20.220010755545026,25.047670778154178,29.55861103313827,27.53171568429476
130.1999999999969,20.168077657490315,25.014280280721366,29.570327621033094,27.48523738273667
130.29999999999688,20.114337869241073,24.97880792271264,29.578531986003803,27.43790938372658
130.39999999999688,20.058972059816753,24.941461767264613,29.585170861110647,27.389817245129226
130.49999999999687,20.00214283133487,24.90242907263749,29.588891447677046,27.34103803419613
130.59999999999687,19.94399652570117,24.861878372789516,29.59143497149872,27.291641176811304
130.69999999999686,19.884664850630845,24.819961349862112,29.591547300425677,27.24168922176104
130.79999999999686,19.82426634306755,24.77681451939503,29.590793251573505,27.191238528525005
130.89999999999685,19.762907686260583,24.732560747005692,29.588007798952358,27.140339886236152
130.99999999999685,19.700684895134316,24.68731061339094,29.58460401235958,27.08903907069238
131.09999999999684,19.637684383120675,24.64116364282224,29.57949725525879,27.03737734561474
131.19999999999683,19.5739839223084,24.594209408787044,29.57396978096718,26.985391913727533
131.29999999999683,19.50965350757735,24.546528529063256,29.567009420318797,26.93311632267828
131.39999999999682,19.444756134319405,24.49819356128434,29.559785408235626,26.880580830313846
131.49999999999682,19.379348498387255,24.449269808946724,29.55135085669383,26.827812733377524
131.5999999999968,19.31348162604832,24.399816046815708,29.542777150790403,26.774836663285424
131.6999999999968,19.24720144094328,24.349885173790284,29.533176171148458,26.721674852274944
131.7999999999968,19.180549274348742,24.299524800481223,29.52353441442376,26.668347372888736
131.8999999999968,19.113562324413657,24.248777778031183,29.51301662937627,26.61487235346153
131.9999999999968,19.046274069472084,24.197682674052768,29.502535532165577,26.561266172010413
132.09999999999678,18.978714640024666,24.146274200972766,29.491303391877583,26.507543630689284
132.19999999999678,18.91091115352199,24.094583601542023,29.480168694699493,26.453718112752174
132.29999999999677,18.84288801566958,24.042638995794384,29.468386379192925,26.400453144452793
132.39999999999677,18.77466719160241,23.990465693309826,29.456748942333096,26.3486794089027
132.49999999999676,18.706268449941962,23.938086474251392,29.444549586552597,26.299219960113223
132.59999999999675,18.637709582447556,23.88552184229851,29.432531957899393,26.251901549936612
132.69999999999675,18.569006601702593,23.832790252287104,29.42002351473719,26.205216611788767
132.79999999999674,18.500173919032125,23.779908315085812,29.40772526166458,26.158416301724394
132.89999999999674,18.431224504628705,23.72689098198467,29.394995259153315,26.1114010480987
132.99999999999673,18.362170031665624,23.67375171064507,29.382497296742983,26.065106387169102
133.09999999999673,18.29302100599885,23.62050261445482,29.369616697569402,26.018720671478793
133.19999999999672,18.223786882898754,23.56715459694781,29.35698480192701,25.971863929130738
133.29999999999671,18.15447617210867,23.51371747278184,29.344011134338267,25.92568240054075
133.3999999999967,18.085096532397593,23.460200076618754,29.331298794346402,25.879205786105054
133.4999999999967,18.015654856657623,23.406610361116716,29.318278691748638,25.833589466171105
133.5999999999967,17.946157348491653,23.352955485123303,29.305529423805627,25.787919320106063
133.6999999999967,17.87660959114228,23.299241893049473,29.29250068453206,25.741781975156965
133.7999999999967,17.807016609527842,23.245475386306197,29.27974991142224,25.69449484194758
133.89999999999668,17.73738292607485,23.191661187597546,29.26674316916685,25.64767359261854
133.99999999999667,17.667712610967158,23.1378039987846,29.254019745190295,25.600681167989883
134.09999999999667,17.59800932737023,23.08390805296305,29.2410598235593,25.55324068923769
134.19999999999666,17.528276372133,23.029977161333157,29.228387272599605,25.504355105896416
134.29999999999666,17.45851671241949,22.97601475538282,29.215494283390786,25.455960654608493
134.39999999999665,17.388733018677332,22.922023924852443,29.20289180405169,25.407490541806027
134.49999999999665,17.31892769430939,22.86800745190343,29.190082037631484,25.358694666249452
134.59999999999664,17.249102902378244,22.813967841869914,29.177565319383877,25.309478068999866
134.69999999999663,17.179260589640208,22.75990735093543,29.1648519664065,25.258432605807815
134.79999999999663,17.10940250817598,22.70582801104203,29.15243385241515,25.20790873628404
134.89999999999662,17.039530234858173,22.651731652308587,29.139827588720088,25.15743741862096
134.99999999999662,16.969645188872146,22.59761992320734,29.127518614304734,25.106805540065906
135.0999999999966,16.89974864748472,22.543494308722938,29.11502807481613,25.055925322117872
135.1999999999966,16.82984176023604,22.489356146695638,29.10283690505222,25.00476903244112
135.2999999999966,16.759925561712226,22.435206642530297,29.090469067623534,24.95333730512106
135.3999999999966,16.690000983040793,22.381046882434575,29.07840285316646,24.901643840989877
135.4999999999966,16.620068862236504,22.326877845333396,29.066163349353452,24.84970796444377
135.59999999999658,16.550129953512645,22.272700413592077,29.054228015983327,24.795241669582765
135.69999999999658,16.48018493566117,22.21851538266723,29.042121382514544,24.74137605687501
135.79999999999657,16.410234419594843,22.164323469792688,29.030321866990118,24.687782731051648
135.89999999999657,16.340278955135147,22.110125321796907,29.018351749095835,24.63429882158213
135.99999999999656,16.270319037121425,22.055921522138753,29.006692191548453,24.580843969769397
136.09999999999656,16.200355110909072,22.00171259723979,28.99486150719268,24.527379188893462
136.19999999999655,16.130387577317958,21.947499022183433,28.983345408381183,24.473886592597445
136.29999999999654,16.060416797085953,21.893281225844284,28.97165648072357,24.420359278957662
136.39999999999654,15.990443094877149,21.839059595504636,28.960286830924975,24.3667961609257
136.49999999999653,15.920466762889225,21.784834481009405,28.948741494945345,24.31319924316355
136.59999999999653,15.850488064100094,21.73060619850566,28.937520880006243,24.2595721401034
136.69999999999652,15.780507235189875,21.676375033808334,28.92612056809285,24.20591924483708
136.79999999999652,15.710524489170677,21.62214124542939,28.915051257157828,24.15224525221539
136.8999999999965,15.6405400177534,21.567905067304203,28.90379706754153,24.09855488215914
136.9999999999965,15.570553993477851,21.5136667112454,28.89288108616323,24.044852720108853
137.0999999999965,15.500566571629857,21.459426369151387,28.881773837333732,23.9911431279438
137.1999999999965,15.430577891966662,21.405184214994122,28.871013029018897,23.937430198103876
137.2999999999965,15.360588080269785,21.3509404066082,28.86005330265324,23.883717734426256
137.39999999999648,15.290597249742598,21.296695087301114,28.849449381381472,23.830009249448572
137.49999999999648,15.220605502268128,21.242448387302602,28.83863755582278,23.776307971682836
137.59999999999647,15.150612929541106,21.18820042506911,28.828192151667345,23.72261685869411
137.69999999999646,15.080619614086785,21.13395130845793,28.817528427592375,23.668938613300845
137.79999999999646,15.010625630177897,21.079701135784013,28.807243127257028,23.6152757011747
137.89999999999645,14.940631044659897,21.02544999677115,28.79672754684727,23.561630368747238
137.99999999999645,14.870635917693697,20.97119797340817,28.7866039306965,23.508004660746217
138.09999999999644,14.80064030342412,20.916945140719577,28.776236391365714,23.45440043695797
138.19999999999644,14.730644250581499,20.86269156745923,28.766276068357556,23.40081938799281
138.29999999999643,14.660647803023139,20.808437316734725,28.756056331878575,23.347263049947653
138.39999999999642,14.590651000220616,20.754182446569423,28.746260973702398,23.293732817935815
138.49999999999642,14.520653877698345,20.699927010408388,28.736188671409543,23.240229958501157
138.5999999999964,14.450656467428301,20.645671057573786,28.726560047082213,23.186755620962476
138.6999999999964,14.380658798185262,20.59141463367486,28.71663468169708,23.133310847750177
138.7999999999964,14.310660895866526,20.53715778097696,28.707174693878066,23.07989658380531
138.8999999999964,14.240662783779664,20.482900538733784,28.69739563841271,23.026513685113713
138.9999999999964,14.170664482901488,20.428642943486487,28.688106362764437,22.973162926447397
139.09999999999638,14.10066601211113,20.374385029332913,28.678472856895628,22.919845008382634
139.19999999999638,14.030667388399808,20.32012682817005,28.66935658594436,22.866560563660336
139.29999999999637,13.960668627059619,20.265868369912294,28.65986773022739,22.813310162949882
139.39999999999637,13.890669741853447,20.211609682687975,28.650927023380998,22.76009432007281
139.49999999999636,13.820670745167893,20.157350793016313,28.641581771685583,22.70691349673819
139.59999999999636,13.750671648150895,20.10309172596678,28.632819513350498,22.653768106836896
139.69999999999635,13.680672460835597,20.048832505302588,28.62361666396298,22.600658520337706
139.79999999999634,13.610673192251829,19.99457315360992,28.615036132091774,22.547585066824208
139.89999999999634,13.540673850526435,19.94031369241434,28.605974318049654,22.49454803870768
139.99999999999633,13.470674442973582,19.886054142285616,28.597579265966353,22.44154769414783
140.09999999999633,13.400674976176015,19.831794522932174,28.58865694539201,22.388584259710047
140.19999999999632,13.330675456058204,19.777534853286177,28.580451700415885,22.335657932785047
140.29999999999632,13.260675887952175,19.723275151580175,28.571667147923343,22.28276888379426
140.3999999999963,13.190676276656749,19.669015435416185,28.56365673118123,22.229917258201905
140.4999999999963,13.120676626490866,19.61475572182795,28.55500803187987,22.177103178352613
140.5999999999963,13.05067694134157,19.560499865289685,28.54719830480728,22.12431784280103
140.6999999999963,12.980677224707202,19.506249609294745,28.538683353070702,22.071557288375516
140.7999999999963,12.910677479736274,19.452005352260507,28.531081197500775,22.018820270180736
140.89999999999628,12.840677709262437,19.397766705028594,28.522697703573694,21.966107087082143
140.99999999999628,12.770677915835982,19.343532857019845,28.51531124404025,21.913418904586198
141.09999999999627,12.700678101752175,19.28930280326847,28.50705675280621,21.86075735349917
141.19999999999627,12.630678269076748,19.239169399859694,28.49989563174934,21.808120172146225
141.29999999999626,12.560678419668864,19.194085228639963,28.491767559675502,21.75551365752383
141.39999999999625,12.49067855520177,19.155382414365043,28.48484327855022,21.70294137802785
141.49999999999625,12.420678677181384,19.123692353620715,28.476838977061387,21.650403397959966
141.59999999999624,12.350678786963035,19.09902733156889,28.47016531861179,21.597898445146612
141.69999999999624,12.280678885766521,19.081042616594285,28.46228217498,21.54542557181799
141.79999999999623,12.21067897468966,19.06922175344255,28.455875723371793,21.49298488113463
141.89999999999623,12.140679054720485,19.05926975317704,28.44811131354682,21.440577675085176
141.99999999999622,12.070679126748228,19.048240919529963,28.441992087827355,21.388216177989875
142.09999999999621,12.000679191573195,19.03806573518659,28.4343443989866,21.335914248925413
142.1999999999962,11.930679249915665,19.03024834538028,28.428536607409622,21.283681195177227
142.2999999999962,11.860679302423888,19.022133795289893,28.421004349919595,21.23151571242319
142.3999999999962,11.79067934968129,19.011556788718234,28.415537249223327,21.179422661215508
142.4999999999962,11.72067939221295,19.00080651286634,28.408120274506118,21.12741277968911
142.5999999999962,11.650679430491447,18.99148401522085,28.403029060365196,21.07549617642069
142.69999999999618,11.580679464942092,18.98448423093766,28.395728884177082,21.023678382952543
142.79999999999617,11.510679495947674,18.97717202412308,28.391055406601122,20.971946751122605
142.89999999999617,11.440679523852697,18.96734532270835,28.38387578674858,20.920298768020988
142.99999999999616,11.37067954896722,18.95405260506699,28.37966859333784,20.86873068793685
143.09999999999616,11.300679571570289,18.939651775187183,28.37261598349043,20.81725517010683
143.19999999999615,11.230679591913052,18.92568726860788,28.36892857628836,20.765889877220648
143.29999999999615,11.160679610221537,18.913126640864547,28.36201198204162,20.714647561791644
143.39999999999614,11.090679626699174,18.90011398388238,28.358896927777526,20.663507084224147
143.49999999999613,11.020679641529048,18.884747498754315,28.352126053143156,20.6124567332131
143.59999999999613,10.950679654875934,18.86626554749412,28.349620319681723,20.561484865645777
143.69999999999612,10.880679666888133,18.844525197804856,28.342999656626215,20.51057953030692
143.79999999999612,10.81067967769911,18.8212590530744,28.34109342637946,20.459761496011872
143.8999999999961,10.740679687428988,18.797769494866802,28.334608074667965,20.409060802640422
143.9999999999961,10.67067969618588,18.773649828370406,28.333188784695924,20.35845932452766
144.0999999999961,10.600679704067083,18.74761637720393,28.326776929245455,20.30794179348431
144.1999999999961,10.530679711160166,18.719222671421505,28.325554911671308,20.257492977963516
144.2999999999961,10.46067971754394,18.68842232795252,28.319068596619193,20.207098941443178
144.39999999999608,10.390679723289336,18.655928563469338,28.3175360333135,20.15679060681811
144.49999999999608,10.320679728460194,18.62240342689634,28.310715288798185,20.106558498507795
144.59999999999607,10.250679733113966,18.587287239334326,28.30822732032307,20.056390643515552
144.69999999999607,10.180679737302361,18.55044462462892,28.300734483633903,20.006274731957873
144.79999999999606,10.110679741071916,18.511920526313624,28.296714000100625,19.956200025057544
144.89999999999606,10.040679744464514,18.471827879009698,28.28823471503041,19.906158217973946
144.99999999999605,9.970679747517853,18.430299494276575,28.282347499514913,19.856143533779555
145.09999999999604,9.900679750265859,18.387468351778494,28.272685768522006,19.80615242499801
145.19999999999604,9.830679752739064,18.343460002254112,28.26486779859162,19.756183136037755
145.29999999999603,9.760679754964949,18.298390047384263,28.25397181724324,19.706235261052846
145.39999999999603,9.690679756968244,18.25236371294858,28.244350611847814,19.6563093562458
145.49999999999602,9.62067975877121,18.205476256251227,28.23228127211012,19.606406624880247
145.59999999999602,9.55067976039388,18.15781367738326,28.22108090950961,19.55652867372973
145.699999999996,9.480679761854283,18.109453511894852,28.207964350812713,19.506677331660207
145.799999999996,9.410679763168647,18.06046561319222,28.19543756809361,19.456854518803674
145.899999999996,9.340679764351574,18.01091288874194,28.181426514960876,19.407062155217513
145.999999999996,9.270679765416206,17.960851978020806,28.167817126912734,19.35730209942933
146.099999999996,9.200679766374376,17.910333870308996,28.153066494936596,19.307576109046718
146.19999999999598,9.13067976723673,17.85940446465103,28.138592589993383,19.257885817300604
146.29999999999598,9.060679768012848,17.80810507594214,28.123246577259785,19.208232720845707
146.39999999999597,8.990679768711354,17.756472891590263,28.108095371422866,19.15861817532723
146.49999999999596,8.920679769340008,17.70454138319627,28.092281909184344,19.109043396154433
146.59999999999596,8.850679769905797,17.652340677474434,28.076610343471053,19.059509462635283
146.69999999999595,8.78067977041501,17.599897890331594,28.060439706473453,19.010017324161883
146.79999999999595,8.710679770873298,17.547237427696757,28.044377491978864,18.960567807531927
146.89999999999594,8.64067977128576,17.49438125637103,28.027943031143096,18.911161624779602
146.99999999999594,8.570679771656975,17.44134914786221,28.01159645894193,18.86179938109653
147.09999999999593,8.500679771991068,17.38815889788509,27.994976279789306,18.812481582570673
147.19999999999592,8.430679772291752,17.334826523948305,27.978432000968144,18.763208643574444
147.29999999999592,8.360679772562367,17.28136644321125,27.961690951480847,18.71398089370497
147.3999999999959,8.290679772805921,17.227791632579493,27.94501939266742,18.66479858422824
147.4999999999959,8.22067977302512,17.17411377281202,27.92821103794502,18.615661894011552
147.5999999999959,8.1506797732224,17.120343378237713,27.911469345088506,18.56657093495004
147.6999999999959,8.08067977339995,17.066489913519355,27.894637779907576,18.51752575690648
147.7999999999959,8.010679773559746,17.01256189876026,27.87787228920969,18.468526352191468
147.89999999999588,7.940679773703562,16.958567004119324,27.861053732263294,18.41957265961543
147.99999999999588,7.870679773832997,16.90451213498398,27.844302011983043,18.37066456814566
148.09999999999587,7.800679773949488,16.850403508645694,27.82752617290303,18.32180192020179
148.19999999999587,7.73067977405433,16.796246723328164,27.81081869453199,18.272984514622244
148.29999999999586,7.660679774148688,16.74204682033348,27.794109927378837,18.224212109332832
148.39999999999586,7.59067977423361,16.687808339994902,27.777471425425492,18.175484423746774
148.49999999999585,7.52067977431004,16.633535372055977,27.760849691719407,18.126801140923604
148.59999999999584,7.450679774378827,16.57923160103376,27.744300266106634,18.07816190951236
148.69999999999584,9.308733854389464,17.251631017868785,27.209200914392326,18.875566063750433
148.79999999999583,10.974004151984282,17.852291704550908,26.723119015309138,19.588384297412944
148.89999999999583,12.46575971435581,18.388387054697873,26.281150433114597,20.22509802676611
148.99999999999582,13.801348204457575,18.866373079174874,25.878882711853926,20.79334198295378
149.09999999999582,14.996384820653914,19.292060143336368,25.51234542001608,21.29998463717783
149.1999999999958,16.064924326082945,19.67067751998171,25.177965653900674,21.751203581687648
149.2999999999958,17.01961659821413,20.00693148333771,24.872528101947225,22.152554678830214
149.3999999999958,17.871846899562723,20.30505759270175,24.593139168652144,22.509034782690676
149.4999999999958,18.63186223535842,20.568867747732376,24.33719472644154,22.825138300951615
149.5999999999958,19.308885127250917,20.80179253849288,24.102351117696507,23.104908056062087
149.69999999999578,19.911216035562774,21.00691936081914,23.88649907285631,23.351980962272847
149.79999999999578,20.446325553343115,21.187026720473487,23.687740247355862,23.569629029607373
149.89999999999577,20.920937388973247,21.344615107203126,23.50436611191734,23.76079617316646
149.99999999999577,21.341103055052407,21.481934781726896,23.334838958518677,23.92813126384129
150.09999999999576,21.712269090837253,21.6010107843905,23.17777480892436,24.07401781280553
150.19999999999575,22.039337563482803,21.703665443374728,23.031928034490733,24.20060064071084
150.29999999999575,22.326720519197334,21.791538632570198,22.89617751542696,24.309809844698556
150.39999999999574,22.57838898853301,21.866106004237935,22.76951418510227,24.403382342474224
150.49999999999574,22.797917089739016,21.92869539907896,22.651029820584686,24.482881242610024
150.59999999999573,22.988521719788164,21.980501616088233,22.539906954582822,24.549713263600967
150.69999999999573,23.153098273780774,22.022599706342383,22.435409796517135,24.605144400616542
150.79999999999572,23.29425278940928,22.05595693846445,22.33687606172407,24.650314017987114
150.8999999999957,23.457827510468356,22.345361294718206,22.598188505651862,24.6802826662886
150.9999999999957,23.598044759421523,22.600836719537327,22.828381960216998,24.702266954945927
151.0999999999957,23.71724028347937,22.825799428638497,23.03059241263144,24.717089662987973
151.1999999999957,23.817516255131434,23.023324677199213,23.20764294341739,24.72549199332266
151.2999999999957,23.90076462961829,23.19617673759415,23.362070904199488,24.72813761908708
151.39999999999569,23.968688166656463,23.346839028677252,23.496155520171612,24.725619465586423
151.49999999999568,24.02281934999082,23.477542497415932,23.611943994439407,24.718467075155772
151.59999999999567,24.064537414991737,23.59029156973438,23.711275408498395,24.70715364187309
151.69999999999567,24.095083673492564,23.68688754900605,23.795802275800124,24.69210238609537
151.79999999999566,24.115575306143306,23.768949581594878,23.867009847736735,24.67369219962482
151.89999999999566,24.132007677926218,23.837933397965827,23.926233362107908,24.652262599768733
151.99999999999565,24.144806218969524,23.895151886566943,23.974675339095203,24.62811932474398
152.09999999999565,24.154325259134573,23.941786043458094,24.013417349101594,24.601536811814565
152.19999999999564,24.160911019258762,23.97889833309695,24.04343230044902,24.572761528474096
152.29999999999563,24.164856241544097,24.007444670536803,24.065595455507804,24.54201492383021
152.39999999999563,24.166438408299694,24.02828517048818,24.080694296338713,24.50949603546507
152.49999999999562,24.16591943313948,24.04219378748638,24.089437378581355,24.47538380972086
152.59999999999562,24.163545386272652,24.049866999531467,24.09246228477629,24.439839170435146
152.6999999999956,24.159521952163868,24.051931592080077,24.090342762538352,24.40300686288607
152.7999999999956,24.15402394699423,24.048951645614128,24.08359513080343,24.365017096550325
152.8999999999956,24.147193848950565,24.041434814758894,24.072684037929157,24.325987016035995
152.9999999999956,24.13914163404155,24.029837969693336,24.05802763629961,24.28602201779524
153.0999999999956,24.129948091555494,24.014572265511553,24.04000223372444,24.245216929948498
153.19999999999558,24.119676111414936,23.99600769998503,24.018946476316504,24.203657070929896
153.29999999999558,24.108398057249218,23.97447721766071,23.995165113614057,24.16141920199704
153.39999999999557,24.096250334340958,23.95028041942872,23.968932394902904,24.11857238921267
153.49999999999557,24.083519891961952,23.92368694116948,23.94049514570476,24.07517879211223
153.59999999999556,24.07073297771568,23.894939565438353,23.91423828840123,24.031294396518632
153.69999999999555,24.057724630358667,23.864257322243986,23.89007903421782,23.986969723502856
153.79999999999555,24.044296723742118,23.831837223311574,23.8697932151847,23.942250203203148
153.89999999999554,24.03025510757789,23.797856399880256,23.855086256034223,23.8971766671302
153.99999999999554,24.01550158616234,23.762474049114278,23.846706800395665,23.851785799628498
154.09999999999553,24.000188117513915,23.725833255545574,23.844693551685157,23.80611056767663
154.19999999999553,23.984854452364345,23.688062762001476,23.84502791378447,23.760180650244173
154.29999999999552,23.97038062422663,23.649278702872294,23.845519857647293,23.714022868444882
154.39999999999552,23.956285627348834,23.60958669193281,23.844102933724315,23.667661628865766
154.4999999999955,23.938823771823227,23.56908099109916,23.83942213683318,23.62111875583801
154.5999999999955,23.921594151533363,23.52784412625559,23.830893320692724,23.574413013432913
154.6999999999955,23.90087867684566,23.48595227403851,23.818455758205957,23.527562029214558
154.7999999999955,23.880512443795165,23.443471679884794,23.805291343098762,23.48058079431631
154.8999999999955,23.861454918010796,23.400464061696354,23.792882007628187,23.43348360222493
154.99999999999548,23.838159506905853,23.356986288823467,23.78006212898183,23.386283635715902
155.09999999999548,23.815032266367968,23.313084794995678,23.765250829198234,23.33899134190607
155.19999999999547,23.787240898776208,23.26880472211791,23.747672015973635,23.2916171342234
155.29999999999546,23.75973806732602,23.22418291532135,23.727114706885136,23.244169166104534
155.39999999999546,23.733047496310487,23.179255814658912,23.705712810580366,23.196655866564697
155.49999999999545,23.702028808664874,23.13405692877707,23.682910552993167,23.149085003384563
155.59999999999545,23.671484844408578,23.08861232752429,23.65799605151269,23.10146227849245
155.69999999999544,23.63753051983502,23.042948730966945,23.630772113794787,23.053793893635603
155.79999999999544,23.60443297567266,22.997087564112746,23.60130573919092,23.006084505889042
155.89999999999543,23.568830549106124,22.951050636741012,23.569777199265395,22.95833923074004
155.99999999999542,23.534373107875833,22.904855672291113,23.536397894084608,22.910561922818093
156.09999999999542,23.49790095617722,22.858520545421634,23.502091055090386,22.862756826363352
156.1999999999954,23.458593697882147,22.812059761800917,23.46696476342762,22.81492708647406
156.2999999999954,23.41636956934672,22.765484908488915,23.430612092552014,22.767075193335224
156.3999999999954,23.375375957520177,22.71880643584651,23.392950628832313,22.719203315086457
156.4999999999954,23.33247375332709,22.672036367871428,23.354048430641956,22.67131432949737
156.5999999999954,23.291035635552998,22.625183788053164,23.314027301210878,22.623410143425005
156.69999999999538,23.248231624318294,22.578258635223353,23.273020638580753,22.575493196790283
156.79999999999538,23.203213399822474,22.53126858456487,23.23115269689945,22.527565108501943
156.89999999999537,23.155842982955523,22.484219107543716,23.188533050036746,22.479627007880232
156.99999999999537,23.10626216027447,22.437115156899218,23.14525606004138,22.431679843366563
157.09999999999536,23.054651781370655,22.38996088643129,23.10140229600936,22.383724411204078
157.19999999999536,23.001208565493815,22.34276008360475,23.057040496125676,22.335761419953574
157.29999999999535,22.94611040315464,22.295516071696603,23.01222951021661,22.28779149262957
157.39999999999534,22.889523052380323,22.248231850292566,22.967019992331135,22.239815187159035
157.49999999999534,22.83159443768562,22.200910085655558,22.921455808720793,22.191833000529186
157.59999999999533,22.772458978096772,22.153553171165893,22.87557517433686,22.14384537846946
157.69999999999533,22.712237114705502,22.106163242550863,22.829411565451753,22.095852720123467
157.79999999999532,22.651037599264516,22.058742211791117,22.78299444960439,22.047855383951873
157.89999999999532,22.588958127962464,22.013085323085523,22.736349873918364,21.999853691833188
157.9999999999953,22.526086733266297,21.969545544182804,22.689500942280112,21.951847933202004
158.0999999999953,22.462502587039644,21.92945609066237,22.64246820697067,21.903838368393373
158.1999999999953,22.398276976444933,21.89179554345941,22.595269993295695,21.85582523175686
158.2999999999953,22.333474041987962,21.854720112340626,22.547922671907887,21.807808734333445
158.3999999999953,22.268151520178378,21.818985040126158,22.500440889540318,21.759789066281748
158.49999999999528,22.202361368292777,21.784185887221007,22.452837766489978,21.71176639901707
158.59999999999528,22.136150351002637,21.750791658019022,22.405125067057046,21.663740887134878
158.69999999999527,22.069560554780093,21.718336299910092,22.357313347779318,21.615712670124825
158.79999999999526,22.002629858422797,21.687179755501692,22.30941208716192,21.567681873909592
158.89999999999526,21.93539235231349,21.65682991853252,22.26142979983148,21.51964861222278
158.99999999999525,21.86787871810192,21.625832375943475,22.213374137424037,21.471612987846246
159.09999999999525,21.80011656910977,21.595241415049028,22.165251978075677,21.4235750937206
159.19999999999524,21.732130757424578,21.566528390444315,22.117069506035246,21.375535013943065
159.29999999999524,21.66394364987771,21.538890517853833,22.068832282659052,21.32749282466409
159.39999999999523,21.595575376651112,21.510643593723138,22.020545309840447,21.27944859489351
159.49999999999523,21.527044054897107,21.482661730599087,21.972213086767148,21.231402387225387
159.59999999999522,21.45836599006662,21.45466947788927,21.923839660769588,21.183354258489977
159.6999999999952,21.38955585706532,21.42720511568776,21.875428672919444,21.13530426034021
159.7999999999952,21.32062686331602,21.399923845728726,21.82698339895156,21.087252439779327
159.8999999999952,21.251590895502673,21.371504200414506,21.778506786011103,21.03919883963568
159.9999999999952,21.182458651646748,21.343051396123236,21.730001485667614,20.991143498989963
160.0999999999952,21.11323975997216,21.31604212725776,21.681469883586377,20.943086453559705
160.19999999999519,21.04394288588587,21.28978037301866,21.632914126203485,20.895027736045353
160.29999999999518,20.9745758282592,21.26264023880576,21.58433614471282,20.846967376441732
160.39999999999517,20.905145606081703,21.23548343022828,21.535737676639858,20.798905402318443
160.49999999999517,20.835658536449266,21.209766922314707,21.48712028524779,20.750841839072226
160.59999999999516,20.766120304753613,21.184740203912042,21.43848537699594,20.702776710154197
160.69999999999516,20.696536027852755,21.1587447926668,21.389834217247227,20.65471003727438
160.79999999999515,20.626910310924426,21.132598757957354,21.341167944401445,20.606641840585883
160.89999999999515,20.5572472986342,21.106123598260076,21.292487582612704,20.558572138850717
160.99999999999514,20.487550721186743,21.079800381247583,21.243794053233515,20.5105009495891
161.09999999999513,20.417823935772002,21.05338890257757,21.195088185113292,20.462428289213932
161.19999999999513,20.348069963866728,21.027223383686824,21.146370723866273,20.41435417315185
161.29999999999512,20.278291524805873,21.00103602819444,21.097642340212147,20.366278615952307
161.39999999999512,20.20849106599684,20.973516752338192,21.048903637482347,20.31820163138579
161.4999999999951,20.138670790112307,20.945653444443018,21.000155158375524,20.270123232532306
161.5999999999951,20.068832679563787,20.918889013277365,20.95139739103745,20.222043431861092
161.6999999999951,19.998978518527803,20.8926573105757,20.902630774532902,20.17396224130244
161.7999999999951,19.929109912769476,20.86691327451372,20.85385570377044,20.125879672312422
161.8999999999951,19.85922830748374,20.841302735412537,20.80507253393477,20.077795735931215
161.99999999999508,19.789335003352438,20.81440463399912,20.756281584476003,20.029710442835682
162.09999999999508,19.719431170995705,20.787070809277914,20.70748314270012,19.981623803386782
162.19999999999507,19.64951786397824,20.76072785892116,20.658677467000498,19.933535827672312
162.29999999999507,19.57959603051491,20.734729471024327,20.609874163764637,19.88544652554545
162.39999999999506,19.50966652400583,20.70752158937583,20.56108557854794,19.83735590665956
162.49999999999505,19.43973011251793,20.67987693584257,20.512286230453967,19.789263980499562
162.59999999999505,19.369787487318334,20.653131189940655,20.46344843912493,19.741170756410273
162.69999999999504,19.299839270554468,20.626693394469733,20.414587502129933,19.693076243622002
162.79999999999504,19.229886022166088,20.599026368319233,20.365720451944902,19.644980451273646
162.89999999999503,19.15992824610615,20.570858440039387,20.316827391713314,19.59688338843359
162.99999999999503,19.08996639593959,20.543503555345367,20.26788493115412,19.54878506411859
163.09999999999502,19.02000087988221,20.51643422648668,20.218909155604482,19.500685487310854
163.19999999999501,18.95003206533569,20.488132813399616,20.169918088466076,19.452584666973507
163.299999999995,18.8800602829691,20.459275665819842,20.12089449506644,19.4044826120646
163.399999999995,18.810085830392268,20.43115206014969,20.071817344373393,19.3563793315498
163.499999999995,18.74010897546179,20.40330450596477,20.022702269592276,19.308274834413893
163.599999999995,18.670129959256467,20.374236543383155,19.97356721658544,19.26016912967125
163.699999999995,18.600148998755188,20.344563539322753,19.92439681561716,19.212062226375313
163.79999999999498,18.53016628924702,20.315547422682684,19.87517189924689,19.163954133627232
163.89999999999498,18.460182006500315,20.286807703134055,19.825907218916758,19.11584486058374
163.99999999999497,18.390196308714874,20.258026429980426,19.776589950127207,19.067734416464294
164.09999999999496,18.32020933827893,20.229113055953846,19.727235306707545,19.019622810557657
164.19999999999496,18.250221223350405,20.199928031046394,19.677831766503132,18.971510052227853
164.29999999999495,18.18023207928007,20.170487375007752,19.62839365570312,18.92339615091965
164.39999999999495,18.110242009892367,20.14069027880254,19.578909636814494,18.875281116163592
164.49999999999494,18.040251108638166,20.110612629837505,19.52939302226074,18.827164957580596
164.59999999999494,17.97025945963226,20.08014017517908,19.479832654274475,18.779047684886216
164.69999999999493,17.900267138587072,20.049396235244707,19.430240971626986,18.730929307894556
164.79999999999492,17.830274213653027,20.018232820966084,19.38060718615222,18.682809836521887
164.89999999999492,17.760280746174903,19.986818297719225,19.330942994272547,18.63468928079001
164.9999999999949,17.690286791372497,19.95496215803827,19.28123813057432,18.586567650829373
165.0999999999949,17.62029239895327,19.922878721758913,19.23150362675632,18.53844495688197
165.1999999999949,17.550297613663727,19.890330292624384,19.181729829584086,18.49032120930406
165.2999999999949,17.480302475785628,19.858387423220048,19.131907194035552,18.442196418568688
165.3999999999949,17.41030702158263,19.82685551390341,19.082046633090275,18.39407059526809
165.49999999999488,17.34031128370222,19.794255588643736,19.032161810055158,18.34594375011592
165.59999999999488,17.270315291537504,19.760758439597943,18.982245759468025,18.297815893949387
165.69999999999487,17.20031907155276,19.727479840993645,18.932289041619015,18.24968703773125
165.79999999999487,17.130322647576506,19.694480884389545,18.882300434267847,18.20155719255173
165.89999999999486,17.060326041065213,19.660413467706856,18.832291685235198,18.153426369630335
165.99999999999486,16.990329271340674,19.62538452603083,18.782255976339222,18.10529458031761
166.09999999999485,16.920332355803634,19.590469483611457,18.732184551209063,18.057161836096803
166.19999999999484,16.850335310126056,19.555872051017644,18.682084563601183,18.00902814858545
166.29999999999484,16.780338148424164,19.520770772757935,18.631951479331544,17.960893529536957
166.39999999999483,16.710340883414197,19.485645236745086,18.581792491750548,17.91275799084209
166.49999999999483,16.64034352655258,19.44982034897526,18.53160375387304,17.86462154453043
166.59999999999482,16.570346088162072,19.41389037078313,18.48139172833584,17.81648420277179
166.69999999999482,16.50034857754532,19.377184460947497,18.43115270558139,17.768345977877605
166.7999999999948,16.430351003087065,19.34037728483592,18.38089236012518,17.720206882302282
166.8999999999948,16.3603533723461,19.30275145959317,18.330607209594177,17.67206692864452
166.9999999999948,16.290355692138075,19.265248176901547,18.280294646692976,17.623926129648616
167.0999999999948,16.220357968609996,19.228246471452252,18.229958742349876,17.575784498205753
167.1999999999948,16.15036020730729,19.190429565240127,18.179605665349637,17.527642047355258
167.29999999999478,16.080362413234177,19.15141736791916,18.12923322388631,17.47949879028585
167.39999999999478,16.010364590907987,19.112152275306062,18.078839050605403,17.431354740336875
167.49999999999477,15.940366744408058,19.073301569205206,18.02842597069454,17.383209910999547
167.59999999999476,15.870368877419763,19.033686538205515,17.977998638404607,17.33506431591814
167.69999999999476,15.800370993274123,18.99280104913086,17.927555133231802,17.286917968891206
167.79999999999475,15.73037309498346,18.95153226777468,17.877093933058028,17.23877088387279
167.89999999999475,15.660375185273505,18.91073988233453,17.82661680146856,17.190623074973608
167.99999999999474,15.590377266612292,18.869024123573304,17.776123946194517,17.14247455646225
168.09999999999474,15.520379341236158,18.827504093676115,17.72561672135678,17.094325342766375
168.19999999999473,15.450381411173161,18.784886362538774,17.67509558544058,17.0461754484739
168.29999999999472,15.380383478264168,18.742413804412678,17.624561479609618,16.998024888334186
168.39999999999472,15.31038554418181,18.698763827188056,17.57401503544204,16.949873677259227
168.4999999999947,15.24038761044758,18.655279750557323,17.52345679585249,16.90172183032485
168.5999999999947,15.170389678447208,18.610563388229373,17.472887647254264,16.8535693627719
168.6999999999947,15.100391749444503,18.56605578591181,17.42230774550071,16.805416290007443
168.7999999999947,15.030393824593833,18.52100322078087,17.37171800216104,16.757262627605964
168.8999999999947,14.960395904951346,18.474413825068805,17.321118358548965,16.709108391310565
168.99999999999469,14.890397991485077,18.426973498853666,17.270510555807085,16.660953597034176
169.09999999999468,14.820400085084065,18.380196228839296,17.21989424923303,16.61279826086076
169.19999999999467,14.750402186566546,18.332151786883266,17.169271604233366,16.56464239904654
169.29999999999467,14.680404296687346,18.284570639821872,17.11864147366711,16.516486028021212
169.39999999999466,14.610406416144532,18.23670504474481,17.068002613559997,16.468329164389175
169.49999999999466,14.540408545585422,18.18716557335634,17.017356150919003,16.420171824930765
169.59999999999465,14.470410685611977,18.136549314241968,16.96670577037589,16.372014026603498
169.69999999999465,14.400412836785684,18.086721825726585,16.916050409694083,16.32385578654331
169.79999999999464,14.330414999631941,18.036844939585745,16.865387751180617,16.27569712206581
169.89999999999463,14.260417174644019,17.98520468863443,16.814719517142358,16.227538050667555
169.99999999999463,14.190419362286637,17.933932880476437,16.764044794709847,16.17937859002729
170.09999999999462,14.12042156299919,17.88092762324237,16.713366161502524,16.131218758007265
170.19999999999462,14.050423777198652,17.82848332493403,16.662682616065528,16.08305857265447
170.2999999999946,13.980426005282208,17.77609533710057,16.611991932022647,16.034898052201967
170.3999999999946,13.910428247629623,17.721775602572546,16.56129597493149,15.986737215070175
170.4999999999946,13.840430504605399,17.667938065670736,16.510594163842985,15.93857607986817
170.5999999999946,13.770432776560705,17.612168300937256,16.459889334205755,15.89041466539502
170.6999999999946,13.700435063835135,17.55709868312647,16.409180821700343,15.8422529906411
170.79999999999458,13.630437366758308,17.502307730046656,16.35846615371461,15.794091074789428
170.89999999999458,13.560439685651296,17.44540807087236,16.307747261672752,15.745928937217018
170.99999999999457,13.490442020827945,17.389157984532023,16.257023640999556,15.697766597496225
171.09999999999457,13.420444372596062,17.333273673761312,16.20629319958166,15.649604075396114
171.19999999999456,13.350446741258487,17.275139569753183,16.155557733743635,15.601441390883835
171.29999999999455,13.280449127114087,17.217718578510826,16.10481705254162,15.553278564126005
171.39999999999455,13.210451530458652,17.16077251903854,16.054069340249917,15.505115615490102
171.49999999999454,13.140453951585716,17.104288320721032,16.00331288412045,15.456952565545869
171.59999999999454,13.070456390787307,17.045335976076775,15.952551049048267,15.408837547161777
171.69999999999453,13.00045884835464,16.987089504501117,15.901786235645371,15.360801242999894
171.79999999999453,12.930461324578745,16.92939697329897,15.851018692101782,15.31286104134437
171.89999999999452,12.860463819751061,16.872256108324397,15.800247398104617,15.26502500000555
171.99999999999451,12.790466334163966,16.812362604978244,15.749472768701162,15.217294542112654
172.0999999999945,12.72046886811129,16.753238943060857,15.69869493289693,15.169666851492117
172.1999999999945,12.650471421888769,16.694756988170017,15.647912732168132,15.122136792404376
172.2999999999945,12.58047399579449,16.636907574252096,15.597124569033825,15.07966915872285
172.3999999999945,12.510476590129297,16.57969617888879,15.546328155425304,15.043788668344101
172.4999999999945,12.440479205197176,16.523113830613934,15.4955208297507,15.0165716668294
172.59999999999448,12.370481841305615,16.46713484784442,15.444702162360912,14.999105784022223
172.69999999999447,12.300484498765957,16.411721493574934,15.393873582652121,14.98654593718803
172.79999999999447,12.23048717789372,16.35682910285006,15.343036467571558,14.97618348236413
172.89999999999446,12.160489879008914,16.302409870519693,15.292192819650124,14.970710606773286
172.99999999999446,12.090492602436353,16.248416000489694,15.24134578348453,14.967029648278961
173.09999999999445,12.02049534850594,16.194801712564196,15.190497363328774,14.967793493714971
173.19999999999445,11.950498117552954,16.14152393920411,15.13965125671204,14.974824960945996
173.29999999999444,11.880500909918332,16.088543118277293,15.088811681915518,14.983900271995457
173.39999999999444,11.810503725948939,16.035823323036187,15.037979011924154,14.992528491307803
173.49999999999443,11.740506565997839,15.983331730963094,14.987154441232576,14.998786565474814
173.59999999999442,11.670509430424563,15.931038696977687,14.936338104005724,15.006551550614445
173.69999999999442,11.60051231959537,15.878917487683038,14.885532491395102,15.018347838025772
173.7999999999944,11.530515233883518,15.826944334695762,14.834743190771528,15.03572540213441
173.8999999999944,11.46051817366952,15.775098399877582,14.783975420225612,15.054305683591684
173.9999999999944,11.390521139341415,15.723361355044226,14.733227366490578,15.071677752360209
174.0999999999944,11.320524131295034,15.67171658314857,14.682498688887797,15.090856473493151
174.1999999999944,11.25052714993428,15.620149212703833,14.631793346443853,15.109077307663489
174.29999999999438,11.180530195671388,15.568646264535454,14.58111048021696,15.129239325468665
174.39999999999438,11.110533268927213,15.51719609990486,14.53045441654306,15.153409768505613
174.49999999999437,11.040536370131514,15.465788637631707,14.47983074947141,15.177651608733768
174.59999999999437,10.97053949972324,15.41441520020891,14.429235594990306,15.199628790329339
174.69999999999436,10.900542658150828,15.363067802463,14.378666108021072,15.222548260221725
174.79999999999436,10.83054584587251,15.31173922371099,14.328125644662226,15.24381636929839
174.89999999999435,10.760549063356622,15.260423294910685,14.277611757534583,15.266428744409234
174.99999999999434,10.690552311081921,15.209114446380253,14.227128826609825,15.292539593739061
175.09999999999434,10.620555589537922,15.157808013733868,14.176683174522736,15.318331971109975
175.19999999999433,10.550558899225232,15.106500166517513,14.126269177144508,15.341502707903494
175.29999999999433,10.480562240655898,15.055187228696223,14.075882013612388,15.365301286652484
175.39999999999432,10.41056561435377,15.003865782856119,14.025524985030863,15.392059705916495
175.49999999999432,10.340569020854876,14.952533045767801,13.975204793967595,15.418161940244598
175.5999999999943,10.270572460707802,14.901186885064243,13.924915127822088,15.441350110074193
175.6999999999943,10.200575934474095,14.849825154590008,13.874650001707693,15.464945155732714
175.7999999999943,10.130579442728672,14.798445784659002,13.824412711674583,15.491312608700866
175.8999999999943,10.060582986060249,14.747047193223894,13.774210498538784,15.516910311185729
175.9999999999943,9.990586565071784,14.69562832534427,13.724036360723188,15.544316025054078
176.09999999999428,9.920590180380932,14.64418799194016,13.673895545752973,15.570375477261429
176.19999999999428,9.850593832620527,14.59272541199963,13.623780390991238,15.597766043009113
176.29999999999427,9.780597522439072,14.541291196772985,13.573696238725836,15.623592908888849
176.39999999999426,9.710601250501256,14.489901951492731,13.523636108789773,15.650626757456521
176.49999999999426,9.640605017488483,14.438580950195538,13.473605792806833,15.676031673957562
176.59999999999425,9.570608824099429,14.3873231328877,13.423598098462602,15.702581442976701
176.69999999999425,9.50061267105062,14.336138580968226,13.37361889006399,15.727476100739043
176.79999999999424,9.430616559077029,14.285013162589145,13.32366056090957,15.753480374497022
176.89999999999424,9.3606204889327,14.233952117817338,13.27372901272203,15.777820632576102
176.99999999999423,9.290624461391403,14.182938416477324,13.22381624398819,15.803245442238957
177.09999999999422,9.220628477247303,14.13197621119733,13.173928241182827,15.827004344304727
177.19999999999422,9.150632537315673,14.081048155253663,13.124056677614842,15.851824986860997
177.2999999999942,9.080636642433621,14.030158775560292,13.074207678690485,15.87498015305776
177.3999999999942,9.010640793460867,13.979291350600212,13.02437266225628,15.899172778221264
177.4999999999942,8.94064499128053,13.928451243269485,12.974557935967544,15.926277398053964
177.5999999999942,8.870649236799975,13.877649199691334,12.924771349250234,15.952576641838863
177.6999999999942,8.800653530951674,13.8268665348765,12.875000669493666,15.975938452853029
177.79999999999418,8.730657874694119,13.776082529809202,12.825235249032417,15.994435388506465
177.89999999999418,8.660662269012775,13.72527919775394,12.7754688327683,16.007671637695285
177.99999999999417,8.590666714921067,13.674442210117867,12.725695979348707,16.01572812314117
178.09999999999417,8.520671213461426,13.623562116701862,12.675913389139868,16.018913469629112
178.19999999999416,8.450675765706368,13.572633987874472,12.626120141084744,16.017631769084787
178.29999999999416,8.380680372759631,13.521656484649586,12.57631736902245,16.012313918996124
178.39999999999415,8.310685035757368,13.470630868208678,12.526507756002893,16.008349998965794
178.49999999999415,8.24068975586939,13.419576015818247,12.476702332065257,16.002959328614992
178.59999999999414,8.170694534300468,13.368499810562865,12.42690936276459,15.995148947484548
178.69999999999413,8.100699372291706,13.317403107672622,12.37713147109079,15.989506556743533
178.79999999999413,8.030704271121968,13.266299883161016,12.327375421686002,15.98292146887453
178.89999999999412,7.960709232109384,13.21519320695732,12.277645610342946,15.978948572770108
178.99999999999412,7.890714256612929,13.164093706405767,12.227946042429561,15.978834778704439
179.0999999999941,7.820719346034078,13.113014306099675,12.178282677167514,15.982975266166125
179.1999999999941,7.7507245018185476,13.06196496121311,12.128659287741117,15.986880012052612
179.2999999999941,7.680729725458119,13.010939357029473,12.079074308969695,15.99290535392354
179.3999999999941,7.610735018492564,12.959936190547667,12.029522946380036,16.00183402625847
179.4999999999941,7.540740382511668,12.908957945763415,11.980003631234108,16.013850698553668
179.59999999999408,7.47074581915735,12.858006626559533,11.930514873340078,16.025653289390704
179.69999999999408,7.4007513301259085,12.807057073417486,11.881032187065685,16.03524405685071
179.79999999999407,7.330756917170378,12.756085533058803,11.831536701166673,16.044411291675207
179.89999999999407,7.260762582103012,12.705094107203237,11.782033092351112,16.051776114903934
179.99999999999406,7.19076832679791,12.654069118385001,11.732509540304367,16.055976831496835
180.09999999999405,7.120774153193777,12.602995859812003,11.682955065615744,16.059135279219447
180.19999999999405,7.050780063296847,12.55188257861822,11.633379208290537,16.060415274247156
180.29999999999404,6.980786059183966,12.500723340025324,11.583776392387454,16.058694267099874
180.39999999999404,6.910792143005846,12.449509266242748,11.53413981727862,16.055942921423824
180.49999999999403,6.840798316990511,12.398251551585751,11.484481327811313,16.051602565465807
180.59999999999403,6.770804583446947,12.346947504771665,11.434797618469565,16.044633280971713
180.69999999999402,6.700810944768954,12.295590667342786,11.385083354596295,16.036701566910008
180.79999999999401,6.6308174034392415,12.244192706223759,11.335350885567449,16.027497940008086
180.899999999994,6.560823962033751,12.192751985154763,11.28559739647483,16.016028126902583
180.999999999994,6.4908306232262625,12.141262917861198,11.235817845450788,16.001840238957133
181.099999999994,6.420837389793263,12.089719527154076,11.186007277231447,15.986421816654161
181.199999999994,6.350844264619133,12.038133314613182,11.136178369719973,15.969962096150757
181.299999999994,6.280851250701652,11.98650499172599,11.086330386837638,15.951645760089669
181.39999999999398,6.2108583511578495,11.934831209283866,11.036459916057296,15.931111960901411
181.49999999999397,6.140865569230248,11.88310784219688,10.986563253995275,15.908262941912206
181.59999999999397,6.07087290829349,11.831331517399004,10.936637582061183,15.884009764513994
181.69999999999396,6.000880371861424,11.77951362189702,10.886696215133089,15.85913160840135
181.79999999999396,5.930887963594653,11.72765700866239,10.836740343368346,15.832961083989655
181.89999999999395,5.8608956873085924,11.675760359863787,10.78676805942373,15.805198375328558
181.99999999999395,5.790903546982085,11.62382115969116,10.736776744668102,15.775751372221437
182.09999999999394,5.720911546766609,11.571837122877188,10.686764250419342,15.744639202821766
182.19999999999393,5.650919690996141,11.5198067245469,10.636729320618535,15.711937760641682
182.29999999999393,5.580927984197719,11.467729286046808,10.586671624703348,15.67774969533727
182.39999999999392,5.520934477004728,11.415604873202417,10.536591624487532,15.642188008355536
182.49999999999392,5.459941299536418,11.363437033181603,10.486493949013317,15.605370070951258
182.5999999999939,5.408046452943029,11.311226936398633,10.436379925037869,15.567406800706898
182.6999999999939,5.354342086007229,11.25897881426235,10.386254696892289,15.528406166328752
182.7999999999939,5.309007152706993,11.20669413116361,10.33611979042368,15.488465966659763
182.8999999999939,5.261206724122975,11.154377215432778,10.285980356500286,15.447679463762963
182.9999999999939,5.221185318751777,11.102029416106218,10.235837751506244,15.40612931505383
183.09999999999388,5.178167082100038,11.049654881833064,10.185696876156783,15.36389392374499
183.19999999999388,5.142449632465478,10.99725466901299,10.135558749675159,15.321041722195933
183.29999999999387,5.103304973194727,10.944832640841751,10.085427920985415,15.277637753519183
183.39999999999387,5.071073725771851,10.892389506248,10.035305020168304,15.233738020976652
183.49999999999386,5.035066666145743,10.839928823996681,9.98519422733518,15.189396121299911
183.59999999999386,5.005659240528507,10.787450960353935,9.935095791358158,15.144657554899318
183.69999999999385,4.972193638632569,10.734959190893363,9.885013547853573,15.099566344507792
183.79999999999384,4.9450735066394556,10.682453569800526,9.834947399611007,15.054159269959381
183.89999999999384,4.913666487576778,10.629937126409287,9.784900878981095,15.008472450863216
183.99999999999383,4.888399061326262,10.577409641815803,9.734873587155146,14.96253549770051
184.09999999999383,4.858659496486091,10.524873939564262,9.684868798506763,14.91637805575266
184.19999999999382,4.834892759737683,10.472329566703594,9.634885857448253,14.870023875579584
184.29999999999382,4.806503835003064,10.419779179308621,9.584927823515676,14.823497322710095
184.3999999999938,4.783952654543473,10.367222125853893,9.534993825395345,14.77681737469004
184.4999999999938,4.756657750539535,10.31466092890708,9.485086746184251,14.730004103406621
184.5999999999938,4.735091168405353,10.262094769045383,9.435205534638094,14.683072606878392
184.6999999999938,4.708682423500521,10.209526064380912,9.385352930344826,14.636039471311305
184.7999999999938,4.687913363678518,10.156953853391784,9.335527732477965,14.588916645461966
184.89999999999378,4.662222410015589,10.104380474092157,9.285732564744485,14.541717888881765
184.99999999999378,4.642099340869832,10.051804844193473,9.235966102040221,14.494452595851696
185.09999999999377,4.616989800551258,9.999229241799583,9.18623087506163,14.447132235343306
185.19999999999376,4.597389981388972,9.946652481306963,9.136525455313405,14.399764130573834
185.29999999999376,4.572751388387059,9.894076797532323,9.086852299254407,14.352357895257503
185.39999999999375,4.553575399176864,9.841500915732013,9.03720989213336,14.30491917392509
185.49999999999375,4.529318276081143,9.788927041078145,8.987600631497711,14.257456078162614
185.59999999999374,4.5104855865247,9.736353821140645,8.938022930348197,14.209972892040186
185.69999999999374,4.486537456707431,9.683783442629574,8.88847913978846,14.162476511272802
185.79999999999373,4.467982837187339,9.631214484645222,8.838967612001788,14.114970117423828
185.89999999999372,4.44428499465771,9.578649124604054,8.789490661765342,14.06745962227773
185.99999999999372,4.425955609105175,9.526085880525978,8.740046589766434,14.019947313918237
186.0999999999937,4.402460502091334,9.473526928061496,8.690637682650989,13.972438308065676
186.1999999999937,4.384313553208831,9.420970730052098,8.641262197214067,13.92493416866561
186.2999999999937,4.360982664859492,9.368419466577418,8.591922398598834,13.877439367499802
186.3999999999937,4.342983486750965,9.315871549995034,8.542616505917202,13.829954881542948
186.4999999999937,4.319785618503865,9.26331847448777,8.49334645954144,13.78248619836967
186.59999999999368,4.30190613170503,9.210753569686673,8.444110079052196,13.735034421711296
186.69999999999368,4.278816012815556,9.158177129589294,8.394909265363246,13.687603082322159
186.79999999999367,4.261033472868268,9.105587209925018,8.345741902759993,13.640191926693282
186.89999999999367,4.238030634127817,9.052986747212417,8.296610016893974,13.59280355803629
186.99999999999366,4.2203266179251315,9.000375160180178,8.247511599382051,13.54543708008405
187.09999999999366,4.1973944793731786,8.947756118698523,8.198448785827802,13.498094661487988
187.19999999999365,4.1797540640986455,8.895129305861083,8.149419638618708,13.450775101742234
187.29999999999364,4.156879196069724,8.842498480977481,8.10042636148522,13.403480366337625
187.39999999999364,4.139290294138016,8.789863219036805,8.051467049454551,13.356209108564284
187.49999999999363,4.116461818709986,8.73722715683935,8.002543942049124,13.308963198102278
187.59999999999363,4.098914639068584,8.684589647950443,7.953655141825643,13.261741215293956
187.69999999999362,4.076123745235961,8.63195415331566,7.904802904720017,13.214544983524167
187.79999999999362,4.058610357019284,8.579319787746966,7.8559853270474935,13.16737304415199
187.8999999999936,4.03584990798388,8.526689841210162,7.807204671037904,13.120227197097682
187.9999999999936,4.018363887072882,8.47406320644958,7.758459020233217,13.073105960631844
188.0999999999936,3.995628102149487,8.421443026587156,7.709750638501269,13.02601112178987
188.1999999999936,3.978164244884663,8.36882799875065,7.661077594119812,12.978941183357744
188.2999999999936,3.955448441844929,8.316221147409378,7.612442150835219,12.931897924434972
188.39999999999358,3.9380025331335653,8.263621000985284,7.563842361230428,12.884879836104288
188.49999999999358,3.9153029195048425,8.211030491890972,7.515280488572397,12.837888691864155
188.59999999999357,3.8978715449875883,8.15844800395767,7.466754570278225,12.79092297308538
188.69999999999357,3.875185049005306,8.105876400758687,7.418266869378734,12.743984448757434
188.79999999999356,3.857765442910772,8.053313942026913,7.369815409043887,12.697071591665278
188.89999999999355,3.8350895765902036,8.000763442078775,7.321402452511039,12.650186166764346
188.99999999999355,3.8176794984968425,7.948223053521555,7.273026009734613,12.60332663893866
189.09999999999354,3.795012246721596,7.89569555766345,7.224688344611818,12.556494769256824
189.19999999999354,3.7776098817344557,7.843179013855104,7.176387454901763,12.50968901514414
189.29999999999353,3.7549496124185424,7.790676183774526,7.1281256055450894,12.462911133739595
189.39999999999353,3.7375534903120404,7.738185044761404,7.079900783066023,12.416159575305873
189.49999999999352,3.7148988816315636,7.685708349840802,7.0317152537346,12.369436092888566
189.5999999999935,3.697507811354714,7.6332440034154025,6.983566993728089,12.322739129787827
189.6999999999935,3.6748577928059807,7.580794758855196,6.935458270830426,12.276070434708448
189.7999999999935,3.657470809431172,7.528358454921053,6.887387051690338,12.229428444120447
189.8999999999935,3.6348245140882405,7.47593785270541,6.839355605694799,12.182814902078976
189.9999999999935,3.617440835839262,7.423530731174094,6.7913618907218325,12.136228238306337
190.09999999999349,3.5947975616830665,7.371139865197427,6.743408177764601,12.089670191852317
190.19999999999348,3.577416555127288,7.318762978617505,6.6954924166381,12.043139185735976
190.29999999999347,3.5547757337227814,7.266402865060613,6.6476168798685125,11.996636953609434
190.39999999999347,3.5373968855762588,7.21405719696459,6.5997795098752405,11.950161911803804
190.49999999999346,3.5147580567014858,7.161728790811742,6.551982580576775,11.903715788152358
190.59999999999346,3.497380950990493,7.109415270585698,6.504224027632856,11.857296992291019
190.69999999999345,3.474743742086774,7.057119479008579,6.456506126153479,11.810907245790053
190.79999999999345,3.4573680416480004,7.004838993938899,6.408826805650547,11.764544951565528
190.89999999999344,3.4347321511752678,6.952576687137037,6.361188342170821,11.718211824462184
190.99999999999343,3.4173575826702765,6.900330092165321,6.3135886596721935,11.671906260638146
191.09999999999343,3.3947227666256317,6.848102112141236,6.26603003483449,11.625629967735303
191.19999999999342,3.3773491084018206,6.795890237757914,6.21851038664242,11.579381335105385
191.29999999999342,3.354715169400361,6.743697405414476,6.171031992060165,11.5331620626981
191.3999999999934,3.3373422416575322,6.691521064039885,6.123592765671155,11.4869705330023
191.4999999999934,3.31470902008868,6.639364184913772,6.0761949843333465,11.440808437776262
191.5999999999934,3.2973366769130834,6.587224176049133,6.028836558795155,11.394674152583194
191.6999999999934,3.274704043778139,6.535104044934481,5.981519765378311,11.34856936048235
191.7999999999934,3.2573321666891006,6.483001159311403,5.93424251155953,11.302492430043454
191.89999999999338,3.2347000178006664,6.430918563979364,5.887007072656809,11.256445035111899
191.99999999999338,3.2173285105223357,6.3788535868929275,5.839811353437694,11.21042553719187
192.09999999999337,3.1946967618069353,6.326813064254572,5.801282864226779,11.164382067338137
192.19999999999337,3.1773255460322902,6.27479350342305,5.769311328234231,11.118270622962337
192.29999999999336,3.15469412972667,6.222792397717279,5.741051939929455,11.072065261493623
192.39999999999336,3.137323141685156,6.17079982492004,5.713704224617805,11.025756527098078
192.49999999999335,3.1146920032565695,6.118815014099522,5.685474763012937,10.97935508431547
192.59999999999334,3.0973211909325853,6.066834651376136,5.655587753031102,10.932878251871827
192.69999999999334,3.0746902865856134,6.014863049917096,5.623873482254105,10.886350946982335
192.79999999999333,3.0573196074640627,5.962899439478643,5.596641400347376,10.83975122678801
192.89999999999333,3.0346889021226513,5.910947268937644,5.570926546359823,10.793073944620774
192.99999999999332,3.0173183213612984,5.859003719761986,5.544564221111104,10.74632481350825
193.09999999999332,2.994687787035856,5.807072921300698,5.518802748165557,10.699505891255695
193.1999999999933,2.9773172759832507,5.755152925407356,5.492561287267711,10.652622783103167
193.2999999999933,2.954686890449796,5.703248055719714,5.466815940304608,10.605678845839492
193.3999999999933,2.937316425442962,5.6513563907226905,5.4407247710293305,10.558678903410172
193.4999999999933,2.914686171175191,5.59948216125518,5.415058071749191,10.511626708728663
193.5999999999933,2.897315732563747,5.5476282418746194,5.389312184957804,10.464525357947105
193.69999999999328,2.874685595870158,5.495817786786626,5.363937218906254,10.417378848715636
193.79999999999328,2.8573151672236716,5.444067780914777,5.338548007470846,10.370189661912086
193.89999999999327,2.8346851375509803,5.401979763175701,5.313493016177457,10.322961704873745
193.99999999999326,2.8173147050145273,5.367618912744832,5.288474429947486,10.275696829244673
194.09999999999326,2.7946847743860066,5.338408754145967,5.263765193959458,10.228398727576472
194.19999999999325,2.7773143261555457,5.311726687689315,5.239132282635127,10.181068689184269
194.29999999999325,2.754684488718908,5.285592652155766,5.2147922464867325,10.13371016269082
194.39999999999324,2.7373140146134527,5.258793334965425,5.190560406240388,10.086323965243183
194.49999999999324,2.7146842662777404,5.230696873167804,5.166610983916084,10.038913314086736
194.59999999999323,2.697313757389645,5.2081745603526475,5.142795585277982,9.991478643775602
194.69999999999322,2.674684095534528,5.184489006412165,5.119256504848089,9.944022969236736
194.79999999999322,2.657313543942734,5.165358736215397,5.095872725996433,9.896546422587598
194.8999999999932,2.634683967186816,5.145271443508187,5.07276235338104,9.849051850287053
194.9999999999932,2.6173133657207273,5.128925186540497,5.049825122273692,9.801539150480224
195.0999999999932,2.5946838737380338,5.111837668261857,5.027160742360128,9.754011034543709
195.1999999999932,2.5773132157820102,5.097858104375006,5.004684734415889,9.706467223857425
195.2999999999932,2.554683809157954,5.083332389408321,4.9824827851508795,9.658910325484106
195.39999999999318,2.5373130884882436,5.071428459270236,4.960482447048133,9.611339931388736
195.49999999999318,2.5146837686080574,5.059142701786724,4.938758709486962,9.563758571790855
195.59999999999317,2.497312979255504,5.049106697478571,4.917248292938703,9.516165748336487
195.69999999999317,2.4746837482195434,5.038822130218057,4.89601804286308,9.468563938569408
195.79999999999316,2.457312884352594,5.030502352433237,4.875011639692837,9.420952586151575
195.89999999999316,2.4346837449140266,5.022039804369307,4.854289766891043,9.373334137093437
195.99999999999315,2.4173128007375353,5.0153231846132025,4.833801340947566,9.325708003923292
196.09999999999314,2.3946837562588974,5.008546614630026,4.813602441832018,9.278076619607152
196.19999999999314,2.3773127259249884,5.003347442033247,4.793645855656691,9.230439387946662
196.29999999999313,2.3546837803508303,4.998152336059943,4.77398430416476,9.182798745072317
196.39999999999313,2.3373126578786967,4.994404709615126,4.754573339652651,9.135154104843993
196.49999999999312,2.3146838157221934,4.990709790649204,4.7354633406038,9.087507920819808
196.59999999999312,2.2973125949241857,4.988362388861365,4.716611713622143,9.039859632708517
196.6999999999931,2.27468386126612,4.986103589326093,4.698067341999663,8.992211724091081
196.7999999999931,2.2573125356778463,4.985115928624421,4.679788711299632,8.944563673782937
196.8999999999931,2.234683916176825,4.984241926537447,4.661823940326357,8.896918006532188
196.9999999999931,2.217312478989265,4.984581613765667,4.644131911250542,8.84927425130425
197.0999999999931,2.194683979902426,4.985050466604584,4.6267606316395415,8.801634983865625
197.19999999999308,2.177312423894256,4.986691142518162,4.609668755171132,8.753999792355028
197.29999999999308,2.154684052108067,4.9884677023354165,4.592904787546194,8.706371312219837
197.39999999999307,2.137312369576533,4.991387484326238,4.576426555212021,8.658749197860994
197.49999999999307,2.11468413264761,4.994441373172649,4.560283657397097,8.61113615193915
197.59999999999306,2.0973123153363384,4.998621671532017,4.544432492448476,8.563531900260296
197.69999999999305,2.0746842215425065,5.002925656576148,4.52892436310996,8.515939219124611
197.79999999999305,2.057312260564673,5.00835027882142,4.513713608270815,8.46835790883912
197.89999999999304,2.0346843189667947,5.013878923301769,4.498853888256439,8.420790824667115
197.99999999999304,2.017312204722012,5.02053340578939,4.484296790144875,8.373237842281988
198.09999999999303,1.9946844252374045,5.027261891503715,4.470099062799751,8.325701900132929
198.19999999999303,1.9773121473206032,5.035133011810247,4.456208752885166,8.278182947630322
198.29999999999302,1.954684540809195,5.043036033748271,4.442686544651695,8.230684009556882
198.399999999993,1.9373120879096062,5.052111462528844,4.4294760162822415,8.183205104590822
198.499999999993,1.9146846662743338,5.061162085485376,4.41664279903416,8.135749346004447
198.599999999993,1.897312026062462,5.071430130430365,4.404124879623142,8.08831681400201
198.699999999993,1.8746848023658091,5.081598465723866,4.391994076497102,8.040910711697935
198.799999999993,1.8573119613659923,5.09304783487907,4.380181393335642,7.993531169270961
198.89999999999299,1.8346849499650382,5.104299330807168,4.368766390397036,7.946181480582871
198.99999999999298,1.8173118934108052,5.116918778828687,4.3576713276767425,7.898861809750997
199.09999999999297,1.7946869704450037,5.128692332865625,4.346985494743976,7.851575542455587
199.19999999999297,1.7773142965954025,5.142364520891133,4.336620140138779,7.80432285771285
199.29999999999296,1.7546919636643976,5.15464833427963,4.326676865760418,7.75710723383897
199.39999999999296,1.7373194167617165,5.169345721398771,4.317052935067798,7.709928836375838
199.49999999999295,1.7146998416518593,5.182058651704382,4.307865682776498,7.6627912405575564
199.59999999999295,1.6973268446893606,5.197675327774426,4.298994419725986,7.615694562467296
199.69999999999294,1.6747095706309785,5.210644134411039,4.290576818969268,7.568642483820762
199.79999999999293,1.6573350712695256,5.226946540340582,4.282468855284024,7.5216350242712835
199.89999999999293,1.6347185792143346,5.23986887286269,4.27483484716085,7.4746759906144
199.99999999999292,1.6173408765815005,5.256417636843882,4.267500003216355,7.427765244184424
200.09999999999292,1.5947221399590468,5.268811407908193,4.260664075361487,7.380906750274409
200.1999999999929,1.5773388136684034,5.2848687235492475,4.254111070867414,7.334100129013235
200.2999999999929,1.5547132742973262,5.2960276874104135,4.248513341988301,7.290178377541251
200.3999999999929,1.5373214632435912,5.310523205795047,4.242824853583349,7.246357031016796
200.4999999999929,1.5146840603923248,5.319536831256584,4.238511373398521,7.204426601790372
200.5999999999929,1.4972813285359186,5.331212749292488,4.233723352405862,7.162689976858115
200.69999999999288,1.47462857474181,5.337118692008342,4.230779507908553,7.122299143750833
200.79999999999288,1.4572141256300382,5.344860134335655,4.226890979053148,7.082136380605909
200.89999999999287,1.4345458260034776,5.346892580271439,4.225463644857786,7.043016568004291
200.99999999999287,1.4171211995088449,5.350025536737728,4.222442496675676,7.0040969447038375
201.09999999999286,1.3944404514793887,5.34779426470233,4.222758854388434,6.9660672980636456
201.19999999999285,1.377009169179164,5.346155560944145,4.220529774439135,6.928157206244261
201.29999999999285,1.35432107845646,5.339654875649572,4.222760319379914,6.891098511824843
201.39999999999284,1.33688770001286,5.333473439990385,4.221078449973057,6.854028231752385
201.49999999999284,1.3141980514437845,5.322976313883338,4.2241230414593,6.817852346693936
201.59999999999283,1.2967673408010203,5.312705632437325,4.221882606111192,6.781500977840149
201.69999999999283,1.2740818142004642,5.29863854408561,4.22207477858149,6.746051492122642
201.79999999999282,1.2566626530471268,5.28489109258888,4.217042988342732,6.710316674677859
201.89999999999281,1.2339876812922477,5.267988126321393,4.212229455728529,6.675390372265486
201.9999999999928,1.2165778506657527,5.251072175357393,4.203358466372929,6.640158923743064
202.0999999999928,1.193911455655316,5.231614786151519,4.193805660070465,6.605591342012298
202.1999999999928,1.1765091549420221,5.211987170862522,4.181336834435913,6.570751416871577
202.2999999999928,1.1538497382037873,5.190354240090379,4.167992770668679,6.536433757275587
202.3999999999928,1.1364535050602316,5.168497274856133,4.152584032749254,6.50189519460751
202.49999999999278,1.1137997763471024,5.145081570731898,4.136380280285666,6.467762978218978
202.59999999999278,1.0964084216967769,5.121445075374339,4.118724059211454,6.4334624224093755
202.69999999999277,1.0737593413300537,5.0966129999212155,4.100443168040492,6.39948099827168
202.79999999999276,1.0563718965305373,5.071592606650319,4.081158337375809,6.365378054625017
202.89999999999276,1.0337266289343634,5.045668541882782,4.061436881438512,6.331531550099398
202.99999999999275,1.0163423027471037,5.019601825991347,4.041049462858846,6.297602950118999
203.09999999999275,0.993700179125043,4.9928650060238615,4.020403577882364,6.263887045135133
203.19999999999274,0.9763183225492919,4.965160369790203,3.999352970501071,6.23012155044679
203.29999999999274,0.9536788110741496,4.9422030092812275,3.978202933604544,6.1965390089926204
203.39999999999273,0.9362988884450216,4.916481996784885,3.956854329513939,6.162933600289523
203.49999999999272,0.9136615706881561,4.894292183437524,3.9355445541886414,6.129491541838656
203.59999999999272,0.8962831356988831,4.869432342198831,3.9142016354009943,6.096048734388396
203.6999999999927,0.8736476883361258,4.847160146645279,3.8930163877282986,6.062756955937473
203.7999999999927,0.8562703638334357,4.822491668259175,3.8719325841635976,6.029482954632459
203.8999999999927,0.8336365449538096,4.7997259661958545,3.8511082791479625,5.996352885130055
203.9999999999927,0.8162600054735849,4.774910780979876,3.8304962284641864,5.963256330148621
204.0999999999927,0.7936276451125106,4.7515210633206,3.8102310688976484,5.930300372199702
204.19999999999268,0.7762516011621062,4.7264344637954,3.7902703649476632,5.897391491779048
204.29999999999268,0.7536205960240748,4.702447946774676,3.7707319131170753,5.864622606692032
204.39999999999267,0.736244779054908,4.677088837608608,3.751575360853851,5.8319126490115405
204.49999999999267,0.7136150918503621,4.652610432263623,3.732906490497541,5.799344098873743
204.59999999999266,0.6962394692435729,4.627042312051407,3.714685104405158,5.76684495527916
204.69999999999266,0.6266155223192157,4.6022075687214725,3.697008626852328,5.734490107057545
204.79999999999265,0.5639539700872941,4.576494499763684,3.679819741656969,5.7022011908609
204.89999999999264,0.5075585730785647,4.551410850339663,3.6632257785685907,5.670058840599774
204.99999999999264,0.4568027157707082,4.525660356678235,3.647171675853136,5.637994504882436
205.09999999999263,0.41112244419363736,4.500472310171716,3.6317574072790135,5.606082199248813
205.19999999999263,0.37001019977427363,4.4747918707979135,3.616927723305218,5.574258616032802
205.29999999999262,0.3330091797968463,4.449630720462955,3.6027782668597728,5.542593135695439
205.39999999999262,0.2997082618171617,4.4241206611827115,3.589251635278481,5.51102590852351
205.4999999999926,0.26973743563544555,4.399102927173386,3.5764418897998187,5.479623430375465
205.5999999999926,0.24276369207190102,4.373854364556415,3.56428743207853,5.44832769150925
205.6999999999926,0.21848732286471093,4.3490822996145155,3.5528834878931805,5.417203942058348
205.7999999999926,0.19663859057823985,4.324176868072641,3.542161915050697,5.386194441520666
205.8999999999926,0.17697473152041587,4.299739872824315,3.5322221306411192,5.355364843140643
205.99999999999258,0.15927725836837428,4.275250328202168,3.5230715459026545,5.324905343152144
206.09999999999258,0.14334953253153684,4.251226671117763,3.514719805448718,5.294637025659928
206.19999999999257,0.12901457927838317,4.227217868982636,3.507173618146936,5.264708590992651
206.29999999999256,0.11611312135054486,4.2036764073481665,3.5004414146993095,5.234980817003271
206.39999999999256,0.10450180921549038,4.180206386036105,3.4945290709501604,5.20557101328137
206.49999999999255,0.09405162829394134,4.157208146943082,3.489443803966737,5.176370224493956
206.59999999999255,0.08464646546454721,4.134329176417264,3.4851905475458698,5.147471897693536
206.69999999999254,0.07618181891809249,4.111928742821327,3.4817752930616166,5.11879029065228
206.79999999999254,0.06856363702628324,4.089688273387983,3.479201941856363,5.090400619686275
206.89999999999253,0.061707273323654915,4.067934964405195,3.47747524334502,5.062235049992801
206.99999999999253,0.055536545991289425,4.046376449212312,3.476597993232554,5.03435479915335
207.09999999999252,0.049982891392160486,4.02531530523394,3.4765736846322017,5.006705927851598
207.1999999999925,0.04498460225294444,4.004478891558541,3.477403951120287,4.979338850130353
207.2999999999925,0.040486142027649996,3.9841514840769436,3.4790910217277107,4.952210472279472
207.3999999999925,0.036437527824885,3.964074578870844,3.481635327919059,4.925362829170194
207.4999999999925,0.0327937750423965,3.9445196679660963,3.485037836889731,4.898761341559501
207.5999999999925,0.02951439753815685,3.925237387639831,3.48929775433106,4.872441514147874
207.69999999999249,0.026562957784341167,3.9064914501025156,3.4944148003856763,4.846375490425411
207.79999999999248,0.02390666200590705,3.888036965719378,3.5003869471997198,4.820593662673893
207.89999999999247,0.021515995805316348,3.870134615567705,3.5072126968972848,4.795073511984543
207.99999999999247,0.019364396224784714,3.85253940395516,3.514888795352185,4.769841411367695
208.09999999999246,0.017427956602306244,3.83551372566217,3.5234125710274675,4.7448791021728915
208.19999999999246,0.01568516094207562,3.818807735187989,3.5327795644676434,4.720209785902927
208.29999999999245,0.014116644847868058,3.8026905488969245,3.542985990742092,4.695818620731535
208.39999999999245,0.012704980363081252,3.786819617643112,3.5538927762108083,4.671726298131888
208.49999999999244,0.011434482326773127,3.7715715551575046,3.5656626752581073,4.647920728057656
208.59999999999243,0.010291034094095814,3.7565689447965136,3.578102431521544,4.624420611431292
208.69999999999243,0.009261930684686233,3.742232730606681,3.5914332923374865,4.601216081386822
208.79999999999242,0.00833573761621761,3.7281271041157833,3.6053893117406055,4.578324259133785
208.89999999999242,0.007502163854595848,3.7147455114343124,3.6202742863447663,4.55573707695429
208.9999999999924,0.006751947469136263,3.701560119300832,3.635719320607134,4.53347040381678
209.0999999999924,0.006076752722222637,3.689178410106678,3.65214952402865,4.5115176272968425
209.1999999999924,0.005469077450000374,3.676929417738283,3.669043656916366,4.489893627517094
209.2999999999924,0.004922169705000336,3.66559939808667,3.687011204790026,4.468592964857457
209.3999999999924,0.004429952734500303,3.654292826752823,3.7052968480515336,4.4476297447723665
209.49999999999238,0.003986957461050273,3.6440802103695753,3.724798668965986,4.426999464662556
209.59999999999238,0.0035882617149452455,3.633706740953878,3.7443894838331375,4.4067156318660246
209.69999999999237,0.003229435543450721,3.624705217081294,3.7654302225908065,4.386774480144688
209.79999999999237,0.002906491989105649,3.6152324211587596,3.7861864575858433,4.367189066852401
209.89999999999236,0.0026158427901950844,3.6075903969453007,3.808769861359182,4.34795618725056
209.99999999999235,0.002354258511175576,3.5989554602763305,3.8304424815365277,4.329088575925144
210.09999999999235,0.0021188326600580184,3.5929180385054686,3.85449901636489,4.3105834328581345
210.19999999999234,0.0019069493940522167,3.5850387683370935,3.8766040465534783,4.292453282513811
210.29999999999234,0.001716254454646995,3.5809426008610847,3.901656942700267,4.274695584268974
210.39999999999233,0.0015446290091822954,3.5737782275502488,3.9232184366543335,4.257322756189274
210.49999999999233,0.0013901661082640659,3.571657520110403,3.9476069927982422,4.240332377175928
210.59999999999232,0.0012511494974376592,3.565156361752861,3.9668856249336835,4.223736859058785
210.69999999999231,0.0011260345476938934,3.563912116824536,3.9878621945177612,4.207533760057943
210.7999999999923,0.0010134310929245042,3.5575458138653424,4.002825151067805,4.191735587860859
210.8999999999923,0.0009120879836320539,3.5554329080006073,4.018190225134133,4.176339733443554
210.9999999999923,0.0008208791852688485,3.548288935961361,4.0274824110762735,4.161358910448069
211.0999999999923,0.0007387912667419636,3.544177976918194,4.036297071106724,4.146790182928313
211.1999999999923,0.0006649121400677673,3.5356238126614135,4.039481967071267,4.132572878295182
211.29999999999228,0.0005984209260609906,3.5292114133247674,4.041747847037402,4.118903484323104
211.39999999999227,0.0005385788334548915,3.519077773326385,4.039036771870297,4.105661017252496
211.49999999999227,0.0004847209501094024,3.5105501292219827,4.0352663363584345,4.092992913555681
211.59999999999226,0.0004362488550984622,3.498980741356931,4.027214674107356,4.080812489900933
211.69999999999226,0.000392623969588616,3.488729379861622,4.018138913914608,4.069232478374684
211.79999999999225,0.0003533615726297544,3.476018063917738,4.005438288784637,4.058189716328926
211.89999999999225,0.00031802541536677894,3.46448979201589,3.991839309712729,4.047772003583934
211.99999999999224,0.00028622287383010104,3.4509802789928186,3.9751981173128184,4.037932433907552
212.09999999999224,0.00025760058644709095,3.4386102167552632,3.957823430485812,4.028740613092343
212.19999999999223,0.00023184052780238185,3.4246449718375924,3.9379062159630998,4.020160934607294
212.29999999999222,0.00020865647502214368,3.4118305025242144,3.9174307933266155,4.012249514725317
212.39999999999222,0.0001877908275199293,3.3977275264117335,3.894832288061442,4.004978619866614
212.4999999999922,0.00016901174476793637,3.3848209966156664,3.8718465943487512,3.9983942033769284
212.5999999999922,0.00015211057029114274,3.3708650173710883,3.847084667075496,3.992474002466347
212.6999999999922,0.00013689951326202848,3.3581746748736814,3.8220959014144835,3.9872561910004807
212.7999999999922,0.00012320956193582564,3.344615297234479,3.795614112356777,3.982722267777655
212.8999999999922,0.00011088860574224308,3.3324096193050816,3.7690535899323048,3.9789043590928106
212.99999999999218,9.979974516801877e-05,3.319462553156414,3.741228132834423,3.9757864893148915
213.09999999999218,8.98197706512169e-05,3.30797578628382,3.713461070851775,3.973396015569225
213.19999999999217,8.083779358609522e-05,3.2958251418372955,3.684609305814552,3.971718577760526
213.29999999999217,7.27540142274857e-05,3.2852631541840633,3.655945161739233,3.970777725035776
213.39999999999216,6.547861280473713e-05,3.2743552282496404,3.626513300411627,3.9705600289819194
213.49999999999216,5.893075152426342e-05,3.2648947062787257,3.597223564480696,3.9710859699787027
213.59999999999215,5.303767637183708e-05,3.2553135415746643,3.5673851740746017,3.97234252491291
213.69999999999214,4.7733908734653375e-05,3.2470891324138185,3.537676874593183,3.974347690349553
213.79999999999214,4.2960517861188036e-05,3.2389185246886414,3.5075952236677574,3.977088431247807
213.89999999999213,3.866446607506923e-05,3.232047796570546,3.477650504355985,3.980580740296247
213.99999999999213,3.479801946756231e-05,3.2253654679492163,3.4474728242555686,3.9848112274008702
214.09999999999212,3.1318217520806076e-05,3.2199488784976764,3.4174493508419475,3.989794293201627
214.19999999999212,2.8186395768725468e-05,3.2148236953107876,3.3873060872854523,3.9955158968712223
214.2999999999921,2.5367756191852923e-05,3.2109456407095593,3.3573398646036727,4.001989219580235
214.3999999999921,2.283098057266763e-05,3.2074363988803674,3.3273460628707703,4.009199299825145
214.4999999999921,2.0547882515400867e-05,3.2051665629925803,3.2975549090220446,4.017158456619851
214.5999999999921,1.849309426386078e-05,3.2033215603265317,3.2678123655629796,4.0258505442187635
214.6999999999921,1.6643784837474703e-05,3.2027162544559244,3.238299298383671,4.035287383137572
214.79999999999208,1.4979406353727233e-05,3.202573238810413,3.2088988461278336,4.045451367029241
214.89999999999208,1.348146571835451e-05,3.2036766326679147,3.1797551015225682,4.056354209380166
214.99999999999207,1.213331914651906e-05,3.205262906456063,3.1507787532123395,4.067976533066902
215.09999999999206,1.0919987231867153e-05,3.2081081406328398,3.1220863619031545,4.080330387385057
215.19999999999206,9.827988508680438e-06,3.2114406963352913,3.0936092066816387,4.093394255349072
215.29999999999205,8.845189657812395e-06,3.2160509008404405,3.065443142810517,4.107181044495369
215.39999999999205,7.960670692031155e-06,3.221136500367645,3.037534970863452,4.121666638082817
215.49999999999204,7.16460362282804e-06,3.227525750911758,3.009964917609515,4.136865440059851
215.59999999999204,6.448143260545236e-06,3.2343608621505027,2.982691582597535,4.15275014088214
215.69999999999203,5.8033289344907126e-06,3.242535095737713,2.9557833670847673,4.169337443315933
215.79999999999202,5.222996041041641e-06,3.251105565725299,2.9292079093978907,4.1865960608786015
215.89999999999202,4.700696436937477e-06,3.261063446852271,2.9030246559478736,4.204546028913547
215.999999999992,4.230626793243729e-06,3.2713437118370567,2.8772249234364624,4.222949322854919
216.099999999992,3.8075641139193564e-06,3.283077371066662,2.851851613045273,4.242070462856774
216.199999999992,3.426807702527421e-06,3.2950288478877274,2.826874450847913,4.2616232055724526
216.299999999992,3.084126932274679e-06,3.308524254186208,2.8023599817547193,4.281925915037392
216.399999999992,2.775714239047211e-06,3.322092256054875,2.7782519613111814,4.302621952399757
216.49999999999199,2.4981428151424903e-06,3.337328604933454,2.7546469260758704,4.324111123361593
216.59999999999198,2.248328533628241e-06,3.3524365343894553,2.7314540285226245,4.345933184576504
216.69999999999197,2.023495680265417e-06,3.3693831181907283,2.708811317101418,4.368610779026788
216.79999999999197,1.8211461122388754e-06,3.385921520796791,2.686578202042728,4.3915285927511665
216.89999999999196,1.639031501014988e-06,3.404528307010464,2.6649540653237747,4.415396351631681
216.99999999999196,1.4751283509134892e-06,3.4223340712911594,2.6437226949615056,4.439361567112944
217.09999999999195,1.3276155158221404e-06,3.4425067452609124,2.6231787698936753,4.464423343318464
217.19999999999195,1.1948539642399264e-06,3.4613234479888106,2.60298599556705,4.489357759525963
217.29999999999194,1.0753685678159338e-06,3.48286099757231,2.583593342950302,4.515618547620313
217.39999999999193,9.678317110343404e-07,3.5022647194913934,2.5644669122621577,4.541387212122962
217.49999999999193,8.710485399309064e-07,3.524714241413603,2.546314253774139,4.56883604485695
217.59999999999192,7.839436859378157e-07,3.543985479924846,2.5282671398699086,4.595184500859398
217.69999999999192,7.055493173440341e-07,3.566381200546665,2.511477406672482,4.623708272554382
217.7999999999919,6.349943856096307e-07,3.5843271810637574,2.494504409058238,4.650114967096041
217.8999999999919,5.714949470486677e-07,3.6048638056096656,2.4792637472664536,4.67915078149894
217.9999999999919,5.14345452343801e-07,3.619852439149283,2.463362116948268,4.704502973200278
218.0999999999919,4.6291090710942084e-07,3.6362174856970833,2.449944076421149,4.732126842192187
218.1999999999919,4.1661981639847876e-07,3.646502759983841,2.4352002062839104,4.75427775550202
218.29999999999188,3.749578347586309e-07,3.656821629175131,2.4238974608697523,4.776984080135625
218.39999999999188,3.3746205128276785e-07,3.66123686483296,2.410530312742905,4.79326274336736
218.49999999999187,3.0371584615449107e-07,3.6647383819059787,2.401495588954812,4.808353119812927
218.59999999999187,2.7334426153904196e-07,3.6630006502311803,2.3896772695389616,4.817260826135934
218.69999999999186,2.460098353851378e-07,3.659891137243103,2.382890729297508,4.8241702220495775
218.79999999999185,2.21408851846624e-07,3.652422219536454,2.3726245925807183,4.825707689430906
218.89999999999185,1.992679666619616e-07,3.64346164523797,2.367888460094613,4.82515606130068
218.99999999999184,1.7934116999576544e-07,3.6309881085464006,2.3590052986569967,4.820096261295
219.09999999999184,1.614070529961889e-07,3.617099732045041,2.355833520846048,4.813201513119662
219.19999999999183,1.4526634769657002e-07,3.600434537666972,2.347972436250166,4.802536046319001
219.29999999999183,1.3073971292691303e-07,3.582519937956986,2.3455024202834314,4.790406119399985
219.39999999999182,1.1766574163422173e-07,3.5624369150918587,2.338109762841298,4.7750978737286
219.49999999999181,1.0589916747079956e-07,3.5412990590150617,2.335316525043976,4.758693615729725
219.5999999999918,9.53092507237196e-08,3.5184842879431977,2.3277938817056176,4.7395890081230965
219.6999999999918,8.577832565134764e-08,3.4948087029911106,2.32394103050122,4.719703305020657
219.7999999999918,7.720049308621288e-08,3.4698498119819967,2.3158884865961435,4.697513397142089
219.8999999999918,6.94804437775916e-08,3.4442101271366603,2.3107481412034243,4.674793606134786
219.9999999999918,6.253239939983244e-08,3.417601891493417,2.3020726546000647,4.650104735707978
220.09999999999178,5.6279159459849196e-08,3.3904738539103687,2.295818950789177,4.625082885108222
220.19999999999177,5.065124351386428e-08,3.3626296382088965,2.2866742755101894,4.598377174100265
220.29999999999177,4.558611916247785e-08,3.3344067656897503,2.279691337790131,4.571495131872606
220.39999999999176,4.102750724623007e-08,3.305671130551955,2.2703690501308755,4.543170750495141
220.49999999999176,3.692475652160706e-08,3.276679320748789,2.2631138211887927,4.514798775424323
220.59999999999175,3.323228086944636e-08,3.2473398700290304,2.2539578882868954,4.485186490854334
220.69999999999175,2.9909052782501726e-08,3.217850101831479,2.2468879128598895,4.4556368819208965
220.79999999999174,2.6918147504251555e-08,3.188147900287392,2.2382430428483184,4.425012850763797
220.89999999999173,2.42263327538264e-08,3.158386914608747,2.2317848582982465,4.394550560275842
220.99999999999173,2.180369947844376e-08,3.1285253534648825,2.2239684488100337,4.363146307216514
221.09999999999172,1.9623329530599383e-08,3.0986844852329694,2.2185067990676908,4.331997828079055
221.19999999999172,1.7660996577539446e-08,3.068836695681889,2.2117937402942665,4.300008325469335
221.2999999999917,1.58948969197855e-08,3.039079113640015,2.207670420115735,4.268369726236428
221.3999999999917,1.4305407227806952e-08,3.009394104779635,2.202283151766834,4.235960290668476
221.4999999999917,1.2874866505026257e-08,2.979860718856165,2.199799195185621,4.204005110168569
221.5999999999917,1.1587379854523632e-08,2.9504684291557997,2.195897404774187,4.171317776443805
221.6999999999917,1.0428641869071269e-08,2.92128269812825,2.1950809745986395,4.13925538358554
221.79999999999168,9.385777682164142e-09,2.8922981359052695,2.193101476220615,4.106669087089601
221.89999999999168,8.447199913947728e-09,2.8635699727487487,2.194101292110559,4.074551620893466
221.99999999999167,7.602479922552955e-09,2.8350965983471816,2.19411103336794,4.0420793640525225
222.09999999999167,6.84223193029766e-09,2.806925535864874,2.197058466334154,4.009980894665293
222.19999999999166,6.1580087372678945e-09,2.7790580137609324,2.199108508007193,3.9776617210913923
222.29999999999166,5.542207863541105e-09,2.7515357620214336,2.2041082687474485,3.945659501785153
222.39999999999165,4.9879870771869946e-09,2.72436218806316,2.208222419919864,3.9135421383554716
222.49999999999164,4.489188369468296e-09,2.697574688594554,2.215346716429132,3.881709231061172
222.59999999999164,4.040269532521466e-09,2.6711783771455457,2.221511632004283,3.8498445427703345
222.69999999999163,3.6362425792693197e-09,2.645207436593009,2.230794243900786,3.8182475809402905
222.79999999999163,3.2726183213423878e-09,2.6196683347485954,2.2389479081855312,3.7866853449745816
222.89999999999162,2.9453564892081492e-09,2.594592902316686,2.2503740272724264,3.7553844959728133
222.99999999999162,2.650820840287334e-09,2.5699886834962378,2.2603886706589886,3.7241722577892746
223.0999999999916,2.385738756258601e-09,2.5458858214585867,2.273873630980487,3.693222033096401
223.1999999999916,2.1471648806327407e-09,2.5222926983419764,2.285527108291523,3.662404939040929
223.2999999999916,1.9324483925694665e-09,2.499238282773114,2.30087101202712,3.6318552483555866
223.3999999999916,1.7392035533125199e-09,2.4767315695373893,2.3137975371285378,3.6014763108564654
223.4999999999916,1.565283197981268e-09,2.4548007488776467,2.330593158621336,3.57137350391414
223.59999999999158,1.4087548781831412e-09,2.4334551948447825,2.344202788733696,3.5414740333930887
223.69999999999158,1.2678793903648271e-09,2.412722626737032,2.3616737079363226,3.5118618322888873
223.79999999999157,1.1410914513283444e-09,2.3926125377668583,2.375044304990261,3.482481907885423
223.89999999999156,1.02698230619551e-09,2.3731524196910683,2.391858040544983,3.4534022031971103
223.99999999999156,9.24284075575959e-10,2.3543515798927652,2.403671590025365,3.4245811228680125
224.09999999999155,8.318556680183631e-10,2.3362374864354316,2.4179759238431546,3.39607463629163
224.19999999999155,7.486701012165269e-10,2.3188188909883283,2.4266868140197118,3.367851320653781
224.29999999999154,6.738030910948741e-10,2.302123430130191,2.436644961503816,3.339958147486896
224.39999999999154,6.064227819853867e-10,2.2859005671770456,2.4409697468991025,3.3123714881715114
224.49999999999153,5.45780503786848e-10,2.270923702779049,2.4454451826031285,3.2851315352709416
224.59999999999152,4.912024534081633e-10,2.256076456199069,2.4447221959321244,3.2582206861679524
224.69999999999152,4.4208220806734695e-10,2.2428691200671698,2.4434878328730236,3.2316740198396765
224.7999999999915,3.9787398726061225e-10,2.2295436134827056,2.4377565627489397,3.20547863278098
224.8999999999915,3.58086588534551e-10,2.218146914576807,2.431244614404278,3.1796657486609967
224.9999999999915,3.222779296810959e-10,2.2064416170200984,2.4209865915249833,3.1542261560391105
225.0999999999915,2.9005013671298634e-10,2.1968935749665404,2.409930887933305,3.1291881803867985
225.1999999999915,2.6104512304168773e-10,2.1868670373436916,2.395813240137793,3.104545527076843
225.29999999999148,2.34940610737519e-10,2.1792069019246734,2.3810186260667514,3.0803243564435223
225.39999999999148,2.114465496637671e-10,2.170886427189979,2.363738449851394,3.056520682791746
225.49999999999147,1.903018946973904e-10,2.165155653525788,2.345970931131023,3.033159066903699
225.59999999999147,1.7127170522765136e-10,2.1585403011403477,2.3261815401642405,3.0102373437859864
225.69999999999146,1.5414453470488624e-10,2.154780479517436,2.3061287375730424,2.9877789147396623
225.79999999999146,1.387300812343976e-10,2.14983705362185,2.2844126111797425,2.965783030956165
225.89999999999145,1.2485707311095786e-10,2.1480827701998466,2.262678548261646,2.944272280469166
225.99999999999145,1.1237136579986207e-10,2.144733043567767,2.23954328256427,2.923246982130359
226.09999999999144,1.0113422921987586e-10,2.1449914578457148,2.216658756928285,2.9027291876209884
226.19999999999143,9.102080629788828e-11,2.143085398589371,2.192543592065043,2.882719968762053
226.29999999999143,8.191872566809945e-11,2.1452787191517073,2.168983606919501,2.8632410684421354
226.39999999999142,7.37268531012895e-11,2.1445414711288207,2.1442711918941493,2.8442940119216624
226.49999999999142,6.635416779116056e-11,2.1483570925084323,2.1204748806717753,2.825900428889201
226.5999999999914,5.971875101204451e-11,2.14828896254837,2.0955069615908655,2.8080619967157268
226.6999999999914,5.374687591084006e-11,2.1527658353186663,2.071717794930007,2.7908004122409893
226.7999999999914,4.8372188319756055e-11,2.151916014123125,2.0470371999746106,2.7741171848428996
226.8999999999914,4.353496948778045e-11,2.1539511384658203,2.0234473334045693,2.7580342616758124
226.9999999999914,3.918147253900241e-11,2.150472001290869,1.9992084070034057,2.742472371437526
227.09999999999138,3.526332528510217e-11,2.1479457202233196,1.9760248793120567,2.7276699930456836
227.19999999999138,3.1736992756591953e-11,2.1408632830267913,1.9523986917949805,2.7135067018123324
227.29999999999137,2.8563293480932757e-11,2.1336896500070464,1.9298296082500934,2.700164343729551
227.39999999999137,2.5706964132839484e-11,2.123156949836021,1.906992025623272,2.687558277661056
227.49999999999136,2.3136267719555536e-11,2.112183750582727,1.8852406409194598,2.67583069857767
227.59999999999135,2.0822640947599984e-11,2.0988741025956204,1.863366328503445,2.6649201588336293
227.69999999999135,1.8740376852839986e-11,2.085124107562076,1.8426290977965247,2.6549404394528264
227.79999999999134,1.6866339167555988e-11,2.069832703246788,1.8218885070928748,2.645844970341637
227.89999999999134,1.517970525080039e-11,2.0542534028424173,1.8023549800925718,2.6377266814131795
227.99999999999133,1.3661734725720352e-11,2.037744010522989,1.782912594961482,2.6305482661349586
228.09999999999133,1.2295561253148316e-11,2.02115716051599,1.7647660640879566,2.6243869942429687
228.19999999999132,1.1066005127833485e-11,2.004117909777382,1.7467788669750712,2.619210939110561
228.29999999999131,9.959404615050137e-12,1.9872260575911103,1.7301972957128928,2.615085362399156
228.3999999999913,8.963464153545123e-12,1.9702638408927347,1.7138127600767203,2.611980955107316
228.4999999999913,8.067117738190612e-12,1.9536684323728206,1.6989699387379633,2.609953627845634
228.5999999999913,7.260405964371551e-12,1.9373150363766178,1.684322964238524,2.608974659371816
228.6999999999913,6.5343653679343956e-12,1.9215335841737144,1.671390214682625,2.6090926350260863
228.7999999999913,5.880928831140956e-12,1.9062540605743326,1.6585983073560666,2.6102778678653364
228.89999999999128,5.292835948026861e-12,1.8917335848233132,1.6477474683064859,2.61257326405416
228.99999999999127,4.763552353224175e-12,1.8779336704230127,1.6369030198803936,2.6159469164601252
229.09999999999127,4.287197117901758e-12,1.8650603305168374,1.6283117692865552,2.6204375008277947
229.19999999999126,3.858477406111582e-12,1.85309202332952,1.6194691736315676,2.626009800234621
229.29999999999126,3.4726296655004237e-12,1.8421975551126009,1.6133287054655854,2.6326996535136846
229.39999999999125,3.1253666989503815e-12,1.832362838564244,1.6064815871576337,2.64018620324985
229.49999999999125,2.8128300290553433e-12,1.8237285581041123,1.6030315780729716,2.6490212577573624
229.59999999999124,2.531547026149809e-12,1.816281633129719,1.5980236270355364,2.6584058140071956
229.69999999999123,2.278392323534828e-12,1.8101407725245937,1.5974164606338284,2.6694851475535817
229.79999999999123,2.0505530911813453e-12,1.8052893107871393,1.5938526423582324,2.6807065881583743
229.89999999999122,1.845497782063211e-12,1.8018284094802324,1.5953885968336798,2.6941072947822153
229.99999999999122,1.66094800385689e-12,1.7997343799135883,1.5922801667325306,2.707071484421433
230.0999999999912,1.494853203471201e-12,1.799094377807547,1.5930859245898377,2.7226819969624745
230.1999999999912,1.3453678831240808e-12,1.7998749563934222,1.5885640259295848,2.73728282240497
230.2999999999912,1.2108310948116728e-12,1.8021525189595906,1.5858846211812256,2.75482493921458
230.3999999999912,1.0897479853305055e-12,1.8058814854020917,1.5785896091225413,2.7709254707773265
230.4999999999912,9.80773186797455e-13,1.811130939844456,1.571936478432062,2.7901285771167794
230.59999999999118,8.826958681177095e-13,1.8178408143758749,1.5617902840544557,2.8075505337694104
230.69999999999118,7.944262813059385e-13,1.8260769058191841,1.5519154194889062,2.8281753296283028
230.79999999999117,7.149836531753447e-13,1.8357619101209663,1.539532179565772,2.846696667554636
230.89999999999117,6.434852878578102e-13,1.8469634219860556,1.5274877190988554,2.868493945028795
230.99999999999116,5.791367590720292e-13,1.8595831862546683,1.513688492380398,2.8878345406240715
231.09999999999116,5.212230831648263e-13,1.8736973339930205,1.5005032947362764,2.9104987016761803
231.19999999999115,4.691007748483437e-13,1.889181136433755,1.4861161047580513,2.930295860701383
231.29999999999114,4.221906973635093e-13,1.906128555553107,1.4727201924086495,2.953416514865766
231.39999999999114,3.7997162762715837e-13,1.9243797749306542,1.4585117194290704,2.973193717165639
231.49999999999113,3.419744648644425e-13,1.9440598859872136,1.44572991921156,2.9962037814662352
231.59999999999113,3.0777701837799826e-13,1.9649602532116246,1.4323833169409974,3.015339001556063
231.69999999999112,2.7699931654019845e-13,1.9872567804665198,1.4209427547007922,3.03747074732364
231.79999999999112,2.492993848861786e-13,2.0106698743754032,1.4090486682839838,3.055180955705746
231.8999999999911,2.2436944639756075e-13,2.0354562608328988,1.3995845027936331,3.0754642311403333
231.9999999999911,2.0193250175780468e-13,2.061229367227994,1.389632401985449,3.0908366330961345
232.0999999999911,1.817392515820242e-13,2.088373586283422,1.382686430677662,3.108186892423492
232.1999999999911,1.635653264238218e-13,2.116336174893576,1.375048273862054,3.1202858381269776
232.2999999999911,1.4720879378143962e-13,2.1457034202889966,1.371053732874848,3.133692181443555
232.39999999999108,1.3248791440329567e-13,2.1757945767783213,1.3659494423331138,3.1417272249106114
232.49999999999108,1.1923912296296612e-13,2.2073116631410135,1.365179842976958,3.1504629652478258
232.59999999999107,1.073152106666695e-13,2.2393113735647994,1.3626055546642164,3.1539404073541846
232.69999999999106,9.658368960000256e-14,2.272799085372448,1.3647300019354542,3.157261686563043
232.79999999999106,8.692532064000231e-14,2.3064401885180894,1.3649333041284843,3.1555706872511102
232.89999999999105,7.823278857600208e-14,2.341679180366016,1.3698772944582343,3.152889163789737
232.99999999999105,7.040950971840187e-14,2.3765778635961867,1.3726018853106496,3.1458581605205804
233.09999999999104,6.336855874656168e-14,2.4132151294641444,1.3801203088402576,3.137504382202376
233.19999999999104,5.703170287190552e-14,2.448632237366675,1.3849195590380396,3.125573835246724
233.29999999999103,5.1328532584714974e-14,2.485819430247372,1.394478507547495,3.112286897001924
233.39999999999102,4.619567932624348e-14,2.5202158446713323,1.4006242664536364,3.096144773311638
233.49999999999102,4.157611139361913e-14,2.5556828034169268,1.4112440867640756,3.0787586546083245
233.599999999991,3.7418500254257214e-14,2.5863891000758525,1.4176447215010304,3.059132664589298
233.699999999991,3.3676650228831495e-14,2.616397606548629,1.4278151891286113,3.0384337696543993
233.799999999991,3.0308985205948344e-14,2.640222205959392,1.4330532390004806,3.015999137916465
233.899999999991,2.7278086685353512e-14,2.661588786889485,1.4409718468275854,2.992676954456887
233.999999999991,2.4550278016818162e-14,2.676536903611425,1.4436027567831367,2.9680253278323185
234.09999999999098,2.2095250215136346e-14,2.688162888837545,1.447761433649305,2.9426649315170033
234.19999999999098,1.9885725193622713e-14,2.6939895476567903,1.4467611867367416,2.916301032576663
234.29999999999097,1.7897152674260443e-14,2.69639672863737,1.4464042033355258,2.8893918926391526
234.39999999999097,1.6107437406834398e-14,2.6939236376406623,1.441399762856783,2.8617412289568502
234.49999999999096,1.449669366615096e-14,2.6883178119360873,1.4365242646079288,2.8336909761416362
234.59999999999096,1.3047024299535864e-14,2.6787407779045904,1.427698372870983,2.80511100620966
234.69999999999095,1.1742321869582278e-14,2.6664511442130374,1.4187895331452238,2.776259521523444
234.79999999999094,1.056808968262405e-14,2.6509798405408325,1.4066572381187956,2.7470510495092633
234.89999999999094,9.511280714361645e-15,2.6332300027108526,1.3944272755466234,2.7176831808494937
234.99999999999093,8.560152642925481e-15,2.6129503021279765,1.379648775932941,2.688100740406498
235.09999999999093,7.704137378632934e-15,2.590791931737758,1.3648726542818834,2.6584571930019205
235.19999999999092,6.933723640769641e-15,2.5666313149708877,1.3481414642798988,2.628718050830117
235.29999999999092,6.2403512766926765e-15,2.54094239304296,1.3315758820864168,2.5990044866561464
235.3999999999909,5.616316149023409e-15,2.513675742273035,1.3135647310537228,2.569296259462776
235.4999999999909,5.054684534121068e-15,2.4851803788541225,1.2959169539646294,2.5396908097481465
235.5999999999909,4.549216080708961e-15,2.455482952261654,1.2772572215581797,2.5101778249517293
235.6999999999909,4.094294472638065e-15,2.4248133523340836,1.2591789319707931,2.4808372563596937
235.7999999999909,3.684865025374259e-15,2.393212800854264,1.2404565624251322,2.4516658247233525
235.89999999999088,3.316378522836833e-15,2.360855209656442,1.2225483696652357,2.422730584736723
235.99999999999088,2.9847406705531496e-15,2.3277873342202695,1.2043061569457474,2.39403334934177
236.09999999999087,2.686266603497835e-15,2.294142948138703,1.1871252203279337,2.3656316840782408
236.19999999999087,2.4176399431480516e-15,2.259969437037247,1.169865671293859,2.33753119016156
236.29999999999086,2.1758759488332464e-15,2.225371554888471,1.1539327056487094,2.309782492302274
236.39999999999085,1.958288353949922e-15,2.1903948830261872,1.1381179429515162,2.282394097677221
236.49999999999085,1.7624595185549298e-15,2.155123078415998,1.1239221206519387,2.2554116087263374
236.59999999999084,1.5862135666994369e-15,2.1195989435692018,1.1099682322492035,2.2288458295590363
236.69999999999084,1.4275922100294931e-15,2.0838907844746593,1.0979702032082568,2.202738790965469
236.79999999999083,1.284832989026544e-15,2.048038500009941,1.0862332814935214,2.177103154525895
236.89999999999083,1.1563496901238896e-15,2.012099299104564,1.076868022997724,2.1519784766000143
236.99999999999082,1.0407147211115007e-15,1.9761105361769216,1.067616961852221,2.1273789320124523
237.0999999999908,9.366432490003507e-16,1.9401215484262795,1.0612968977174333,2.103342427962697
237.1999999999908,8.429789241003156e-16,1.904167773535408,1.054660243029744,2.0798843483058302
237.2999999999908,7.58681031690284e-16,1.8682931912186655,1.051753529287689,2.057041563033969
237.3999999999908,6.828129285212556e-16,1.8325320954667326,1.0476027893747035,2.034830357719362
237.4999999999908,6.1453163566913e-16,1.7969251319099975,1.048168652648535,2.01328700739532
237.59999999999079,5.530784721022171e-16,1.7615063018336243,1.045821546317542,1.9924283530501838
237.69999999999078,4.977706248919954e-16,1.7263146036429526,1.0482445329024632,1.9722903823600055
237.79999999999077,4.479935624027958e-16,1.6913846399814128,1.0458246860940548,1.9528900740925146
237.89999999999077,4.0319420616251624e-16,1.6567552202574645,1.0460525821289994,1.9342633340852793
237.99999999999076,3.6287478554626463e-16,1.6224624674274866,1.0409853472147872,1.9164267577569003
238.09999999999076,3.2658730699163815e-16,1.5885463042516188,1.0365638330629714,1.8993183462485845
238.19999999999075,2.9392857629247433e-16,1.5550453043700037,1.0278532475327942,1.883192063203863
238.29999999999075,2.645357186632269e-16,1.5220016928578022,1.0190117851924259,1.8679759219216334
238.39999999999074,2.380821467969042e-16,1.4894574164224401,1.0072049134000667,1.8538698373289064
238.49999999999073,2.142739321172138e-16,1.4574580899034952,0.9952422307508396,1.8408278157260993
238.59999999999073,1.9284653890549242e-16,1.4260499110832785,0.9814973829480241,1.8290113936316108
238.69999999999072,1.7356188501494318e-16,1.3952828468053553,0.9679123607135383,1.818388326923328
238.79999999999072,1.5620569651344886e-16,1.3652081138657917,0.95353580482217,1.8090917164630433
238.8999999999907,1.4058512686210397e-16,1.3358808004620486,0.9397769478269147,1.8010948446792698
238.9999999999907,1.2652661417589358e-16,1.307357692372085,0.9260585186767132,1.7945088813458918
239.0999999999907,1.1387395275830421e-16,1.279699454764471,0.9134606515827357,1.789306890947475
239.1999999999907,1.024865574824738e-16,1.2529686141965117,0.9016027600741173,1.785582625185865
239.2999999999907,9.223790173422642e-17,1.2272313766637049,0.8913536767599419,1.7833047586280824
239.39999999999068,8.301411156080378e-17,1.2025555909588186,0.8824160416215662,1.7825530949510238
239.49999999999068,7.47127004047234e-17,1.1790122523966071,0.8755160550113519,1.783288754691371
239.59999999999067,6.724143036425106e-17,1.156673281970742,0.8703609231972668,1.7855806701170494
239.69999999999067,6.051728732782596e-17,1.1356127696671587,0.8675804806688291,1.7893798482998629
239.79999999999066,5.446555859504336e-17,1.1159044161920064,0.8668286708942666,1.7947475069181102
239.89999999999065,4.9019002735539026e-17,1.0976226189746454,0.8686818420166226,1.8016222274565985
239.99999999999065,4.4117102461985126e-17,1.080839442071237,0.872694293412747,1.8100611372425792
240.09999999999064,3.9705392215786617e-17,1.06562575711756,0.8794411265977352,1.819987933584633
240.19999999999064,3.573485299420796e-17,1.0520476156018512,0.8883307552047579,1.8314601283887342
240.29999999999063,3.2161367694787163e-17,1.0401678393085845,0.9000078025984032,1.8443834272696398
240.39999999999063,2.894523092530845e-17,1.0300416109179544,0.913672492025292,1.858821526476544
240.49999999999062,2.6050707832777603e-17,1.0217191852688339,0.9301382733606476,1.8746576864666133
240.59999999999062,2.3445637049499845e-17,1.0152402682427604,0.9482955641819165,1.8919696037832254
240.6999999999906,2.110107334454986e-17,1.0106389722851865,0.9692686629937304,1.9106112737738001
240.7999999999906,1.8990966010094876e-17,1.0079358917371952,0.9914630840231584,1.9306853183689854
240.8999999999906,1.709186940908539e-17,1.0071473264927284,1.0165115151263828,1.9520057224590357
240.9999999999906,1.538268246817685e-17,1.0082724137358698,1.0420409619780697,1.9747158473746158
241.0999999999906,1.3844414221359164e-17,1.0113495870776803,1.070404538002505,1.9985725301243031
241.19999999999058,1.2459972799223248e-17,1.0159899961727257,1.09805447689597,2.0237834963603207
241.29999999999058,1.1213975519300924e-17,1.0231077220395626,1.128133595532427,2.0500208898909897
241.39999999999057,1.0092577967370831e-17,1.0307619726971586,1.1555534750522871,2.077593029581055
241.49999999999056,9.083320170633749e-18,1.0419070655923528,1.183780442422782,2.10604273028638
241.59999999999056,8.174988153570375e-18,1.0512460115275561,1.207263830156799,2.1358355174112433
241.69999999999055,7.357489338213337e-18,1.0637507005177287,1.2295504496394059,2.166311871463686
241.79999999999055,6.621740404392004e-18,1.0714525922974714,1.2461891965030727,2.1981837343251933
241.89999999999054,5.959566363952804e-18,1.0795828137104362,1.2606196694656782,2.2304688624009628
241.99999999999054,5.3636097275575235e-18,1.08174085281998,1.2694950448554854,2.264264692170637
242.09999999999053,4.8272487548017714e-18,1.0824653586603081,1.2758913562525191,2.2980679284139085
242.19999999999052,4.344523879321594e-18,1.0777446617898443,1.2772179190463258,2.333566494347823
242.29999999999052,3.910071491389435e-18,1.0711031207828379,1.276142273548139,2.368420970264004
242.3999999999905,3.5190643422504914e-18,1.0600436805915967,1.2706149860186153,2.405158571520544
242.4999999999905,3.167157908025442e-18,1.0472464484468968,1.2629256780741571,2.440178348205347
242.5999999999905,2.850442117222898e-18,1.0311908224957649,1.2514440809961984,2.4769655017844108
242.6999999999905,2.565397905500608e-18,1.0136329361209955,1.2378753701542662,2.510403944754806
242.7999999999905,2.308858114950547e-18,0.9938847998607209,1.2212282325983428,2.544580340199353
242.89999999999048,2.0779723034554926e-18,0.973114263381851,1.2027573087076642,2.5735646044328178
242.99999999999048,1.8701750731099433e-18,0.9510638684981866,1.1818595721241378,2.601383918772575
243.09999999999047,1.683157565798949e-18,0.9285684525108939,1.1594571759869785,2.6229069925829727
243.19999999999047,1.514841809219054e-18,0.9056050881250655,1.1351854508635983,2.6416902404690497
243.29999999999046,1.3633576282971486e-18,0.8828257081362952,1.1097305534227204,2.654225423518536
243.39999999999046,1.2270218654674337e-18,0.8603409872156884,1.0829860462034693,2.6632814140466614
243.49999999999045,1.1043196789206903e-18,0.8387013968517701,1.05521925373907,2.666845136281375
243.59999999999044,9.938877110286213e-19,0.8180896171547044,1.0266640608906725,2.6669868528164007
243.69999999999044,8.944989399257592e-19,0.7989889933238097,0.9973398409968169,2.6625794823947997
243.79999999999043,8.050490459331833e-19,0.7816029214412221,0.9676109110571892,2.655116031780462
243.89999999999043,7.245441413398651e-19,0.7663483903313324,0.9374041568610828,2.6439808391414252
243.99999999999042,6.520897272058786e-19,0.7533983773272969,0.9071218194366739,2.6302391662719207
244.09999999999042,5.868807544852907e-19,0.7430871552845221,0.8766781733519647,2.613566597443771
244.1999999999904,5.281926790367616e-19,0.7355125726440677,0.8464807702739632,2.59472567370313
244.2999999999904,4.753734111330855e-19,0.7309140993967111,0.8164702164066958,2.573557542095714
244.3999999999904,4.2783607001977697e-19,0.7292882990290852,0.7870563211994187,2.550613767514131
244.4999999999904,3.8505246301779926e-19,0.7307877602878989,0.7083506890794768,2.5258288236508766
244.5999999999904,3.4654721671601933e-19,0.735302727010929,0.6375156201715292,2.4996394536457145
244.69999999999038,3.118924950444174e-19,0.7429282943617361,0.5737640581543763,2.4720018323711592
244.79999999999038,2.8070324553997566e-19,0.7534537483808992,0.5163876523389387,2.443277244634064
244.89999999999037,2.526329209859781e-19,0.7669606584612655,0.4647488871050448,2.4134284544746443
244.99999999999037,2.2736962888738033e-19,0.7831373760168528,0.4182739983945403,2.3827193272721807
245.09999999999036,2.0463266599864231e-19,0.8021064950654483,0.3764465985550863,2.3511472703387204
245.19999999999035,1.8416939939877808e-19,0.8234351617508631,0.33880193869957764,2.3189080988700668
245.29999999999035,1.6575245945890027e-19,0.8473564861832382,0.30492174482961987,2.2860182368190323
245.39999999999034,1.4917721351301025e-19,0.8732590715833497,0.2744295703466579,2.2526255986446735
245.49999999999034,1.3425949216170923e-19,0.9015836410374722,0.2469866133119921,2.2187564156033237
245.59999999999033,1.208335429455383e-19,0.9314185825860493,0.22228795198079287,2.1845246383802626
245.69999999999033,1.087501886509845e-19,0.9635517849977548,0.2000591567827136,2.149961025155282
245.79999999999032,9.787516978588605e-20,0.9965362046824597,0.18005324110444224,2.1151553193563193
245.8999999999903,8.808765280729745e-20,1.0316724691272403,0.162047916993998,2.080139932153741
245.9999999999903,7.927888752656771e-20,1.066576112815362,0.14584312529459822,2.044987336050374
246.0999999999903,7.135099877391094e-20,1.1030936356463985,0.1312588127651384,2.009730191571837
246.1999999999903,6.421589889651985e-20,1.137531260560737,0.11813293148862457,1.9744287259744508
246.2999999999903,5.779430900686787e-20,1.1719487779656044,0.10631963833976212,1.939115340121614
246.39999999999029,5.2014878106181085e-20,1.2019632640560103,0.0956876745057859,1.9038417415358064
246.49999999999028,4.681339029556298e-20,1.2296270227145336,0.0861189070552073,1.8686401045844678
246.59999999999027,4.2132051266006684e-20,1.2514269639735476,0.07750701634968658,1.833556454956623
246.69999999999027,3.791884613940602e-20,1.2693984795029414,0.06975631471471792,1.798623101906091
246.79999999999026,3.4126961525465414e-20,1.281411746505919,0.06278068324324614,1.7638826204382285
246.89999999999026,3.0714265372918877e-20,1.2892707073022076,0.05650261491892152,1.7293680155058464
246.99999999999025,2.764283883562699e-20,1.2918404045022336,0.05085235342702937,1.6951202276927932
247.09999999999025,2.4878554952064295e-20,1.2905591798805347,0.04576711808432644,1.6611736399514736
247.19999999999024,2.2390699456857865e-20,1.2848624511673343,0.04119040627589379,1.6275690894202421
247.29999999999023,2.015162951117208e-20,1.2758362799853629,0.03707136564830441,1.5943430905697322
247.39999999999023,1.813646656005487e-20,1.2632243909244258,0.03336422908347397,1.561537705763674
247.49999999999022,1.6322819904049384e-20,1.2478310070550107,0.030027806175126577,1.5291923661413196
247.59999999999022,1.4690537913644447e-20,1.2295645602045273,0.02702502555761392,1.4973515295750706
247.6999999999902,1.3221484122280003e-20,1.2090203086244142,0.02432252300185253,1.4660583177109097
247.7999999999902,1.1899335710052002e-20,1.1861938619061052,0.02189027070166728,1.4353606020853344
247.8999999999902,1.0709402139046802e-20,1.1615303278529607,0.019701243631500553,1.405305898071766
247.9999999999902,9.638461925142123e-21,1.135070455343961,0.017731119268350498,1.3759463223905612
248.0999999999902,8.674615732627911e-21,1.1071529539219622,0.015958007341515448,1.3473343286388406
248.19999999999018,7.80715415936512e-21,1.0778412194207374,0.014362206607363903,1.3195268430089788
248.29999999999018,7.026438743428608e-21,1.0473994925560213,0.012925985946627513,1.292581515876946
248.39999999999017,6.323794869085748e-21,1.0159026422578243,0.011633387351964763,1.2665602499314754
248.49999999999017,5.691415382177173e-21,0.9835642376381685,0.010470048616768287,1.2415256949997395
248.59999999999016,5.122273843959456e-21,0.950466589522693,0.009423043755091459,1.217544326413073
248.69999999999015,4.610046459563511e-21,0.9167915372392416,0.008480739379582313,1.1946829387689752
248.79999999999015,4.14904181360716e-21,0.8826301354934418,0.007632665441624081,1.1730114135085377
248.89999999999014,3.734137632246444e-21,0.8481495901191892,0.006869398897461673,1.1525159864904275
248.99999999999014,3.3607238690217997e-21,0.8134562604832404,0.006182459007715506,1.133551735213146
249.09999999999013,3.0246514821196198e-21,0.7321106344349163,0.005564213106943956,1.1161189334198753
249.19999999999013,2.722186333907658e-21,0.6588995709914247,0.00500779179624956,1.1005113744205992
249.29999999999012,2.449967700516892e-21,0.5930096138922822,0.004507012616624604,1.0867398794122505
249.39999999999011,2.204970930465203e-21,0.533708652503054,0.004056311354962144,1.075048167611771
249.4999999999901,1.984473837418683e-21,0.4803377872527486,0.0036506802194659297,1.0654355727895675
249.5999999999901,1.786026453676815e-21,0.43230400852747375,0.0032856121975193366,1.0581014043497232
249.6999999999901,1.6074238083091334e-21,0.3890736076747264,0.002957050977767403,1.0530172548417112
249.7999999999901,1.4466814274782202e-21,0.35016624690725373,0.002661345879990663,1.050343245194178
249.8999999999901,1.3020132847303982e-21,0.31514962221652837,0.0023952112919915967,1.050011950356525
249.99999999999008,1.1718119562573584e-21,0.2836346599948755,0.002155690162792437,1.0521524526103554
250.09999999999008,1.0546307606316226e-21,0.255271193995388,0.0019401211465131935,1.0566507377032477
250.19999999999007,9.491676845684603e-22,0.2297440745958492,0.001746109031861874,1.0636177710604005
250.29999999999006,8.542509161116144e-22,0.20676966713626427,0.0015714981286756866,1.072886604752791
250.39999999999006,7.68825824500453e-22,0.18609270042263784,0.0014143483158081179,1.0845688386622618
250.49999999999005,6.919432420504077e-22,0.16748343038037405,0.0012729134842273061,1.0984356806621944
250.59999999999005,6.22748917845367e-22,0.15073508734233665,0.0011456221358045755,1.1146254370279447
250.69999999999004,5.604740260608303e-22,0.135661578608103,0.001031059922224118,1.132830766964588
250.79999999999004,5.0442662345474725e-22,0.1220954207472927,0.0009279539300017062,1.1532534148024942
250.89999999999003,4.539839611092725e-22,0.10988587867256343,0.0008351585370015356,1.1754755100422907
250.99999999999002,4.0858556499834526e-22,0.09889729080530708,0.000751642683301382,1.1998163420280135
251.09999999999002,3.677270084985107e-22,0.08900756172477638,0.0006764784149712438,1.225688383412432
251.19999999999,3.3095430764865964e-22,0.08010680555229874,0.0006088305734741194,1.2536116733517217
251.29999999999,2.9785887688379367e-22,0.07209612499706887,0.0005479475161267075,1.2827223349337293
251.39999999999,2.680729891954143e-22,0.06488651249736198,0.0004931527645140368,1.3138706023167726
251.49999999999,2.4126569027587286e-22,0.05839786124762578,0.0004438374880626331,1.3457266175846592
251.59999999999,2.171391212482856e-22,0.05255807512286321,0.0003994537392563698,1.3796598809305702
251.69999999998998,1.9542520912345703e-22,0.04730226761057689,0.0003595083653307328,1.4135515954722433
251.79999999998998,1.7588268821111132e-22,0.042572040849519203,0.00032355752879765956,1.4494963277116206
251.89999999998997,1.5829441939000019e-22,0.03831483676456728,0.0002912017759178936,1.484137546858025
251.99999999998997,1.4246497745100017e-22,0.034483353088110555,0.00026208159832610427,1.520283331382419
252.09999999998996,1.2821847970590015e-22,0.0310350177792995,0.00023587343849349384,1.553185812333632
252.19999999998996,1.1539663173531014e-22,0.02793151600136955,0.00021228609464414447,1.5859077438107199
252.29999999998995,1.0385696856177913e-22,0.025138364401232596,0.00019105748517973003,1.6133800066761865
252.39999999998994,9.347127170560122e-23,0.022624527961109336,0.00017195173666175703,1.6385419696466872
252.49999999998994,8.41241445350411e-23,0.020362075164998404,0.00015475656299558134,1.6575237315955953
252.59999999998993,7.571173008153699e-23,0.018325867648498563,0.0001392809066960232,1.6729576316612935
252.69999999998993,6.81405570733833e-23,0.01649328088364871,0.00012535281602642088,1.6824592888428729
252.79999999998992,6.132650136604497e-23,0.014843952795283838,0.00011281753442377879,1.6881723655548222
252.89999999998992,5.519385122944047e-23,0.013359557515755453,0.00010153578098140091,1.6887586536862003
252.9999999999899,4.9674466106496425e-23,0.012023601764179909,9.138220288326082e-05,1.6858429778590174
253.0999999999899,4.470701949584678e-23,0.010821241587761918,8.224398259493474e-05,1.6787075690297435
253.1999999999899,4.0236317546262105e-23,0.009739117428985726,7.401958433544128e-05,1.6685415583762215
253.2999999999899,3.6212685791635893e-23,0.008765205686087154,6.661762590189715e-05,1.6549790620380653
253.3999999999899,3.2591417212472304e-23,0.00788868511747844,5.995586331170744e-05,1.6388811149583828
253.49999999998988,2.9332275491225077e-23,0.007099816605730596,5.39602769805367e-05,1.6200796614669422
253.59999999998988,2.639904794210257e-23,0.006389834945157537,4.856424928248303e-05,1.599200028085659
253.69999999998987,2.3759143147892313e-23,0.005750851450641783,4.370782435423472e-05,1.5761846547810594
253.79999999998986,2.1383228833103083e-23,0.005175766305577605,3.933704191881125e-05,1.5514925473310746
253.89999999998986,1.9244905949792776e-23,0.004658189675019845,3.540333772693013e-05,1.525126853008763
253.99999999998985,1.7320415354813497e-23,0.00419237070751786,3.1863003954237114e-05,1.4974297566008898
254.09999999998985,1.5588373819332148e-23,0.0037731336367660745,2.8676703558813403e-05,1.4684367168396186
254.19999999998984,1.4029536437398934e-23,0.003395820273089467,2.5809033202932062e-05,1.43840784002547
254.29999999998984,1.2626582793659041e-23,0.0030562382457805207,2.3228129882638856e-05,1.4073949673203063
254.39999999998983,1.1363924514293137e-23,0.0027506144212024685,2.0905316894374972e-05,1.3756005849582011
254.49999999998983,1.0227532062863823e-23,0.0024755529790822218,1.8814785204937474e-05,1.3430844231685168
254.59999999998982,9.20477885657744e-24,0.002227997681174,1.693330668444373e-05,1.3100088699948422
254.6999999999898,8.284300970919697e-24,0.0020051979130565997,1.5239976015999355e-05,1.2764376087229752
254.7999999999898,7.455870873827728e-24,0.0018046781217509397,1.371597841439942e-05,1.2425058977349623
254.8999999999898,6.710283786444955e-24,0.0016242103095758457,1.2344380572959478e-05,1.208280355953893
254.9999999999898,6.03925540780046e-24,0.001461789278618261,1.110994251566353e-05,1.1738792164433365
255.0999999999898,5.435329867020414e-24,0.001315610350756435,9.998948264097177e-06,1.1393730410167517
255.19999999998979,4.891796880318373e-24,0.0011840493156807916,8.99905343768746e-06,1.1048715039587744
255.29999999998978,4.402617192286536e-24,0.0010656443841127125,8.099148093918715e-06,1.0704517078721754
255.39999999998977,3.962355473057883e-24,0.0009590799457014413,7.289233284526843e-06,1.0362225154414642
255.49999999998977,3.566119925752095e-24,0.0008631719511312971,6.560309956074159e-06,1.0022715877560808
255.59999999998976,3.2095079331768857e-24,0.0007768547560181674,5.904278960466743e-06,0.9687146670828073
255.69999999998976,2.888557139859197e-24,0.0006991692804163508,5.3138510644200695e-06,0.9356552903911043
255.79999999998975,2.5997014258732774e-24,0.0006292523523747157,4.782465957978063e-06,0.9032240118235738
255.89999999998975,2.3397312832859497e-24,0.0005663271171372442,4.304219362180256e-06,0.871546429930709
255.99999999998974,2.1057581549573548e-24,0.0005096944054235197,3.873797425962231e-06,0.8407756186333347
256.09999999998973,1.8951823394616195e-24,0.0004587249648811678,3.4864176833660077e-06,0.8110648739074693
256.19999999998976,1.7056641055154576e-24,0.000412852468393051,3.137775915029407e-06,0.7825952603790028
256.2999999999898,1.535097694963912e-24,0.00037156722155374595,2.8239983235264665e-06,0.7555494685177689
256.3999999999898,1.3815879254675207e-24,0.00033441049939837133,2.5415984911738197e-06,0.7301353856852508
256.4999999999898,1.2434291329207687e-24,0.0003009694494585342,2.287438642056438e-06,0.6571218471167257
