Time (s),Robot 1 Position (m),Robot 2 Position (m),Robot 3 Position (m),Robot 4 Position (m)
0.0,-9.96,-9.98,-9.98,-9.98
0.1,-9.88,-9.939984989209849,-9.939992497595533,-9.93999499915283
0.2,-9.760000000000002,-9.879924893700911,-9.87996247651731,-9.87997499198442
0.30000000000000004,-9.600000000000001,-9.799774477488482,-9.799887384484718,-9.79992496110188
0.4,-9.400000000000002,-9.699473208904974,-9.699737101942729,-9.699824866929948
0.5,-9.160000000000002,-9.578945110768938,-9.579473904088406,-9.579649635300363
0.6,-8.880000000000003,-9.438098620237463,-9.439052419488469,-9.439369144018706
0.7,-8.560000000000002,-9.276826492368201,-9.27841958955699,-9.278948209854343
0.7999999999999999,-8.200000000000003,-9.095005790087864,-9.097514634209386,-9.098346577745467
0.8999999999999999,-7.8000000000000025,-8.892498011893567,-8.93938519131742,-8.897518914386593
0.9999999999999999,-7.360000000000002,-8.66914941617137,-8.803647406873905,-8.67641480877317
1.0999999999999999,-6.880000000000002,-8.424791605943422,-8.68978340142538,-8.434978782718625
1.2,-6.360000000000001,-8.159242438089475,-8.59712945094501,-8.17315031483359
1.3,-5.800000000000001,-7.872307314275334,-8.524869227258325,-7.890863881963953
1.4000000000000001,-5.2,-7.5637808947798835,-8.472034272107276,-7.588049022620528
1.5000000000000002,-4.56,-7.233449249883232,-8.43751308227859,-7.264630427494119
1.6000000000000003,-3.879999999999999,-6.881092427030411,-8.420068774711586,-6.920528062729609
1.7000000000000004,-3.1599999999999984,-6.506487368797,-8.41836369795576,-6.555657332225403
1.8000000000000005,-2.3999999999999977,-6.109411072754953,-8.39487263513615,-6.169929285825394
1.9000000000000006,-1.5999999999999974,-5.689643847718078,-8.34940604826741,-5.76325088087928
2.0000000000000004,-0.7599999999999971,-5.279264892121164,-8.281784049470014,-5.3355253052712674
2.1000000000000005,0.120000000000003,-4.871214822639728,-8.191836581793243,-4.88665237067958
2.2000000000000006,1.040000000000003,-4.456801394781682,-8.079403470718814,-4.416528985575109
2.3000000000000007,2.0000000000000027,-4.026658698080825,-7.944334363211442,-3.925049718377495
2.400000000000001,3.000000000000002,-3.5727107009003065,-7.78648857250316,-3.4121074623922807
2.500000000000001,4.040000000000002,-3.0947833908974296,-7.6057348469700115,-2.8775942158574734
2.600000000000001,5.120000000000001,-2.5927411076972127,-7.401951080755845,-2.3214019929384166
2.700000000000001,6.24,-2.066486667995392,-7.1750239824898365,-1.7434238852767492
2.800000000000001,7.3999999999999995,-1.5159606509633075,-6.924848716776619,-1.143555299377233
2.9000000000000012,8.599999999999998,-0.9411403776043544,-6.651328531314357,-0.5216954036546934
3.0000000000000013,9.839999999999996,-0.3420390615132758,-6.354374380675451,0.1222511682543338
3.1000000000000014,11.119999999999996,0.2812944766754163,-6.033904556082666,0.7883722922443522
3.2000000000000015,9.879999999999997,0.9287752169681738,-5.689844329009739,1.4767459124782518
3.3000000000000016,8.679999999999998,1.6002165698091106,-5.3223841740531315,2.1869467007531145
3.4000000000000017,7.519999999999999,2.2953835339907673,-4.931740929784549,2.9184846288639057
3.5000000000000018,6.3999999999999995,3.013964584725101,-4.518160504294833,3.670802852254079
3.600000000000002,5.410958313122273,3.671077619830319,-4.081920197886789,4.443279048060155
3.700000000000002,4.546019230154028,4.272328536988804,-3.623313552971557,5.235256483705266
3.800000000000002,3.7960333055842774,4.82330489581485,-3.1426432094894907,6.046049299788848
3.900000000000002,3.1470519365362826,5.332159200904571,-2.6402195061881297,6.8749390880440675
4.000000000000002,2.5941229685955975,5.80215844315493,-2.116354288065051,7.721158291815042
4.100000000000001,2.132559106307771,6.237180607314671,-1.5713597561260113,8.583864467776397
4.200000000000001,1.7575315701703103,6.641377001270996,-1.0055423741482696,9.462092520423756
4.300000000000001,1.4643156260215269,7.018839520824202,-0.4192017907025194,10.354686074657273
4.4,1.2110994865150968,7.4069070692972705,0.18737275208314996,9.475004156387296
4.5,0.9978831305066906,7.805173732431844,0.8138914375564804,8.60923942368076
4.6,0.8246665930732004,8.213204076960114,1.4600659236121465,7.758170089698958
4.699999999999999,0.6914498518673948,8.630529086678164,2.125610628333456,6.922427580623294
4.799999999999999,0.5982329379744696,9.056641943707303,2.737908288957298,6.172218801831324
4.899999999999999,0.5450158276907766,9.491108432546207,3.301496326543929,5.503411429052953
4.999999999999998,0.5317985492083501,9.933453442159,3.819962268614663,4.9127332869031815
5.099999999999998,0.5585810771336018,10.383154592044072,4.2949165829011955,4.398768638557407
5.1999999999999975,0.62536343754305,9.940231935277492,4.734764738797,3.95363199751267
5.299999999999997,0.7321456028392368,9.504948195802278,5.156603801747887,3.561160755885266
5.399999999999997,0.8789275975437606,9.078102170746028,5.559788755567425,3.222047168522277
5.4999999999999964,1.065709391115846,8.660434762570507,5.945514629060093,2.935243191181309
5.599999999999996,1.292491006918462,8.252632960842215,6.3156865794131996,2.6990344106795137
5.699999999999996,1.5592724104044322,7.855337210651925,6.672444869689755,2.511494123955063
5.799999999999995,1.8660536240223204,7.46914933281705,7.017979971514433,2.370658150421624
5.899999999999995,2.2128346076495706,7.0946481422188965,7.354453399157209,2.274601921400987
5.999999999999995,2.599615382876199,6.732408947299561,7.708710382849603,2.1970731024471615
6.099999999999994,2.9911165500954966,6.418559089060845,8.080770667274894,2.1382085702101645
6.199999999999994,3.3887136322480487,6.152432609167347,8.470652858052688,2.0981393994416178
6.299999999999994,3.7938423486166193,5.933399211346331,8.8783788874681,2.0769901605846925
6.399999999999993,4.2080323710112335,5.760844875041097,9.303971830912568,2.0748796172507427
6.499999999999993,4.632944626408664,5.634150531112405,9.747460455813581,2.091919526105832
6.5999999999999925,5.070283481924301,5.552699658202538,10.20887754018425,2.1282159943420336
6.699999999999992,5.521705595690518,5.5158971554149305,9.765430167480982,2.183867912924185
6.799999999999992,5.988715768585172,5.523190314522872,9.34036116655763,2.258968701514376
6.8999999999999915,6.472641564756526,5.574068067113658,8.934035959573139,2.3536061648755973
6.999999999999991,6.974644868194355,5.668050848967903,8.54679528987497,2.4678624704541425
7.099999999999991,7.4957486747599305,5.804679675631922,8.178967211662696,2.6018140003195374
7.19999999999999,8.036863838922725,5.983508584904426,7.830874487970197,2.755531076867435
7.29999999999999,8.59880997106219,6.204100685489998,7.502838529861636,2.9290775614129445
7.39999999999999,9.182329458935763,6.466026635135791,7.217687057895825,3.102148034195644
7.499999999999989,9.788094877397219,6.76886428173612,6.974141866686683,3.2763252616794043
7.599999999999989,10.43376038547828,7.094005043168789,6.81281945683744,3.455207999853077
7.699999999999989,9.827916692401484,7.441641087207767,6.731550577924936,3.6422188189526157
7.799999999999988,9.308138268446678,7.769187268368651,6.728052874783879,3.840253912740439
7.899999999999988,8.869692365285713,8.080405471729138,6.8002924535648015,4.0423525891274
7.999999999999988,8.508114768971712,8.378782511322743,6.94578226597084,4.254890373023754
8.099999999999987,8.219247576584326,8.667561481325924,7.162148134679251,4.4843409420480755
8.199999999999987,7.999259392552033,8.94976482046852,7.447094062015793,4.73713561016331
8.299999999999986,7.844639535459674,9.228213025497926,7.798439084995978,5.019488730082575
8.399999999999986,7.752174887749529,9.505540138865811,8.164814601582473,5.325566396505186
8.499999999999986,7.699371819829959,9.800794559998854,8.546208249587586,5.654981493034072
8.599999999999985,7.686191696494135,10.113721296641438,8.942623383551348,6.007330925293394
8.699999999999985,7.7125942639810745,9.818253683433296,9.35407347957312,6.382201212155656
8.799999999999985,7.778537250405213,9.540589503184888,9.780577186016602,6.779172064882841
8.899999999999984,7.88397587862228,9.281087385500497,10.222153365658283,7.197818232850065
8.999999999999984,8.028862265487774,9.040126112256658,9.83982072887091,7.595759977072518
9.099999999999984,8.21314466937405,8.81810675872419,9.513763767831167,7.976094132716459
9.199999999999983,8.436766530174353,8.615451108104056,9.241100916585939,8.341810907612905
9.299999999999983,8.699665219034186,8.432596471746859,9.019085206232532,8.695758975261482
9.399999999999983,9.001770372122905,8.269987476544285,8.845155509334546,9.04060236410793
9.499999999999982,9.343001611866073,8.128065908853506,8.716968918361617,9.378792075497094
9.599999999999982,9.723265337155567,8.007260088297773,8.63240642741884,9.7125610317227
9.699999999999982,10.14245004457751,7.907975278974198,8.589558705122368,10.043936529044597
9.799999999999981,9.762049810850957,7.8305862892496885,8.553565229067013,9.743489899646018
9.89999999999998,9.420654980041238,7.774842825817856,8.525368808912733,9.473443859488587
9.99999999999998,9.118441775806337,7.740500271729,8.505866051148484,9.233238608891636
10.09999999999998,8.855553932081028,7.727324122697165,8.495904261127812,9.02230316777163
10.19999999999998,8.632110798670288,7.735093577955453,8.496280333715125,8.840069912800452
10.29999999999998,8.448212893701516,7.763604227533699,8.507741096826987,8.685984629443867
10.399999999999979,8.303945801408602,7.812669876658994,8.530984635977164,8.559513207138531
10.499999999999979,8.199382954640893,7.882123615780636,8.566662223137815,8.460145882000955
10.599999999999978,8.13458763575907,7.971818279142587,8.61538057011769,8.387399720259252
10.699999999999978,8.109614405945685,8.081626441641628,8.677704209579685,8.340819857376507
10.799999999999978,8.124510094689981,8.211440091887034,8.754157870529578,8.319979867195416
10.899999999999977,8.179314428232683,8.361170097501946,8.84522876022827,8.324481529101575
10.999999999999977,8.274060336243856,8.530745553219587,8.951368694056564,8.35395418295903
11.099999999999977,8.408773942061119,8.720113077151451,9.072996032333565,8.408053804886022
11.199999999999976,8.583474206944343,8.92923609747882,9.214274109303325,8.481891477090901
11.299999999999976,8.798172155937213,9.158094150815385,9.37517559323743,8.57554206105328
11.399999999999975,9.052869552101287,9.406682193382165,9.555672677317585,8.689079458853447
11.499999999999975,9.347564235964446,9.675002222049383,9.755733896962722,8.822577845639438
11.599999999999975,9.682240700569233,9.963071205019643,9.975326742680295,8.976111687285966
11.699999999999974,10.05686538045667,10.270921576651709,10.214416723487703,9.149755953488025
11.799999999999974,9.7221297065208,9.982900750000761,9.994786021203659,9.343586233508711
11.899999999999974,9.427240216134145,9.7146649304957,9.794576824898495,9.557484333779975
11.999999999999973,9.172153205167833,9.466181579109545,9.613762037095833,9.79133263945995
12.099999999999973,8.956824500019431,9.237431398300414,9.452324844840401,10.045014244635205
12.199999999999973,8.781209535134682,9.028409636324227,9.310258426522473,9.81104963237291
12.299999999999972,8.645263244728387,8.83912748309388,9.187565735010644,9.596817026296561
12.399999999999972,8.548939839818186,8.669613569598255,9.084259340851906,9.402334701945044
12.499999999999972,8.49219250239317,8.519915561157012,9.000361322234165,9.227621168156917
12.599999999999971,8.47497300680066,8.390101804685639,8.935903189953951,9.072695512972034
12.69999999999997,8.491552013303476,8.287632123780853,8.890925836082271,8.937577594886692
12.79999999999997,8.541495019245843,8.212973671712154,8.86547741684725,8.822286593723861
12.89999999999997,8.62441773968471,8.166558139323305,8.859613092190326,8.726840771598424
12.99999999999997,8.739981779944353,8.14878378264066,8.868836024546871,8.656570220870343
13.09999999999997,8.887890138933589,8.160017113079135,8.89367503082204,8.611056307897993
13.199999999999969,9.067882564238657,8.200594245420593,8.934625769409433,8.589915251885394
13.299999999999969,9.27973080615407,8.2708218760172,8.992152560849952,8.592794676519139
13.399999999999968,9.523233838426805,8.37097783835304,9.066689996354109,8.619370090153563
13.499999999999968,9.798213120289969,8.50131115495329,9.158644298510016,8.669341260409325
13.599999999999968,10.104507960029643,8.662041471887386,9.26839439200273,8.74242843639297
13.699999999999967,9.860010803362615,8.82425971030837,9.396292632291988,8.838368357285407
13.799999999999967,9.674682050259916,8.990095740860909,9.542436376430333,8.95673217501041
13.899999999999967,9.546038339237755,9.161523661038423,9.706908484710144,9.097103400208283
13.999999999999966,9.471754730876004,9.340370213900774,9.889776147747495,9.259072977001148
14.099999999999966,9.449669246369442,9.528321554747858,10.091088853282892,9.442233679502426
14.199999999999966,9.477780633942785,9.726928896033385,9.9283811880644,9.62704897489402
14.299999999999965,9.554241290497515,9.937613089567112,9.802676551518717,9.814795130207894
14.399999999999965,9.677347268212518,10.161667934066541,9.712487771550647,10.006615054224055
14.499999999999964,9.823121352801888,9.97343740424361,9.637254815789154,9.838103156855842
14.599999999999964,9.992145420936803,9.820954363481373,9.577384395395821,9.6925830153184
14.699999999999964,10.184968149470558,9.704132060557987,9.53324595989058,9.56975800080496
14.799999999999963,10.035732916956551,9.604556544185305,9.505174081601476,9.469349165902067
14.899999999999963,10.212356042294035,9.537538927829784,9.493320836109364,9.390976835573179
14.999999999999963,10.080947720452908,9.486389650432367,9.497932234939636,9.334368957188646
15.099999999999962,10.24298945020121,9.464794448913496,9.519088345359496,9.299158741524728
15.199999999999962,10.127690819658191,9.457638589300265,9.556957378091079,9.285075558370341
15.299999999999962,10.276654771877432,9.477170982058855,9.61155376732778,9.291758163430389
15.399999999999961,10.175875185333286,9.509706635285951,9.682968401757115,9.318926363224026
15.499999999999961,10.313053805197676,9.566203757361555,9.771146684072773,9.366211121064795
15.59999999999996,10.225346815152669,9.634269980833784,9.876102163046843,9.43331230553668
15.69999999999996,10.351893757164598,9.723706485923254,9.997709417465014,9.519841987547832
15.79999999999996,10.275944489023088,9.823290322532394,10.135901737601243,9.62546910591315
15.89999999999996,10.39288925599076,9.941785925571207,10.027912649695239,9.736646692367941
15.99999999999996,10.327503549462891,10.069028222576014,10.15424539042468,9.864444322992565
16.09999999999996,10.423044116205904,9.9704550997503,10.05851144069938,9.996590897550393
16.19999999999996,10.367096792993898,9.891963216580915,10.17413190864763,10.143020434901462
16.29999999999996,10.456052311074435,9.839926603474968,10.074782097775033,10.0136670474305
16.399999999999963,10.408629547011508,9.806508680591836,10.193502979869004,10.157384449802858
16.499999999999964,10.491687237055402,9.797348873150368,10.09115512934238,10.030269378830335
16.599999999999966,10.451960020149556,9.805297711500161,10.21245342791205,10.17181644709643
16.699999999999967,10.529731810777477,9.835343179782708,10.10761801842266,10.046491129960913
16.79999999999997,10.496950973629104,9.880962152900052,10.231071548073546,10.186314181045356
16.89999999999997,10.569981921705269,9.946563754798392,10.124171478479,10.062416833538801
16.99999999999997,10.543469659862089,10.026195080200802,10.249439745944994,10.200884127088992
17.099999999999973,10.604281655040928,9.97205244841558,10.140826400769736,10.07812388650019
17.199999999999974,10.583369063512277,9.93833245231761,10.267631065788942,10.215536931018535
17.299999999999976,10.641110171495376,9.928059093242268,10.157597315811042,10.093681018720856
17.399999999999977,10.62527015846882,9.936565253309302,10.285717927383448,10.230292266802108
17.49999999999998,10.680277584134371,9.966474918832652,10.174508884864226,10.10915550986632
17.59999999999998,10.669032331791161,10.013491221301985,10.303768038456797,10.24517466550876
17.69999999999998,10.716901970337155,9.990322173840736,10.191589668907406,10.124611017177855
17.799999999999983,10.70977195613963,9.987252754964064,10.321842123635305,10.260211021433697
17.899999999999984,10.75589853654898,10.005998094743164,10.208868138544382,10.140106694299108
17.999999999999986,10.750631125862862,10.007374481848872,10.339998561832575,10.27543350609197
18.099999999999987,10.795059944780807,10.027782650072952,10.226375082710044,10.155700675228086
18.19999999999999,10.791310910689733,10.027784542158214,10.358289318824257,10.290876369359385
18.29999999999999,10.834353505664492,10.049559605556562,10.24414008827507,10.171449264639293
18.39999999999999,10.831841724763834,10.048445909191702,10.376760113047112,10.306576084079497
18.499999999999993,10.873752142848662,10.071344957459624,10.262189688948894,10.187407211742439
18.599999999999994,10.872248029091867,10.069326003947308,10.395449067581815,10.322570606577244
18.699999999999996,10.9132334761635,10.093149557575382,10.280545040442986,10.203627557392226
18.799999999999997,10.912549552347375,10.090396120490084,10.414384944676966,10.338898443030489
18.9,10.952779074741356,10.114980292600718,10.299219302142951,10.220161104153712
19.0,10.952762277859506,10.11163094006238,10.433585060012968,10.355597429552043
19.1,10.992373835521976,10.136841024990234,10.318214857417528,10.237055430458868
19.200000000000003,10.99289923246923,10.133008111275622,10.453053104134849,10.37270313893738
19.300000000000004,11.032005460582718,10.158733335305604,10.33752067080717,10.254353377340347
19.400000000000006,11.032971114262617,10.15450788136991,10.472777259931096,10.390246851917526
19.500000000000007,11.071664017525126,10.180657101683476,10.357110266265805,10.272090972731723
19.60000000000001,11.072986793199982,10.176112769190327,10.492729155380681,10.408253089266761
19.70000000000001,11.111341572156114,10.202610947850284,10.376940950898968,10.29029484050798
19.80000000000001,11.112953712752752,10.197807274439707,10.512864252529914,10.426736807508336
19.900000000000013,11.151031883829114,10.224592587018822,10.39695490228724,10.30897928311882
20.000000000000014,11.152878213465199,10.219577620242456,10.53312415465867,10.445700521531354
20.100000000000016,11.190730152960327,10.246599085029887,10.417082490128895,10.328143426057267
20.200000000000017,11.192765792369368,10.241411527443903,10.55344096255254,10.465131815249796
20.30000000000002,11.230432809005723,10.268627062334406,10.437247705084008,10.347769032437302
20.40000000000002,11.232621306532135,10.263298019707168,10.57374328542361,10.485001878362656
20.50000000000002,11.270137326701516,10.29067285093774,10.457374959452936,10.36781974749291
20.600000000000023,11.272449125363943,10.285227258630046,10.593962999329381,10.50526575923734
20.700000000000024,11.309842059230263,10.312732619311557,10.477396066659129,10.388242484917765
20.800000000000026,11.312253234841297,10.307190407989243,10.61404158243339,10.525864835036622
20.900000000000027,11.349546079273507,10.334802475542975,10.497256134693341,10.408971310964503
21.00000000000003,11.352037297232448,10.32917952595718,10.633934979680754,10.546731525663548
21.10000000000003,11.389249022342831,10.35687855661913,10.516917466398805,10.429933538994813
21.20000000000003,11.39180467169628,10.351187483796469,10.653616398832204,10.567795631316867
21.300000000000033,11.428950930771187,10.378957109694033,10.536361163038183,10.451057034450265
21.400000000000034,11.43155840350471,10.373207909147432,10.673076998229952,10.58899112203978
21.500000000000036,11.468652100605777,10.4010345693969,10.555586696546497,10.472277283339917
21.600000000000037,11.471301191850749,10.395235151591667,10.69232486489858,10.61026202739805
21.70000000000004,11.508352936712145,10.423107633662108,10.57461004939854,10.493542831987652
21.80000000000004,11.511035347585072,10.417264267701979,10.711382881093906,10.631566354792017
21.90000000000004,11.548053823161878,10.445173339150156,10.593571612157099,10.513765135901158
22.000000000000043,11.55076275231587,10.439291022286763,10.730397654964612,10.651826249556429
22.100000000000044,11.587755016148643,10.467229136066877,10.612309268945987,10.535036991183658
22.200000000000045,11.59048482891934,10.461311902030687,10.749230123300107,10.673138602532209
22.300000000000047,11.627456565247241,10.489272961079,10.631019569186249,10.556289328230472
22.40000000000005,11.630202530739195,10.483324137265708,10.768072468177198,10.694426922604205
22.50000000000005,11.667158266061405,10.511303306093504,10.649788961952794,10.577493951052272
22.60000000000005,11.66991635297091,10.505325727232607,10.78700620900729,10.715659512578089
22.700000000000053,11.706859643699843,10.533319279955377,10.668696710000189,10.59861492209157
22.800000000000054,11.709626365508994,10.527315463974647,10.806103372992718,10.736797118548218
22.900000000000055,11.74655996274111,10.555320659667483,10.68780933429699,10.619608797270772
23.000000000000057,11.74933226258099,10.549292949998959,10.82542107617546,10.757793576799441
23.10000000000006,11.786258256116907,10.57730792758436,10.707174922117467,10.640425837694742
23.20000000000006,11.789033421495455,10.571258605090623,10.844995976367132,10.778597426681156
23.30000000000006,11.82595336331281,10.599282291199208,10.726817295631005,10.661012220288573
23.400000000000063,11.828728961358628,10.593213658189258,10.864838935200888,10.799154450095799
23.500000000000064,11.865643967915226,10.621245682626492,10.746730772963526,10.68131307976244
23.600000000000065,11.868417792985666,10.615160121030504,10.884930922355636,10.819410913778295
23.700000000000067,11.905328625994809,10.643200735650481,10.766876998650757,10.701276030380319
23.800000000000068,11.908098653444705,10.637100741279014,10.905221747061754,10.839317127470062
23.90000000000007,11.945005779941425,10.665150739206638,10.78718572184594,10.720854701450623
24.00000000000007,11.94777012237991,10.65903893407519,10.925633210156706,10.858830842538476
24.100000000000072,11.984673756659044,10.687099567312886,10.807560961069381,10.740011814471645
24.200000000000074,11.987430621817351,10.68097869220826,10.946067368189915,10.877920031142894
24.300000000000075,12.02433075374109,10.709051586685465,10.827892470783057,10.75872142771748
24.400000000000077,12.027078405720307,10.70292447642924,10.966418888200808,10.896564702616782
24.500000000000078,12.06397482149785,10.731011544472413,10.8480703300938,10.77697013783413
24.60000000000008,12.066711549226671,10.724881088646628,10.986588760089134,10.914757601310514
24.70000000000008,12.103603851638194,10.752984439636716,10.86799902978445,10.794757213145799
24.800000000000082,12.10632794946999,10.746853531832217,11.006496011707577,10.932503840286167
24.900000000000084,12.143215584336625,10.77497538245326,10.887607656946152,10.81209380206839
25.000000000000085,12.145925349609213,10.768846861343828,11.026084981551701,10.94981970080329
25.100000000000087,12.182807643975147,10.796989447296289,10.906854515283582,10.829001479863798
25.200000000000088,12.185501394993098,10.790866033001207,11.045327516658741,10.966730922505967
25.30000000000009,12.222377610076588,10.819031524350338,10.92572660037163,10.845510445294549
25.40000000000009,12.225053725521692,10.812915753600162,11.064221075997473,10.983270811343234
25.500000000000092,12.261923124317281,10.841106176053898,10.944235654494822,10.861657655147066
25.600000000000094,12.264580101926922,10.83500033960142,11.082784454527708,10.999478425853011
25.700000000000095,12.301442027888518,10.863217503971496,10.962412752746634,10.877485112659224
25.800000000000097,12.304078556904136,10.857123589480803,11.10105273840676,11.015397008267573
25.900000000000098,12.340932516995487,10.885369031387867,10.980302895217678,10.89303843861185
26.0000000000001,12.343547555987554,10.879288674685995,11.11907257625759,11.031072738789069
26.1000000000001,12.380393299134296,10.907563606243208,10.99796041288716,10.908365776950019
26.200000000000102,12.382986148930376,10.90149805333754,11.136898290742037,11.046553826075659
26.300000000000104,12.419823730006032,10.929803328112095,11.015445452571987,10.923517031958788
26.400000000000105,12.422394091005414,10.92375340978127,11.154588945674696,11.061889906663437
26.500000000000107,12.459223911174142,10.952089501820533,11.032821476146697,10.93854340142486
26.600000000000108,12.461771915506858,10.946055621908766,11.172206251209332,11.077131705346021
26.70000000000011,12.498594731996555,10.974422619064606,11.050153553373534,10.953497154282992
26.80000000000011,12.501120943676328,10.96840475689315,11.189813085777255,11.092330900084287
26.900000000000112,12.537937845562892,10.996802368126236,11.067507176128474,10.96843159505991
27.000000000000114,12.54044322562937,10.99080009473322,11.207472381153844,11.107540132281764
27.100000000000115,12.57725557645472,11.019227670570281,11.084947316924913,10.983401154928892
27.200000000000117,12.579741414539384,11.013240177854675,11.225246114187636,11.122813101285088
27.300000000000118,12.616550766913445,11.041696742741964,11.102537461529126,10.99846154570539
27.40000000000012,12.619548297496435,11.033229313076994,11.24319415242027,11.138204677218253
27.50000000000012,12.656365626249647,11.061717851842703,11.120338393463355,11.013669972930193
27.600000000000122,12.659372019185348,11.053256708987494,11.261372308023294,11.153770775499716
27.700000000000124,12.69620871823707,11.081782900005939,11.138405540143875,11.02908463484588
27.800000000000125,12.699234443542608,11.073334170276777,11.279830179546055,11.169568185090835
27.900000000000126,12.736097554109062,11.10190344478687,11.156787256204607,11.0447650975883
28.000000000000128,12.739147825151816,11.093473281835887,11.298608683498356,11.18565453431363
28.10000000000013,12.776037585251126,11.122090750042833,11.175521288829884,11.06077182447859
28.20000000000013,12.77911025397729,11.11368521310112,11.31773621136693,11.202087546767146
28.300000000000132,12.816019261181067,11.14235551825494,11.194630242286989,11.077165164994415
28.400000000000134,12.819104569519158,11.133980370701064,11.337224037848904,11.218923693080686
28.500000000000135,12.856019123328323,11.1627074785501,11.214116388331071,11.094003587334152
28.600000000000136,12.859101745670785,11.15436792373728,11.357061559524828,11.236216045524053
28.700000000000138,12.896018955541704,11.183170731347674,11.233959714126792,11.11134278867482
28.80000000000014,12.899095304289395,11.174886352044737,11.377218960272758,11.254015085126568
28.90000000000014,12.93599764402308,11.203765271588008,11.254111281914037,11.129229662651563
29.000000000000142,12.93905015792088,11.195537247584134,11.397632038430803,11.272356319439782
29.100000000000144,12.975923351691327,11.224490281281993,11.274490415438958,11.147695531074174
29.200000000000145,12.978939329754896,11.216317506992205,11.418211903147382,11.291259404651308
29.300000000000146,13.015777250698832,11.24534035446546,11.294993383030121,11.166752298735206
29.400000000000148,13.018753323670559,11.237219570645998,11.438852653332155,11.31072303429193
29.50000000000015,13.05556073745622,11.266305915037933,11.315504160755555,11.186387024367491
29.60000000000015,13.058504762903182,11.258232012710517,11.45944314641837,11.330720789188097
29.700000000000152,13.095296826276265,11.287373974059252,11.335908564360698,11.206558301873782
29.800000000000153,13.09822638154987,11.279340451733793,11.479880423149579,11.351199583958657
29.900000000000155,13.135024764512544,11.308529171142858,11.356108342493194,11.227196386513944
30.000000000000156,13.137962371520867,11.300528703627833,11.50008158814904,11.372082328815132
30.100000000000158,13.17478881681482,11.329755000711032,11.376031797249036,11.24820857425631
30.20000000000016,13.177754926555007,11.32178006021954,11.519991598661242,11.393275519884101
30.30000000000016,13.214623846302691,11.351035093474623,11.395770446574643,11.268378054862044
30.400000000000162,13.217629390594022,11.343078554751317,11.539697056329093,11.413599912625497
30.500000000000163,13.254541728083412,11.372354412466187,11.41521347485956,11.28873052227662
30.600000000000165,13.257582679970893,11.364410074845646,11.55914582235855,11.434051032066419
30.700000000000166,13.294523558388315,11.393700233131323,11.434413072094019,11.309174374859287
30.800000000000168,13.297580081762183,11.385763203349956,11.578399882246014,11.454545599952262
30.90000000000017,13.334522184026934,11.415062805958057,11.453446730480286,11.329625024026223
31.00000000000017,13.337577263542858,11.407143555146384,11.597543507386593,11.475044929482568
31.100000000000172,13.374501732833092,11.436462964829813,11.472412817982896,11.350076059972142
31.200000000000173,13.377522288067503,11.42855854537557,11.616591494724966,11.496536035372053
31.300000000000175,13.414401033807277,11.457894654345592,11.491235113467312,11.37155548012363
31.400000000000176,13.417361628482112,11.450002357803339,11.635730841476603,11.51790261886423
31.500000000000178,13.454182390285851,11.479352322929493,11.510241900177077,11.392820802726156
31.60000000000018,13.45707640054993,11.471469454797164,11.655072781708519,11.539048322933573
31.70000000000018,13.493849638892227,11.50083042036344,11.529531429297283,11.413778241004408
31.800000000000182,13.496693927066845,11.492954031068331,11.67470217898221,11.559881445991397
31.900000000000183,13.533451164019567,11.522322844427308,11.549168989666136,11.43434270466493
32.000000000000185,13.536281793297123,11.5144494570729,11.694666296522193,11.580320590665888
32.100000000000186,13.573065239459499,11.543822420556483,11.569174862751648,11.454443103033725
32.20000000000019,13.575924859368016,11.535947794490294,11.71496421449908,11.60029911066992
32.30000000000019,13.612771022511504,11.565320491965437,11.589514165084346,11.474025717324121
32.40000000000019,13.615691176683411,11.557439459059928,11.735540267545947,11.619767896995041
32.50000000000019,13.65261349359557,11.586806689514008,11.610093460423492,11.49305551418393
32.60000000000019,13.6555976841766,11.578913096664637,11.756286308819838,11.638696509665525
32.700000000000195,13.692575530180267,11.608268939274168,11.63076952899989,11.511515811263193
32.800000000000196,13.695591386646603,11.600355724453395,11.77705624307632,11.65707294928651
32.9000000000002,13.732573568477449,11.629693748756203,11.65137201407676,11.52940691881605
33.0000000000002,13.735584454748933,11.621769959039655,11.797695643990856,11.674905159366775
33.1000000000002,13.772529543705025,11.651100340254525,11.671742852730878,11.546749336569997
33.2000000000002,13.775469478532193,11.643157298777126,11.81806607530891,11.692216130772465
33.3000000000002,13.812325580756744,11.672472114932834,11.691748324959665,11.563571122451135
33.400000000000205,13.81515019337276,11.664499206167402,11.838061534183117,11.709038163176784
33.500000000000206,13.851907065603658,11.693789264131274,11.71130344260611,11.579910235547832
33.60000000000021,13.854620216481326,11.685774575776499,11.857622629657733,11.725412673906659
33.70000000000021,13.891320730369364,11.71503018855928,11.73037488258044,11.59581220847339
33.80000000000021,13.893978595449386,11.706961464022687,11.876735224412636,11.741387650420409
33.90000000000021,13.9307035635318,11.736173471641168,11.7489738079994,11.611328072540754
34.00000000000021,13.933392183951458,11.728039280680374,11.895422278401469,11.757015577915373
34.100000000000215,13.970222760886022,11.757200198605867,11.767144528253468,11.626512695741404
34.200000000000216,13.97301490491019,11.748991183147572,11.913733712425868,11.772351950165529
34.30000000000022,14.009984794346044,11.778096324303753,11.784953501830433,11.641423607757979
34.40000000000022,14.012890546193542,11.769806348382312,11.93173736606523,11.7874543433546
34.50000000000022,14.049950635173788,11.798854749235254,11.80248078063253,11.656120296088867
34.60000000000022,14.05289047911661,11.790481781376476,11.949496173849003,11.801509257895363
34.70000000000022,14.089919460736779,11.819476778252518,11.819856058793594,11.669755207188375
34.800000000000225,14.092890213150246,11.811046828303212,11.967100085645509,11.81547452367162
34.900000000000226,14.129872687474794,11.84001925870227,11.837102705204092,11.683340093408962
35.00000000000023,14.132711367260946,11.83153751980958,11.984614044822953,11.877506882367184
35.10000000000023,14.16951096662571,11.860495150856302,11.854283007621762,11.696851764288349
35.20000000000023,14.17209957409443,11.851966683280663,12.002097667510226,11.939194867126469
35.30000000000023,14.208698278853493,11.880916598259695,11.87145996888179,11.710428981344641
35.40000000000023,14.211060171994959,11.872346243483554,12.019610826233777,12.000074339630116
35.500000000000234,14.247592540684048,11.90129502192536,11.888696760106773,11.724232479659245
35.600000000000236,14.249896393094616,11.89268797490436,12.037213246590442,12.05940317175741
35.70000000000024,14.286579423804067,11.921642486123414,11.906056519461208,11.738461466570499
35.80000000000024,14.289043785856048,11.913005314085982,12.054964244818205,12.116168633856937
35.90000000000024,14.326029853978545,11.941973809932906,11.923602051561346,11.753372311864588
36.00000000000024,14.32875200608627,11.933315543868863,12.072922152854634,12.132457574080801
36.10000000000024,14.365959719773539,11.962308620818057,11.941394947241516,11.769295205952453
36.200000000000244,14.368750945334975,11.95364148735031,12.091142979074702,12.149723925136026
36.300000000000246,14.405879281976638,11.982700962770071,11.959500785358546,11.78636356239088
36.40000000000025,14.408372887043736,11.974066847876434,12.109692452187824,12.16803190107047
36.50000000000025,14.445094429514695,12.003202395390709,11.977976645663537,11.804641680343407
36.60000000000025,14.447025979193386,11.994609785706011,12.128609057681672,12.187341825140695
36.70000000000025,14.483400213439946,12.02382576639682,11.996858167375073,11.824047866505214
36.80000000000025,14.484949762595644,12.015279029587779,12.147915109406668,12.207468297719052
36.900000000000254,-4.77355580359661,1.1973461510505523,9.769860037909213,-2.2112156793918256
37.000000000000256,-4.66272260106522,1.2508066343727766,9.866476556426406,-2.16281678457521
37.10000000000026,-4.52260884093258,1.3220610743152261,9.978265789235722,-2.098617098596182
37.20000000000026,-4.353244775024365,1.411116837362081,10.105240065869781,-2.0185932248338743
37.30000000000026,-4.154661111689198,1.5179803434574761,9.993460136291707,-1.922717847395545
37.40000000000026,-3.9268891207647787,1.6426570582527171,9.89689767157326,-1.8109592983877796
37.50000000000026,-3.6699607466856445,1.7851514620038484,9.815565403776137,-1.683281011989363
37.600000000000264,-3.383908731726441,1.945466992409672,9.74946604991053,-1.5396408199756393
37.700000000000266,-3.0687667517291572,2.123605957416977,9.698592595390764,-1.3799900199173758
37.80000000000027,-2.724569567122383,2.319569412392415,9.662928539208558,-1.20427210770778
37.90000000000027,-2.3513531926362643,2.533356993896386,9.64244815688628,-1.01242099642693
38.00000000000027,-1.9491550898915107,2.764966699336145,9.637116851930804,-0.8043584147058569
38.10000000000027,-1.5612166324180639,3.0143945976284257,9.646891690794337,-0.5799899245484503
38.20000000000027,-1.19570901249463,3.2816224258056894,9.684507068609198,-0.3327187128050658
38.300000000000274,-1.105205233865051,3.5665442788836716,9.751837682939588,-0.06494431379573501
38.400000000000276,-1.2349435652640681,3.8689844519214978,9.85100986093635,0.21047414068280956
38.50000000000028,-1.2532392553973735,4.188791802410926,9.965203146314837,0.49611673593409517
38.60000000000028,-1.612010976831182,4.234973832754954,10.007258239634009,0.5411999817621462
38.70000000000028,-1.618923296671939,4.281062819205932,9.962992307435854,0.5860537257761527
38.80000000000028,-1.6401218283807912,4.327074643194911,9.92724730267814,0.6227109326003798
38.90000000000028,-1.6736205863821583,4.37302189009129,9.903733334871152,0.6527301244840866
39.000000000000284,-1.7164707792974194,4.418915120524946,9.894989545914305,0.6787915474308589
39.100000000000286,-1.7659537282673905,4.464763339890382,9.901125551500924,0.7028525528066465
39.20000000000029,-1.8199651371570114,4.510574130858724,9.920006785881249,0.7261305937455599
39.30000000000029,-1.8769965075844024,4.5563537543274695,9.948489593514068,0.7493465551486224
39.40000000000029,-1.9360000894757736,4.602107297599173,9.983555739372184,0.7729207602668187
39.50000000000029,-1.9962548582073663,4.647838854251536,10.022841640084966,0.7970976229684481
39.60000000000029,-2.0572639128914876,4.69355170597493,9.985137172636286,0.8220196682419477
39.700000000000294,-2.118682758908348,4.7392484868337155,9.958401182894013,0.8477704508683463
39.800000000000296,-2.1848597621408183,4.784931321819213,9.94580973979091,0.8759967268959795
39.9000000000003,-2.254186140906448,4.83060163697109,9.948488050615397,0.9060204582615454
40.0000000000003,-2.3256095420032477,4.876260907003911,9.96499755662638,0.9374830884176759
40.1000000000003,-2.398447956643378,4.921910506699041,9.992290026603003,0.9701928988867548
40.2000000000003,-2.472257616099568,4.967551658372208,10.027059411034143,0.9942066713172188
40.3000000000003,-2.546746863797753,5.013185426299631,9.99880638808929,1.0327747931155202
40.400000000000304,-2.6217217307866365,5.058812730579179,9.98410371151298,1.0783634504791006
40.500000000000306,-2.6970517311338087,5.104434366758574,9.984725918716023,1.1371987144098086
40.60000000000031,-2.772648203625565,5.15005102517145,9.999811496247256,1.1936269670881998
40.70000000000031,-7.372594087976771,-6.235390687593795,-8.965400058407061,2.466995633649808
40.80000000000031,-7.27570531791425,-6.1931207387232945,-8.915635447159744,2.560429973633547
40.90000000000031,-7.177244907053874,-6.146471235254704,-8.86756529910655,2.6541688836946467
41.00000000000031,-7.077838750352495,-6.0979745656786974,-8.821044359156325,2.7481466123457547
41.100000000000314,-6.977719216236178,-6.0489067978582085,-8.775734420777919,2.8423430726709555
41.200000000000315,-6.876989083689025,-5.999832000167199,-8.731304269896377,2.936726771617366
41.30000000000032,-6.775703627593944,-5.950954883663773,-8.687485557361445,3.0312596919926516
41.40000000000032,-6.709458109901358,-5.902315103096787,-8.644076969041297,3.1259034850468335
41.50000000000032,-6.6418780074283434,-5.853921683749228,-8.600947918405533,3.2206242720373317
41.60000000000032,-6.575792577303669,-5.805727644458349,-8.557996802300305,3.315390612333268
41.70000000000032,-6.511229184001232,-5.757686943461465,-8.515153172339371,3.410174039732509
41.800000000000324,-6.447721620138927,-5.709759734182819,-8.472368187797514,3.455023241629596
41.900000000000325,-6.384865284071864,-5.661913863105078,-8.429607962596004,3.4987677833865534
42.00000000000033,-6.3223910209017555,-5.61412445478642,-8.386848946537176,3.5410027425646966
42.10000000000033,-6.26013554886016,-5.566372763686816,-8.344074729158029,3.58169999341595
42.20000000000033,-6.198003806383324,-5.518644896113136,-8.301273833411166,3.621008812534849
42.30000000000033,-6.13594156809622,-5.470930659082493,-8.258438194212802,3.6591430885329914
42.40000000000033,-6.073918231416762,-5.423222616607792,-8.215562109086147,3.6963236562598256
42.500000000000334,-6.012060800011094,-5.3755200811306105,-8.172641837217776,3.732752108408848
42.600000000000335,-5.950276314894814,-5.327807500515467,-8.129673894176191,3.7686013425368317
42.70000000000034,-5.888515276464334,-5.280074494357559,-8.086655270484139,3.804014375986154
42.80000000000034,-5.826751612557548,-5.232314131629699,-8.043583481723989,3.8391068209344814
42.90000000000034,-5.764971689536396,-5.18452177900878,-8.00045652348582,3.8739707260811977
43.00000000000034,-5.703168418510011,-5.1366943343728355,-7.95727279274099,3.9086786201295958
43.10000000000034,-5.6413381316742095,-5.088829717084312,-7.914031005134944,3.9432872338358314
43.200000000000344,-5.579478938461984,-5.040926528668728,-7.870730120847509,3.977840707132785
43.300000000000345,-5.517589864814717,-4.992983826480876,-7.8273692831725805,4.012373249548322
43.40000000000035,-5.455670404544792,-4.945000972388357,-7.783947769956731,4.046911295179733
43.50000000000035,-5.393720286658018,-4.896977531372227,-7.740464956365106,4.081475220963906
43.60000000000035,-5.331739355423919,-4.848913203426451,-7.696920286942628,4.116080702014936
43.70000000000035,-5.269727509059152,-4.800807777725673,-7.653313254982735,4.1507397726001045
43.80000000000035,-5.207684668717877,-4.752661101718878,-7.609643387479413,4.185461652194943
43.900000000000354,-5.145610763040021,-4.704473060247694,-7.565910234260046,4.220253386125851
44.000000000000355,-5.0835057206064915,-4.656243561409106,-7.522113360202761,4.255120341016301
44.10000000000036,-5.021369466356139,-4.607972526962176,-7.478252339704035,4.290066587166188
44.20000000000036,-4.937390096630006,-9.949030301191542,-14.94530581326632,-10.204140127339807
44.30000000000036,-4.874780193260012,-9.898556220795962,-14.989117111473892,-10.26322237490559
44.40000000000036,-4.812170289890018,-9.848436940971506,-14.935130117398176,-10.246051300110738
44.50000000000036,-4.749560386520024,-9.79856437953329,-14.977222535702884,-10.266518839933843
44.600000000000364,-4.68695048315003,-9.748859874883786,-14.924403347083805,-10.265044918349028
44.700000000000365,-4.624340579780036,-9.699267855822832,-14.964001329165752,-10.273875293169208
44.80000000000037,-4.561730676410042,-9.649749758618633,-14.912815682560542,-10.254904873407682
44.90000000000037,-4.4991207730400475,-9.600279120463258,-14.949234639278636,-10.254380292208666
45.00000000000037,-4.4365108696700535,-9.55083791426114,-14.900106513838965,-10.229954744065632
45.10000000000037,-4.373900966300059,-9.50141391962136,-14.93283221704335,-10.23806343520702
45.20000000000037,-4.311291062930065,-9.45199888105803,-14.88609988928334,-10.205081824914204
45.300000000000374,-4.248681159560071,-9.40258723620653,-14.914833874494763,-10.227621027178477
45.400000000000375,-4.186071256190077,-9.353175245651972,-14.870720515402022,-10.18343868324479
45.50000000000038,-4.123461352820083,-9.303760401066077,-14.895382354434453,-10.223614499596284
45.60000000000038,-4.060851449450089,-9.254341024203796,-14.853987433247926,-10.17068760153974
45.70000000000038,-3.998241546080095,-9.204915995911714,-14.874681455081506,-10.216415557666796
45.80000000000038,-3.935631642710101,-9.155484573310575,-14.83599156927818,-10.16549499163381
45.90000000000038,-3.873021739340107,-9.106046266604073,-14.85295510296709,-10.198958163264436
46.000000000000384,-3.810411835970113,-9.05660075613096,-14.816867375772791,-10.158804165653082
46.100000000000385,-3.747801932600119,-9.007147836543373,-14.830417210294119,-10.176701158790603
46.20000000000039,-3.685192029230125,-8.957687379253825,-14.796767113673342,-10.147451699564588
46.30000000000039,-3.6225821258601307,-8.908219307178415,-14.807254709453758,-10.154165347962941
46.40000000000039,-3.5599722224901367,-8.85874357775307,-14.775842076803785,-10.132604843255212
46.50000000000039,-3.4973623191201426,-8.809260171514476,-14.783621363325159,-10.132463809117343
46.60000000000039,-3.4347524157501486,-8.759769084423306,-14.754231304962323,-10.115685878204534
46.700000000000394,-3.4175607386658253,-8.710270322703876,-14.7596384317212,-10.11151365407781
46.800000000000395,-3.420068318719822,-8.660785886069807,-14.732058018855925,-10.097579295575645
46.9000000000004,-3.4380456848299907,-8.6113374072498,-14.735405969085809,-10.091047630358494
47.0000000000004,-3.4650324932866896,-8.561942554510154,-14.709420985433473,-10.07876865573612
47.1000000000004,-3.4968197155674843,-8.5126146041654,-14.711003902026318,-10.070844225559402
47.2000000000004,-3.486385103072111,-8.463363299366062,-14.68640632940506,-10.059518569352836
47.3000000000004,-3.493180611909251,-8.414171524969623,-14.686482728489308,-10.050757383065156
47.400000000000404,-3.46856705557406,-8.36504835381514,-14.66308886899936,-10.03996662590521
47.500000000000405,-3.4675797092205967,-8.315977150089308,-14.661876537243732,-10.030687943932003
47.600000000000406,-3.482060615960889,-8.266967288355918,-14.639527849426532,-10.020188252463415
47.70000000000041,-3.5055266794385176,-8.218028542491737,-14.637214456817503,-10.010580387156885
47.80000000000041,-3.4902116731933273,-8.169168807503283,-14.615772016181882,-10.000230628383578
47.90000000000041,-3.492793240116852,-8.120368219728062,-14.61251546283294,-9.990406093236263
48.00000000000041,-3.4655764129438515,-8.071635425122926,-14.591856977570481,-9.966099974992632
48.10000000000041,-3.4616635929678456,-8.02295227029075,-14.587791345147322,-9.93268544619777
48.200000000000415,-3.4730658467647406,-7.974328657866111,-14.567813431173354,-9.893743877281523
48.300000000000416,-3.4933005243204076,-7.925774618235851,-14.563056242973888,-9.851436465225245
48.40000000000042,-9.98352867143389,-7.710003247434598,-6.555777482487743,-9.952108685738942
48.50000000000042,-9.98106553579872,-7.669098654930865,-6.445051519512017,-9.903364356872045
48.60000000000042,-9.99231005971911,-7.644915786846977,-6.33698965092154,-9.854173143771423
48.70000000000042,-10.01251453302559,-7.613449239995936,-6.230297590384613,-9.804762222062237
48.80000000000042,-10.01549877453087,-7.577329155313083,-6.1706753543296475,-9.755256803950404
48.900000000000425,-10.02561714540144,-7.53855705480897,-6.13607000597143,-9.705705012694933
49.000000000000426,-10.031765417250316,-7.497892788585534,-6.094765928741666,-9.656149032673616
49.10000000000043,-10.038639697220225,-7.455955815152237,-6.050641507039216,-9.606605279637689
49.20000000000043,-10.044164952422813,-7.413163858592549,-6.005685763614113,-9.557085678303592
49.30000000000043,-10.049303421434859,-7.3698079522007145,-5.960763823373828,-9.507595411974698
49.40000000000043,-10.016413288676434,-7.325880702351219,-5.916245164027205,-9.458137664729522
49.50000000000043,-10.00763193769915,-7.281607147543033,-5.872215484503479,-9.408684862040902
49.600000000000435,-9.978580950914903,-7.2371015528670775,-5.828603254037969,-9.359259086206048
49.700000000000436,-9.927043179020115,-7.192405387025993,-5.785340831468166,-9.309844340753308
49.80000000000044,-9.866078615041248,-7.1475574507929185,-5.742372981889339,-9.26042370925937
49.90000000000044,-9.801277855890229,-7.102597567094845,-5.69964225653987,-9.210990990062793
50.00000000000044,-9.734831622280796,-7.057559425652397,-5.657092470552934,-9.161544113362362
50.10000000000044,-9.667627332665537,-7.01246840993459,-5.6146733653336,-9.11208244249478
50.20000000000044,-9.60005099643051,-6.9673425374712155,-5.572342888964454,-9.062605836501056
50.300000000000445,-9.532283652706344,-6.922194245661489,-5.530067427785955,-9.01311432987722
50.400000000000446,-9.464415783371406,-6.877032041000466,-5.487820923877446,-8.963608019892408
50.50000000000045,-9.39649482429926,-6.831861752867849,-5.445583580174058,-8.914087025208682
50.60000000000045,-9.32854652137633,-6.786687409738455,-5.403340546327575,-8.864551470187022
50.70000000000045,-9.26058522279703,-6.741511827835485,-5.3610807621747485,-8.815001478988354
50.80000000000045,-9.19261911117422,-6.696337000427506,-5.318796013172695,-8.76543717359618
50.90000000000045,-9.93,-9.95,-9.95,-9.95
51.000000000000455,-9.86,-9.900111850963668,-9.900119359349352,-9.90012186090665
51.100000000000456,-9.79,-9.850451604733989,-9.85047427782447,-9.850481828603144
51.20000000000046,-9.719999999999999,-9.801023618336037,-9.8010694200136,-9.801084664404653
51.30000000000046,-9.649999999999999,-9.75179163926401,-9.751868893180749,-9.75189458774918
51.40000000000046,-9.579999999999998,-9.702710250769385,-9.702827623959791,-9.702866630620944
51.50000000000046,-9.509999999999998,-9.65373740848145,-9.653903863725505,-9.653959132983534
51.60000000000046,-9.439999999999998,-9.604838397876485,-9.605063138439288,-9.605137690440552
51.700000000000465,-9.369999999999997,-9.555986166991168,-9.5562785857519,-9.556375493050975
51.800000000000466,-9.299999999999997,-9.507160325404488,-9.507529963045492,-9.50765233655715
51.90000000000047,-9.229999999999997,-9.458345816595841,-9.458802329570116,-9.458953307885976
52.00000000000047,-9.159999999999997,-9.409531668257353,-9.410084805448223,-9.410267547114504
52.10000000000047,-9.089999999999996,-9.360709952611348,-9.361369538991266,-9.361587217156513
52.20000000000047,-9.019999999999996,-9.311874972947079,-9.31265089852921,-9.31290669737688
52.30000000000047,-8.949999999999996,-9.263022649150248,-9.263924861761835,-9.264221974228054
52.400000000000475,-8.879999999999995,-9.214150063550372,-9.215188564261194,-9.215530190643891
52.500000000000476,-8.809999999999995,-9.16525512997961,-9.16643997030864,-9.166829317473502
52.60000000000048,-8.739999999999995,-9.11633635489846,-9.117677635165098,-9.118117916136384
52.70000000000048,-8.669999999999995,-9.06739266609859,-9.068900534475198,-9.069394968263664
52.80000000000048,-8.599999999999994,-9.018423290425646,-9.020107942390291,-9.020659753958238
52.90000000000048,-8.529999999999994,-8.969427666777342,-8.971299344768385,-8.971911765066158
53.00000000000048,-8.459999999999994,-8.920405384345768,-8.922474377491977,-8.92315064352429
53.100000000000485,-8.389999999999993,-8.871356138855134,-8.87363278270443,-8.874376137601235
53.200000000000486,-8.319999999999993,-8.822279701592064,-8.824774377794904,-8.825588070872481
53.30000000000049,-8.249999999999993,-8.773175897511608,-8.775899033436444,-8.77678632024138
53.40000000000049,-8.179999999999993,-8.72404458977258,-8.727006658044232,-8.727970800377435
53.50000000000049,-8.109999999999992,-8.674885668822524,-8.678097186782377,-8.679141452702837
53.60000000000049,-8.039999999999992,-8.625699044699447,-8.629170573790885,-8.630298237600392
53.70000000000049,-7.969999999999992,-8.57648464160647,-8.580226786691187,-8.581441128901949
53.800000000000495,-7.8999999999999915,-8.52724239409166,-8.53126580270333,-8.532570109990626
53.900000000000496,-7.829999999999991,-8.477972244360949,-8.48228760590275,-8.483685171044817
54.0000000000005,-7.759999999999991,-8.42867414039063,-8.433292185282625,-8.434786307089768
54.1000000000005,-7.689999999999991,-8.379348034603874,-8.384279533385634,-8.385873516620325
54.2000000000005,-7.61999999999999,-8.329993882944988,-8.335249645338076,-8.336946800627574
54.3000000000005,-7.54999999999999,-8.280611644234083,-8.286202518168295,-8.288006161911055
54.4000000000005,-7.47999999999999,-8.23120127971934,-8.237138150325972,-8.23905160459289
54.500000000000504,-7.4099999999999895,-8.181762752768506,-8.188056541343299,-8.190083133774674
54.600000000000506,-4.152138154481256,-9.948782344551288,-14.945305856870071,-9.953371049640161
54.70000000000051,-4.036418190132153,-9.897969077346588,-14.98911092302521,-9.90701692100446
54.80000000000051,-3.919970698425575,-9.847430090989018,-14.935131741851666,-9.860818955236768
54.90000000000051,-3.8033544482299675,-9.797068335200924,-14.977192725291355,-9.814696042143378
55.00000000000051,-3.686731995215628,-9.746814547008173,-14.924401821446612,-9.76859332810793
55.10000000000051,-3.570159533275322,-9.696620669732813,-14.963915608903607,-9.722474033784648
55.200000000000514,-3.4536588633876435,-9.646454016126786,-14.912797735280783,-9.676313698642076
55.300000000000516,-3.337239526099156,-9.596292707706787,-14.949049175484028,-9.63009620538423
55.40000000000052,-3.2708907289729643,-9.54612232677351,-14.900049116487477,-9.583811064808396
55.50000000000052,-3.2062283251012356,-9.495945072019145,-14.932499484868185,-9.53746294113418
55.60000000000052,-3.142801783319569,-9.445761233642571,-14.885973286542553,-9.49105278292629
55.70000000000052,-3.0801535695538655,-9.395571659169844,-14.914313405078587,-9.444580712586838
55.80000000000052,-3.0179664889232116,-9.345377278057917,-14.870492005157073,-9.398046574049854
55.900000000000524,-2.9560448387848965,-9.295178912763841,-14.894650677145767,-9.351450164360124
56.000000000000526,-2.894273738599782,-9.244977223910917,-14.853629553871285,-9.304791324394042
56.10000000000053,-2.83258736454004,-9.19477271348911,-14.873731993342421,-9.258069967013514
56.20000000000053,-2.770948470967527,-9.144565749239328,-14.835486332321286,-9.211286078671693
56.30000000000053,-2.7093361237830993,-9.094356593372822,-14.851794742080976,-9.164439711106242
56.40000000000053,-2.6477385997671075,-9.044145428707425,-14.816206632926702,-9.117530970589073
56.50000000000053,-2.5861493470025794,-8.993932380019077,-14.829061662865133,-9.070560007832114
56.600000000000534,-2.5245647077743993,-8.943717530487653,-14.79595087249505,-9.023527009602654
56.700000000000536,-2.4629826413450466,-8.893500933909376,-14.805724224673117,-8.976432192192044
56.80000000000054,-2.401402009511334,-8.843282623545361,-14.77487611630646,-8.929275796521496
56.90000000000054,-2.3398221775647974,-8.793062618422299,-14.78193749052115,-8.882058084564937
57.00000000000054,-2.278242791599678,-8.742840927761966,-14.753124902990573,-8.834779336776133
57.10000000000054,-2.2166636542917333,-8.69261755406542,-14.757821931640118,-8.787439850255193
57.20000000000054,-2.1550846556228387,-8.642392495244618,-14.73082044234146,-8.74003993744583
57.300000000000544,-2.093505734252757,-8.592165746087145,-14.733468453540175,-8.692579925206177
57.400000000000546,-2.0319268559813652,-8.541937299258072,-14.708065896479026,-8.645060154138012
57.50000000000055,-1.9703480017403208,-8.49170714598268,-14.708944255811163,-8.597480978091804
57.60000000000055,-1.9087691608979314,-8.441475276510312,-14.68494587324989,-8.549842763789195
57.70000000000055,-1.847190327526354,-8.391241680428713,-14.684298295998497,-8.502145890522147
57.80000000000055,-1.7856114983204,-8.341006346876599,-14.661528869699529,-8.454390749900536
57.90000000000055,-1.7240326714371714,-8.290769264687114,-14.65956587194837,-8.406577745628823
58.000000000000554,-1.6624538458490976,-8.240530422484488,-14.637869925321262,-8.358707293298602
58.100000000000556,-1.6008750209832134,-8.190289808749018,-14.634772239696993,-8.3107798201881
58.20000000000056,-1.539296196520034,-8.140047411860671,-14.61401310706167,-8.262795765062643
58.30000000000056,-1.4777173722814123,-8.089803220128259,-14.609935365369163,-8.214755577972115
58.40000000000056,-1.4161385481680113,-8.039557221808902,-14.589993668708505,-8.166659720042857
58.50000000000056,-1.3545597241244383,-7.989309405120938,-14.585067968861663,-8.118508663262343
58.60000000000056,-1.2929809001198045,-7.939059758252428,-14.565839848018761,-8.070302890255668
58.700000000000564,-1.2314020761368856,-7.923276851288337,-14.560179018001454,-8.022042894053293
58.800000000000566,-1.169823252166076,-7.90553201229242,-14.541574323601234,-7.973729177849829
58.90000000000057,-1.1082444282020196,-7.9017120445181925,-14.535274809739715,-7.9253622547538365
59.00000000000057,-1.0466656042417293,-7.880646198126688,-14.517215377053766,-7.876942647528765
59.10000000000057,-0.9850867802835392,-7.8402779804326705,-14.510359747219802,-7.828470888325288
59.20000000000057,-0.9235079563265206,-7.824967812310124,-14.49277781105921,-7.779947518405332
59.30000000000057,-0.8619291323701552,-7.825779982293122,-14.4854368957583,-7.731373087858195
59.400000000000574,-0.8003503084141541,-7.808777586553649,-14.468273670821798,-7.682748155309152
59.500000000000576,-0.7387714844583562,-7.770867752828258,-14.460508379434723,-7.634073287621016
59.60000000000058,-0.6771926605026716,-7.721851287800125,-14.443712809634691,-7.585349059589115
59.70000000000058,-0.6156138365470503,-7.703298674944812,-14.435575663371182,-7.536576053630197
59.80000000000058,-0.5540350125914641,-7.697437816563955,-14.41910333214013,-7.4877548594657695
59.90000000000058,-0.4924561886358977,-7.674672282926379,-14.410639754299368,-7.43888607380039
60.00000000000058,-0.4308773646803422,-7.63323257523333,-14.394451942160009,-7.389970299995467
60.100000000000584,-0.36929854072479285,-7.617148012205931,-14.385701342832611,-7.341008147739086
60.200000000000585,-0.3077197167692469,-7.616706249930204,-14.36976421626861,-7.292000232712436
60.30000000000059,-0.24614089281370288,-7.598850333944208,-14.360760904201387,-7.2429471762533595
60.40000000000059,-0.1845620688581599,-7.560327927507322,-14.345044819617337,-7.193849605017604
60.50000000000059,-0.12298324490261751,-7.510998537325533,-14.33581876941994,-7.1447081506383086
60.60000000000059,-0.06140442094707545,-7.492081152239425,-14.320297676811204,-7.095523449384279
60.70000000000059,0.00017440300846642554,-7.485341752577638,-14.310875175422852,-7.046296141817597
60.800000000000594,0.0617532269640082,-7.496128483990612,-14.2955261077316,-6.997026872451097
60.900000000000595,0.12333205091954991,-7.486988975816038,-14.285930300262994,-6.947716289406246
61.0000000000006,0.18491087487509159,-7.45439133788407,-14.270732935947231,-6.898365044071942
61.1000000000006,0.24648969883063326,-7.407682301017316,-14.260984287718088,-6.84897379076474
61.2000000000006,0.3080685227861749,-7.389454700533024,-14.245920575618715,-6.7995431863910145
61.3000000000006,0.36964734674171656,-7.384701555409061,-14.23603726441035,-6.75007389011153
61.4000000000006,0.4312261706972582,-7.363231498769708,-14.221091101467788,-6.700566563008893
61.500000000000604,0.49280499465279987,-7.322413864898272,-14.211089351658241,-6.6510218677583515
61.600000000000605,0.5543838186083415,-7.272094225131074,-14.196246305357512,-6.601440468302364
61.70000000000061,0.6159626425638831,-7.25276871885929,-14.186140673648248,-6.551823029529369
61.80000000000061,0.6775414665194247,-7.244499679381347,-14.171387742242953,-6.502170216957156
61.90000000000061,0.7391202904749663,-7.253707121431226,-14.16119136306459,-6.452482696421217
62.00000000000061,0.8006991144305079,-7.243616021514201,-14.146516767646668,-6.402761133768452
62.10000000000061,0.8622779383860495,-7.210259138553557,-14.136241564994002,-6.3530061945565555
62.200000000000614,0.9238567623415911,-7.163108034537182,-14.121634568346932,-6.303218543759426
62.300000000000615,0.9854355862971327,-7.144531824036698,-14.111291439694316,-6.253398845478885
62.40000000000062,1.0470144102526744,-7.138904633312893,-14.096742187606315,-6.203547762662994
62.50000000000062,1.108593234208216,-7.1167712012931545,-14.086341164653314,-6.153665956831224
62.60000000000062,-9.935317012031236,-8.288434191802873,-6.622265644058465,-9.952108685738942
62.70000000000062,-9.869803129202094,-8.243531780378904,-6.577956114286494,-9.903316570407128
62.80000000000062,-9.803868548801724,-8.198625251134981,-6.533712849451695,-9.854015334123263
62.900000000000624,-9.73772454069762,-8.153714475287044,-6.489516000441509,-9.80442011727067
63.000000000000625,-9.671485806519309,-8.108799468877713,-6.445350658612932,-9.754649662713353
63.10000000000063,-9.60521736771291,-8.063880128773185,-6.401205921959499,-9.704770250738756
63.20000000000063,-9.538957515567134,-8.018956124319791,-6.357073930986203,-9.654819509170169
63.30000000000063,-9.472729699106388,-7.974026862841689,-6.3129490462701385,-9.604819279559953
63.40000000000063,-9.406548951696928,-7.929091488236465,-6.268827205913432,-9.554782588622041
63.50000000000063,-9.340425469641941,-7.884148893152415,-6.224705447479947,-9.504717452710677
63.600000000000634,-9.274366643372561,-7.8391977357124185,-6.180581562742288,-9.454628977412685
63.700000000000635,-9.208378222971804,-7.7942364568015305,-6.136453853051591,-9.404520534102645
63.80000000000064,-9.142464989116172,-7.749263296342938,-6.092320958170184,-9.354394432156658
63.90000000000064,-9.076631136704535,-7.704276308126746,-6.048181737520736,-9.30425231204033
64.00000000000064,-9.010880488949468,-7.659273373287806,-6.004035188295517,-9.254095381307069
64.10000000000063,-8.94521660963504,-7.614252212764436,-5.959880389254816,-9.203924560331966
64.20000000000063,-8.879642852803608,-7.569210399157231,-5.915716462341242,-9.15374057489102
64.30000000000062,-8.814162372843155,-7.52414536841752,-5.871542546630158,-9.103544016565749
64.40000000000062,-8.748778108597602,-7.479054431764,-5.827357780834946,-9.053335383095492
64.50000000000061,-8.683492749792578,-7.43393478817199,-5.783161291773199,-9.00311510586102
64.6000000000006,-8.618308691092798,-7.388783537712757,-5.738952187021067,-8.95288356887681
64.7000000000006,-8.55322797752254,-7.3435976959461176,-5.69472955054644,-8.90264112203773
64.8000000000006,-8.488252244222917,-7.2983742094919135,-5.6504924404954195,-8.852388090392646
64.90000000000059,-8.4233826532472,-7.253109972827829,-5.606239888566264,-8.802124780620325
65.00000000000058,-8.35861983009269,-7.20780184628503,-5.561970900579293,-8.751851485506387
65.10000000000058,-8.293963802787951,-7.1624466751420615,-5.517684457967145,-8.701568486976056
65.20000000000057,-8.229413946490675,-7.117041309654227,-5.473379519985829,-8.651276058075725
65.30000000000057,-8.164968936620316,-7.071582625803137,-5.429055026496267,-8.60097446418699
65.40000000000056,-8.100626713486044,-7.026067546511675,-5.384709901197253,-8.550663963681686
65.50000000000055,-8.036384461127648,-6.98049306304506,-5.340343055210431,-8.500344808174225
65.60000000000055,-7.9722386026393135,-6.93485625630924,-5.295953390930242,-8.450017242490677
65.70000000000054,-7.908184813593477,-6.889154317762677,-5.2685821248792415,-8.399681504447631
65.80000000000054,-7.84456392255733,-6.843423487605171,-5.22965723615964,-8.349337824514533
65.90000000000053,-7.781118387936967,-6.797637256625123,-5.186189742929666,-8.298986772411284
66.00000000000053,-7.71772119828646,-6.751774579965871,-5.1411741049916,-8.248628653919589
66.10000000000052,-7.654322830581053,-6.705825364449234,-5.095806068344119,-8.198263645430332
66.20000000000051,-7.590910754156121,-6.659786661789544,-5.050493155170777,-8.147891872505465
66.30000000000051,-7.5274869478722986,-6.6136586529164605,-5.005334108337769,-8.097513447079141
66.4000000000005,-7.464057184928149,-6.5674423464187495,-4.960320553522535,-8.04712848195941
66.5000000000005,-7.400626559007662,-6.521138622956658,-4.91541544267444,-7.996737094584413
66.60000000000049,-7.337198005192913,-6.47474799667687,-4.870580752916289,-7.9463394063272235
66.70000000000049,-7.273772143781014,-6.428270675021934,-4.825785446062274,-7.895935540355122
66.80000000000048,-7.210347638509741,-6.381706703902683,-4.781006335721086,-7.845525619362452
66.90000000000047,-7.146921697100043,-6.335056108837031,-4.736226800503946,-7.795109763682819
67.00000000000047,-7.083490554566912,-6.288319003615587,-4.691435147368087,-7.744688089913778
67.10000000000046,-7.0200498804385445,-6.241495663724243,-4.657423903456671,-7.694260710028992
67.20000000000046,-6.956938707620493,-6.1946113016079085,-4.617681640057652,-7.643827730895968
67.30000000000045,-6.893895375266811,-6.147654699831354,-4.573668463597863,-7.593389584986797
67.40000000000045,-6.830799811881736,-6.100614478831033,-4.5282370008171355,-7.542946448910649
67.50000000000044,-9.93,-9.95,-9.95,-9.95
67.60000000000043,-9.86,-9.900111850963668,-9.900119359349352,-9.90012186090665
67.70000000000043,-9.79,-9.850451604733989,-9.85047427782447,-9.850481828603144
67.80000000000042,-9.719999999999999,-9.801023618336037,-9.8010694200136,-9.801084664404653
67.90000000000042,-9.649999999999999,-9.75179163926401,-9.751868893180749,-9.75189458774918
68.00000000000041,-9.579999999999998,-9.702710250769385,-9.702827623959791,-9.702866630620944
68.1000000000004,-9.509999999999998,-9.65373740848145,-9.653903863725505,-9.653959132983534
68.2000000000004,-9.439999999999998,-9.604838397876485,-9.605063138439288,-9.605137690440552
68.3000000000004,-9.369999999999997,-9.555986166991168,-9.5562785857519,-9.556375493050975
68.40000000000039,-9.299999999999997,-9.507160325404488,-9.507529963045492,-9.50765233655715
68.50000000000038,-9.229999999999997,-9.458345816595841,-9.458802329570116,-9.458953307885976
68.60000000000038,-9.159999999999997,-9.409531668257353,-9.410084805448223,-9.410267547114504
68.70000000000037,-9.089999999999996,-9.360709952611348,-9.361369538991266,-9.361587217156513
68.80000000000037,-9.019999999999996,-9.311874972947079,-9.31265089852921,-9.31290669737688
68.90000000000036,-8.949999999999996,-9.263022649150248,-9.263924861761835,-9.264221974228054
69.00000000000036,-8.879999999999995,-9.214150063550372,-9.215188564261194,-9.215530190643891
69.10000000000035,-8.809999999999995,-9.16525512997961,-9.16643997030864,-9.166829317473502
69.20000000000034,-8.739999999999995,-9.11633635489846,-9.117677635165098,-9.118117916136384
69.30000000000034,-8.669999999999995,-9.06739266609859,-9.068900534475198,-9.069394968263664
69.40000000000033,-8.599999999999994,-9.018423290425646,-9.020107942390291,-9.020659753958238
69.50000000000033,-8.529999999999994,-8.969427666777342,-8.971299344768385,-8.971911765066158
69.60000000000032,-8.459999999999994,-8.920405384345768,-8.922474377491977,-8.92315064352429
69.70000000000032,-8.389999999999993,-8.871356138855134,-8.87363278270443,-8.874376137601235
69.80000000000031,-8.319999999999993,-8.822279701592064,-8.824774377794904,-8.825588070872481
69.9000000000003,-8.249999999999993,-8.773175897511608,-8.775899033436444,-8.77678632024138
70.0000000000003,-8.179999999999993,-8.72404458977258,-8.727006658044232,-8.727970800377435
70.10000000000029,-8.109999999999992,-8.674885668822524,-8.678097186782377,-8.728875092965222
70.20000000000029,-8.039999999999992,-8.625699044699447,-8.629170573790885,-8.735038459322858
70.30000000000028,-7.969999999999992,-8.57648464160647,-8.580226786691187,-8.76017669587054
70.40000000000028,-7.8999999999999915,-8.52724239409166,-8.53126580270333,-8.815683699333228
70.50000000000027,-7.829999999999991,-8.477972244360949,-8.48228760590275,-8.893880571992113
70.60000000000026,-7.759999999999991,-8.42867414039063,-8.433292185282625,-8.983448993249658
70.70000000000026,-7.689999999999991,-8.379348034603874,-8.384279533385634,-9.077939841922813
70.80000000000025,-7.61999999999999,-8.329993882944988,-8.335249645338076,-9.174488927759526
70.90000000000025,-7.54999999999999,-8.280611644234083,-8.286202518168295,-9.221932935358561
71.00000000000024,-7.47999999999999,-8.23120127971934,-8.237138150325972,-9.262653294548171
71.10000000000024,-7.4099999999999895,-8.181762752768506,-8.188056541343299,-9.288908318697128
71.20000000000023,-7.339999999999989,-8.132296028658441,-8.138957691596385,-9.34482763286849
71.30000000000022,-7.269999999999989,-8.082801074433668,-8.089841602137453,-9.419928565990373
71.40000000000022,-7.199999999999989,-8.033277858813479,-8.040708274577018,-9.455275674782195
71.50000000000021,-7.129999999999988,-7.983726352133168,-7.991557711001379,-9.473004940228265
71.60000000000021,-7.059999999999988,-7.934146526309221,-7.942389913915029,-9.47017232097937
71.7000000000002,-6.989999999999988,-7.884538354821311,-7.89320488620067,-9.498728918096313
71.8000000000002,-6.9199999999999875,-7.834901812706032,-7.844002631091647,-9.553166552841049
71.90000000000019,-6.849999999999987,-7.785236876558824,-7.794783152153159,-9.575408814616555
72.00000000000018,-6.779999999999987,-7.735543524541583,-7.745546453269658,-9.624403743573401
72.10000000000018,-6.709999999999987,-7.685821736394172,-7.696292538636616,-9.642836443448093
72.20000000000017,-6.639999999999986,-7.636071493448587,-7.647021412755379,-9.640524393534484
72.30000000000017,-6.569999999999986,-7.586292778644906,-7.597733080430192,-9.666270402984244
72.40000000000016,-6.5426893732138485,-7.536485576548373,-7.5484275467667645,-9.669544308284273
72.50000000000016,-6.520895701504791,-7.486688070233403,-7.49912246759035,-9.653834481538716
72.60000000000015,-6.492508172375676,-7.436903646655735,-7.449820053681505,-9.667805740295483
72.70000000000014,-6.468605116078465,-7.387131274111881,-7.4005189555652295,-9.705037842916417
72.80000000000014,-6.399142529004187,-7.337373180527544,-7.351220737900967,-9.714735013225482
72.90000000000013,-6.368714703571056,-7.2875910799111825,-7.3019072949568695,-9.704237827723096
73.00000000000013,-6.346113935211627,-7.237820838661202,-7.252594747629621,-9.678266199025375
73.10000000000012,-6.314178712284646,-7.188065677278773,-7.203285551294571,-9.642301718485687
73.20000000000012,-6.250386602384421,-7.138321758094401,-7.153977023822516,-9.637351006857036
73.30000000000011,-6.2186348607218,-7.088556718458957,-7.104655165655711,-9.654304291382372
73.4000000000001,-6.1972939353233665,-7.038804385307612,-7.055334205132307,-9.651623048732775
73.5000000000001,-6.127322415176771,-6.98906830073103,-7.006017169857699,-9.631118331061069
73.6000000000001,-6.090871532899285,-6.9393086954352885,-6.956685000810443,-9.598408446671343
73.70000000000009,-6.029411046699353,-6.889556485200687,-6.907351513803419,-9.558276521201028
73.80000000000008,-5.993766783295292,-6.839783644477584,-6.858005150612698,-9.51384940845504
73.90000000000008,-5.938208333240432,-6.790020442434226,-6.808658100358915,-9.46698256811783
74.00000000000007,-5.872882165001793,-6.74024041937383,-6.759300237374172,-9.443573123224777
74.10000000000007,-5.804348656037513,-6.690441515728906,-6.70992901868831,-9.414125650837983
74.20000000000006,-5.762077992545716,-6.640616430436853,-6.660541999669708,-9.37582676744347
74.30000000000005,-5.702689338779047,-6.59079380621739,-6.6111511091481985,-9.332372691834225
74.40000000000005,-5.636080711048529,-6.540950382973215,-6.561747553199426,-9.285982539129977
74.50000000000004,-5.5671410458798345,-6.491085822100332,-6.512329736657486,-9.23792040881174
74.60000000000004,-5.4974706162262414,-6.441194178474812,-6.462895748722431,-9.188888099833463
74.70000000000003,-5.427573403669522,-6.391276434984194,-6.413445610299665,-9.139279455690227
74.80000000000003,-5.3576058949226795,-6.341330907214226,-6.363978847788646,-9.089317148775036
74.90000000000002,-5.287616684351275,-6.291357951473527,-6.3144955018912725,-9.039131063843477
75.00000000000001,-5.217620741013207,-6.2413569966052,-6.264995420964094,-8.988798383831975
75.10000000000001,-5.147622732442011,-6.191328126415126,-6.215478614206903,-8.938366615632116
75.2,-5.077624081286077,-6.173145169192996,-6.165945029696437,-8.887865567517107
75.3,-5.007625239275189,-6.16242358145132,-6.116394669919242,-8.837314507254572
75.39999999999999,-4.937626339590751,-6.170851993940529,-6.066827519905615,-8.786726070754337
75.49999999999999,-4.867627427120824,-6.193820738163351,-6.017243584068429,-8.736108720179665
75.59999999999998,-4.797628513728173,-6.225482703461427,-5.967642862602493,-8.685468173745805
75.69999999999997,-4.727629604262042,-6.262018618545499,-5.918025363025623,-8.634808347410518
75.79999999999997,-4.657630699612714,-6.270392229738303,-5.868391092335444,-8.584131936988468
75.89999999999996,-4.587631800448129,-6.256600653398751,-5.818740060549041,-8.533440814179595
75.99999999999996,-4.517632906807426,-6.224936252791456,-5.769072278057191,-8.482736283211562
76.09999999999995,-4.447634018849267,-6.212685134137835,-5.719387756674881,-8.432019258688166
76.19999999999995,-4.377635136594237,-6.218706361587799,-5.669686508730544,-8.381290384540769
76.29999999999994,-4.307636260118828,-6.238369801778118,-5.61996854736062,-8.330550117182298
76.39999999999993,-4.237637389462317,-6.2367453061049,-5.570233886187793,-8.279798782209712
76.49999999999993,-4.167638524683655,-6.21383443021319,-5.520482539395025,-8.22903661417651
76.59999999999992,-4.097639665831125,-6.205048451566751,-5.470714521608537,-8.17826378402181
76.69999999999992,-4.0276408129597945,-6.2132593580807045,-5.420929847912186,-8.127480418326245
76.79999999999991,-3.957641966121903,-6.204654794356851,-5.371128533803912,-8.076686612677987
76.8999999999999,-3.8876431253723043,-6.17619201457471,-5.3213105951965165,-8.025882441054454
76.9999999999999,-3.8176442907654504,-6.162793586306389,-5.2714760484015235,-7.975067962358406
77.0999999999999,-3.7476454623571027,-6.166318181636219,-5.221624910128356,-7.924243225003433
77.19999999999989,-3.6776466402033923,-6.181798528092085,-5.1717571974789,-7.873408270115311
77.29999999999988,-3.6076478243613646,-6.177503963699359,-5.12187292794753,-7.822563133776828
77.39999999999988,-3.5376490148886934,-6.152055739830367,-5.071972119420057,-7.7717078485969235
77.49999999999987,-3.467650211843861,-6.138639666882417,-5.022054790174694,-7.720842444810558
77.59999999999987,-3.3976514152860755,-6.139557047001476,-4.971962634296542,-7.669966951048132
77.69999999999986,-3.327652625275338,-6.124382209190546,-4.921937355794011,-7.619081394874691
77.79999999999986,-3.257653841872424,-6.114778224058361,-4.871773247473442,-7.568185803167372
77.89999999999985,-3.1876550651389164,-6.092928053780731,-4.821673384313504,-7.517280202379963
77.99999999999984,-3.117656295137206,-6.0786292256383945,-4.77144801381806,-7.466364618728229
78.09999999999984,-3.0476575319305144,-6.077489622381332,-4.721089857036383,-7.415439078319917
78.19999999999983,-2.9776587755829023,-6.061188291425532,-4.718582244935996,-7.364503607245951
78.29999999999983,-2.907660026159288,-6.026951376829021,-4.668701076648446,-7.313558231644517
78.39999999999982,-2.83766128372546,-6.004850291013503,-4.665978827517265,-7.262602977746153
78.49999999999982,-2.7676625483480914,-5.997859160985114,-4.673760125214482,-7.211637871905551
78.59999999999981,-2.697663820094759,-6.001903789481627,-4.659792883657067,-7.160662940624076
78.6999999999998,-2.6276650990339556,-5.990094792308932,-4.628393790238593,-7.109678210565767
78.7999999999998,-2.557666385235107,-5.958282937422462,-4.586101937913407,-7.058683708568808
78.89999999999979,-2.48766767876859,-5.935423559267414,-4.538993185390613,-7.007679461653808
78.99999999999979,-2.4176689797057467,-5.9256646812233935,-4.536745455302896,-6.956665497029863
79.09999999999978,-2.3476702881189038,-5.906248904997551,-4.502842910939553,-6.905641842099071
79.19999999999978,-2.2776716040813896,-5.888670415150692,-4.460184973101346,-6.854608524459959
79.29999999999977,-2.207672927667552,-5.863483413988524,-4.45900385463582,-6.803565571910159
79.39999999999976,-2.1376742589527766,-5.842175227633615,-4.430741131769376,-6.7525130124485555
79.49999999999976,-2.0676755980135053,-5.8152769776106075,-4.390226209935448,-6.701450874277069
79.59999999999975,-1.9976769449272562,-5.7910982470872625,-4.344014213648575,-6.650379185802189
79.69999999999975,-1.927678299772643,-5.77822967348384,-4.341018893766087,-6.599297975636331
79.79999999999974,-1.8576796626293945,-5.757528945877431,-4.309436427573934,-6.548207272599075
79.89999999999974,-1.7876810335783766,-5.719914087422126,-4.266842014685052,-6.497107105718328
79.99999999999973,-1.7176824127016113,-5.688130323665028,-4.219460622198499,-6.445997504231422
80.09999999999972,-1.6476838000822998,-5.667932942453581,-4.215116632657012,-6.394878497586195
80.19999999999972,-1.5776851958048437,-5.656683387727694,-4.184015204955538,-6.343750115442031
80.29999999999971,-1.5076865999548676,-5.636636379415923,-4.14212078990921,-6.292612387670909
80.39999999999971,-1.4376880126192422,-5.598714389727986,-4.13900500581381,-6.241465344358426
80.4999999999997,-1.3676894338861076,-5.564226533795129,-4.110386580788342,-6.190331046171654
80.5999999999997,-1.2976908638448978,-5.541041499965542,-4.07009224934509,-6.139231263417914
80.69999999999969,-1.2276923025863646,-5.514349241687847,-4.0235280451398046,-6.08818556719098
80.79999999999968,-1.1576937502026037,-5.472510521833957,-3.97406960599168,-6.0372050021769805
80.89999999999968,-1.0876952067870798,-5.432796322316795,-3.9669186637979283,-5.9862013342987686
80.99999999999967,-1.0176966724346532,-5.40393549913153,-3.9309912301743166,-5.935145721367705
81.09999999999967,-0.9476981472416072,-5.374650880307133,-3.929348962286107,-5.884009838332695
81.19999999999966,-0.8776996313056751,-5.339632781778059,-3.9053496529095617,-5.832828648369755
81.29999999999966,-0.8077011247260691,-5.307175532840778,-3.866768820594356,-5.781643099456888
81.39999999999965,-0.7377026276035092,-5.26825292419824,-3.8210424591665246,-5.730480763893059
81.49999999999964,-0.6677041400402528,-5.232983522413219,-3.7718663104818324,-5.6793590730287145
81.59999999999964,-0.5977056621401251,-5.1907402601181865,-3.721399379730342,-5.6282823528422234
81.69999999999963,-0.5277071940085506,-5.153432213246219,-3.711850330861919,-5.577156511089823
81.79999999999963,-0.45770873575258475,-5.109222081193001,-3.7148854454443248,-5.525896371809531
81.89999999999962,-0.3877102874809469,-5.072703803307922,-3.6970328544277566,-5.474589026346125
81.99999999999962,-0.31771184930405366,-5.027359695291078,-3.6618832701366526,-5.42326868655421
82.09999999999961,-0.2477134213340535,-4.9898820064977825,-3.6173055945143275,-5.37196202391358
82.1999999999996,-0.17771500368486176,-4.9418189219085695,-3.5686595706253046,-5.320684506557696
82.2999999999996,-0.107716596472197,-4.902638036663931,-3.518197922750584,-5.269445249359052
82.3999999999996,-0.03771819981361786,-4.851808942177888,-3.467151465453573,-5.2182438317333855
82.49999999999959,0.03228018617143888,-4.811183464248651,-3.4553501400033864,-5.1669834183027366
82.59999999999958,0.1022785613616194,-4.758457762323468,-3.4155849874833657,-5.115673119532112
82.69999999999958,0.17227692563361285,-4.71778668219337,-3.3687728309742546,-5.064355787610209
82.79999999999957,0.2422752788621105,-4.669033323331433,-3.3575597005282383,-5.012976592852827
82.89999999999957,0.31227362091976363,-4.610442768215106,-3.3234442824345147,-4.961565518807662
82.99999999999956,0.3822719516771404,-4.557941527064546,-3.279466831249901,-4.910151631017963
83.09999999999955,0.4522702710026818,-4.518934854512479,-3.2307866225510535,-4.858752390544951
83.19999999999955,0.5222685787626561,-4.470687500391681,-3.2175804333302636,-4.807309927635007
83.29999999999954,0.5922668748211124,-4.419384952666949,-3.1809848739903805,-4.755846366197036
83.39999999999954,0.6622651590398327,-4.355214330575146,-3.135486567220809,-4.704383767906993
83.49999999999953,0.7322634312782832,-4.295084955527947,-3.086265416020822,-4.652934247720514
83.59999999999953,0.8022616913935632,-4.252905757938223,-3.0715735212376365,-4.6014450733128305
83.69999999999952,0.872259939240354,-4.203825346657625,-3.0344760369710873,-4.549938240582265
83.79999999999951,0.9422581746708658,-4.1521650535466454,-2.9883931964106707,-4.498431810023736
83.89999999999951,1.0122563975347827,-4.082920881225577,-2.9387531694024105,-4.446936058462502
83.9999999999995,1.082254607679207,-4.034606873158415,-2.922506826709066,-4.395406278610016
84.0999999999995,1.1522528049486014,-3.983222855460258,-2.8845133406358263,-4.34386269094246
84.19999999999949,1.2222509891847302,-3.910814577090338,-2.838165034550881,-4.292317849946046
84.29999999999949,1.2922491602265982,-3.8623822026788464,-2.788273518653274,-4.240780171175673
84.39999999999948,1.3622473179103882,-3.8107372961793553,-2.770483639692606,-4.189215334195922
84.49999999999947,1.4322454620693974,-3.7585426095004255,-2.731789104856348,-4.137640448784652
84.59999999999947,1.5022435925339703,-3.6820868145332235,-2.6849747619107474,-4.0860630051661735
84.69999999999946,1.5722417091314318,-3.6321902929692604,-2.6348317498039266,-4.034488997483244
84.79999999999946,1.6422398116860168,-3.5801891224347857,-2.615467768502348,-3.9828956606901227
84.89999999999945,1.7122379000187988,-3.528005719418442,-2.576194571445466,-3.9312956806131485
84.99999999999945,1.782235973947616,-3.4761294248976236,-2.5288058784511698,-3.8796914737280543
85.09999999999944,1.8522340332869949,-3.4726070772086466,-2.4782862499050933,-3.828087061043145
85.19999999999943,1.9222320778480728,-3.407562767630441,-2.426877721225969,-3.7764879102011863
85.29999999999943,1.9922301074385171,-3.3715955575928884,-2.4054328683795174,-3.724868335085981
85.39999999999942,2.062228121862442,-3.3360195930678076,-2.393863056943778,-3.673264321535919
85.49999999999942,2.132226120920324,-3.3042425529725272,-2.368499702188481,-3.62166881096858
85.59999999999941,2.2022241044089146,-3.309547033814063,-2.3278762076856014,-3.570063753523877
85.6999999999994,2.272222072121148,-3.276415227609233,-2.2800911503012005,-3.518439484559004
85.7999999999994,2.3422200238460498,-3.2803080759005683,-2.2294441371976137,-3.466798163646701
85.8999999999994,2.4122179593686406,-3.2436698891099494,-2.177978220785316,-3.415147322145828
85.99999999999939,2.4822158784698374,-3.244294192939708,-2.1264227680048853,-3.3634937840686026
86.09999999999938,2.5522137809263516,-3.204993009263759,-2.075022219840013,-3.3118417352366043
86.19999999999938,2.6222116665105846,-3.2018584097768925,-2.050569924564125,-3.26017572855258
86.29999999999937,2.692209534990519,-3.1651415223652517,-2.0327168527785004,-3.2085515112362017
86.39999999999937,2.7622073861296084,-3.123862880481251,-2.0349569181689398,-3.1568927478560056
86.49999999999936,2.8322052196866605,-3.082449691613042,-2.0162211336986418,-3.1052195255133936
86.59999999999935,2.9022030354157202,-3.0799083967860494,-2.0144180811949512,-3.0536652944634963
86.69999999999935,2.9722008330659477,-3.0826949446799663,-2.058019801678175,-3.002183683151311
86.79999999999934,3.0421986123814913,-3.073835613862982,-2.1033373825246895,-2.9506319827723857
86.89999999999934,3.1121963731013573,-3.0509658519876495,-2.1748334612893374,-2.8989891400702272
86.99999999999933,3.182194114959277,-3.0172231163604355,-2.22203550456672,-2.847304855839502
87.09999999999933,3.2521918376835672,-2.976202345623231,-2.2694679209356874,-2.7955992250338575
87.19999999999932,3.322189540996987,-2.9311299247898455,-2.317266031100446,-2.743882743315532
87.29999999999932,3.392187224616591,-2.883887545274048,-2.3653658586067006,-2.692160100920517
87.39999999999931,3.4621848882535757,-2.835411684421207,-2.4120739910174973,-2.6404347464004805
87.4999999999993,3.5321825316131226,-2.786163124773088,-2.449852652136618,-2.588721988534429
87.5999999999993,3.6021801543942344,-2.7813173686791353,-2.4667823832860254,-2.537053320888775
87.69999999999929,3.6721777562895688,-2.7980398941214317,-2.4598032068798337,-2.4854390980683734
87.79999999999929,3.742175336985263,-2.7928632639236826,-2.4343734721928643,-2.433854451752155
87.89999999999928,3.812172896160753,-2.7691412824018937,-2.3976095164050797,-2.3822667758588447
87.99999999999928,3.882170433488591,-2.733660514188694,-2.354531540905013,-2.330655678262465
88.09999999999927,3.9521679486342496,-2.691515939576309,-2.3080356294759032,-2.2790142340402886
88.19999999999926,4.022165441255925,-2.6457153631031307,-2.259678727514763,-2.227343503560464
88.29999999999926,4.092162911004331,-2.646471555361165,-2.2475611034709817,-2.175596893239893
88.39999999999925,4.162160357522485,-2.622422257259088,-2.2344836885654686,-2.123817146246862
88.49999999999925,4.232157780445488,-2.5912577340258665,-2.1991985769546494,-2.0720555205909563
88.59999999999924,4.302155179400298,-2.550803064731454,-2.1528784906208225,-2.0203007590920348
88.69999999999924,4.372152554005493,-2.505438849013358,-2.102175782510453,-1.968536057549324
88.79999999999923,4.442149903871023,-2.457564871019918,-2.1299472531335137,-1.916772292646631
88.89999999999922,4.512147228597962,-2.408654139221921,-2.193101250476495,-1.8650253857771597
88.99999999999922,4.582144527778238,-2.359143481992651,-2.2367630464564714,-1.8132847984833316
89.09999999999921,4.652141800994371,-2.350257865114794,-2.277215143979608,-1.7615620175557873
89.1999999999992,4.722139047819178,-2.323621132194903,-2.3089736180879488,-1.7098801584167307
89.2999999999992,4.792136267815492,-2.2865794600170117,-2.3208892624870447,-1.6582649770751603
89.3999999999992,4.862133460535848,-2.2429137308296285,-2.3055054001257735,-1.6066993499259072
89.49999999999919,4.932130625522175,-2.1953397305415177,-2.2691448174496407,-1.5551237979435788
89.59999999999918,5.002127762305467,-2.14570783263124,-2.222095211707675,-1.503493477676094
89.69999999999918,5.072124870405442,-2.0950644693900555,-2.1709324965150216,-1.4517974436923222
89.79999999999917,5.142121949330188,-2.0439338695991625,-2.1186652035691953,-1.4000449439239997
89.89999999999917,5.212118998575804,-1.992571111721662,-2.1158048636991085,-1.3482416779475856
89.99999999999916,5.282116017626009,-1.9412774020382302,-2.1215861801477387,-1.2963899261449836
90.09999999999916,5.352113005951758,-1.890279083143757,-2.1001660572576397,-1.2445350520895277
90.19999999999915,5.422109963010821,-1.8395215025952987,-2.065573963283202,-1.1926938764208586
90.29999999999914,5.4921068882473625,-1.7888089045493705,-2.073156634904868,-1.1408709954613505
90.39999999999914,5.562103781091493,-1.7382585983212666,-2.0541490906154314,-1.089083043741328
90.49999999999913,5.632100640958811,-1.7224221170196758,-2.021486944838008,-1.0373079985313756
90.59999999999913,5.702097467249917,-1.692579743061247,-1.980812648484438,-0.9855243696725413
90.69999999999912,5.7720942593499185,-1.6532354717020072,-1.9851409102953321,-0.9337438618603624
90.79999999999912,5.842091016627902,-1.6092820340968887,-1.961243440938776,-0.8819935754258712
90.89999999999911,5.912087738436394,-1.5626313151786289,-1.9647890324726325,-0.8301750852309958
90.9999999999991,5.9820844241107975,-1.5140790003511224,-1.9201118567268711,-0.7783513861453686
91.0999999999991,6.052081072968796,-1.4644282407319522,-1.9127707494344337,-0.7264683263951424
91.1999999999991,6.122077684309743,-1.4138877031889439,-1.9007123356079456,-0.6745501486256359
91.29999999999909,6.1920742574140215,-1.362548769128498,-1.8991263302044223,-0.6226769894562868
91.39999999999908,6.262070791542373,-1.3105383690185342,-1.876121746049625,-0.5708537159104762
91.49999999999908,6.332067285935199,-1.2582135345603531,-1.8357462322605045,-0.5190408006424817
91.59999999999907,6.402063739811837,-1.2057512850846825,-1.7871348489475212,-0.46720400449164945
91.69999999999906,6.472060152369793,-1.1532614253981424,-1.785309793330245,-0.41534412861020303
91.79999999999906,6.542056522783952,-1.1008309077301346,-1.7345236840480804,-0.36346431093041387
91.89999999999905,6.612052850205745,-1.0483789649188786,-1.7318351462405617,-0.3115711760661049
91.99999999999905,6.682049133762282,-0.9959715702599986,-1.6800478422584249,-0.25966177259062506
92.09999999999904,6.752045372555442,-0.9435435743154977,-1.6768383165893708,-0.20774566360919225
92.19999999999904,6.822041565660927,-0.891142260231332,-1.6247577884851052,-0.15581723944117504
92.29999999999903,6.892037712127262,-0.8387129566170226,-1.6211187024611795,-0.10388725112741241
92.39999999999903,6.962033810974761,-0.7862895204054929,-1.5692903367867226,-0.05194955158570376
92.49999999999902,7.032029861194432,-0.7338219012586719,-1.5548601435270613,-5.0816830431718585e-05
92.59999999999901,7.102025861746836,-0.681207906706002,-1.512289843248699,0.05182557330593834
92.69999999999901,7.172021811560892,-0.6284950911377385,-1.4626621798655015,0.10371524245308604
92.799999999999,7.242017709532619,-0.5757722378721128,-1.4478471905842647,0.1555485476288633
92.899999999999,7.312013554523819,-0.5229438269714292,-1.4082780471286225,0.20736268151134934
92.99999999999899,7.382009345360698,-0.4700596206257025,-1.3598053362261695,0.2592041217518325
93.09999999999899,7.452005080832412,-0.4171868088193692,-1.344301160141827,0.310981716799921
93.19999999999898,7.522000759689541,-0.3642306985255868,-1.30577350395807,0.3627482095593301
93.29999999999897,7.591996380642492,-0.3112405666859447,-1.2576716276596078,0.4145549415764468
93.39999999999897,7.66199194235981,-0.25827139045903563,-1.205954353562276,0.46641867301578266
93.49999999999896,7.7319874434664095,-0.20535533294429115,-1.1882000799806551,0.5182276693503017
93.59999999999896,7.801982882541706,-0.15236902746901648,-1.145860772294359,0.5700275246839124
93.69999999999895,7.871978258117657,-0.09935062793458829,-1.0961538329016534,0.6218650919256757
93.79999999999895,7.941973568676692,-0.04635355177701627,-1.077780542583363,0.6736278878873274
93.89999999999894,8.011968812649533,0.006722768846046043,-1.037813446604792,0.7253810794757488
93.99999999999893,8.081963988412895,0.059825584344483006,-0.9889916502472224,0.7771799531695951
94.09999999999893,8.151959094287061,0.11256311286826984,-0.9372107002418363,0.8290378830334142
94.19999999999892,8.22195412853333,0.1649560927712278,-0.9169285341918312,0.8808205694459343
94.29999999999892,8.291949089351302,0.2170752907805783,-0.8755931552005315,0.9325892257116293
94.39999999999891,8.361943974876027,0.2689944356397959,-0.8265998324163524,0.9843963990815403
94.4999999999989,8.431938783174983,0.3207751554096528,-0.7747337246007647,1.0362592845689178
94.5999999999989,8.501933512244884,0.3724644712004255,-0.7528712746805782,1.0880367411622158
94.6999999999989,8.57192816000829,0.4240966008236118,-0.7113157587241079,1.1397982962071904
94.79999999999889,8.64192272431003,0.47569577124760354,-0.66219220486246,1.1915994002200905
94.89999999999888,8.711917202913396,0.5272788462064242,-0.6102576321046054,1.2434584306356518
94.99999999999888,8.781911593496126,0.5788574340043332,-0.5867449481004477,1.2952233903310055
95.09999999999887,8.851905893646117,0.6304394637959096,-0.5449670577667651,1.346972938415302
95.19999999999887,8.921900100856895,0.6820303202715092,-0.4957150922617886,1.3987648994671886
95.29999999999886,8.991894212522784,0.7336336422146854,-0.44371473461831445,1.4506181467315227
95.39999999999885,9.06188822593378,0.785251876648902,-0.418481722471395,1.5023692372019766
95.49999999999885,9.131882138270091,0.8368866599162487,-0.3764563220392829,1.554106137804754
95.59999999999884,9.201875946596326,0.8885390781890317,-0.3270680224050896,1.605888692752464
95.69999999999884,9.271869647855294,0.9402098448578249,-0.27500131489440255,1.6577360055282573
95.79999999999883,9.341863238861402,0.9918994209986957,-0.2222480808225758,1.709644263880811
95.89999999999883,9.411856716293604,1.0436080970375703,-0.19485682733160983,1.761447659709022
95.99999999999882,9.481850076687865,1.095336048042461,-0.15085420103953284,1.813227969837556
96.09999999999881,9.55184331642911,1.1470833711286015,-0.10065426882310896,1.865044084320686
96.19999999999881,9.621836431742613,1.198850110748441,-0.07229236623976112,1.916723967354107
96.2999999999988,9.691829418684765,1.2506362757837757,-0.031788139059188564,1.9683942572792565
96.3999999999988,9.76182227313319,1.3024418510943936,0.017051785737261835,2.02012337302216
96.49999999999879,9.831814990776138,1.3542668053199152,0.06899043173022518,2.071932362286057
96.59999999999879,9.901807567101097,1.4061110961500456,0.1217499757126267,2.1238156067711125
96.69999999999878,9.971799997382554,1.45797467388474,0.1744959747005283,2.1757586045604405
96.79999999999878,10.04179227666883,1.509857483839423,0.2058205109161224,2.2275834455538903
96.89999999999877,10.011784399939852,1.5617594679703042,0.25116256604425546,2.2793795418483094
96.99999999999876,10.081776679652327,1.613659753509628,0.3019076929644549,2.331185274235263
97.09999999999876,10.051768803738868,1.6655748804639199,0.3346881511736215,2.3828381252456983
97.19999999999875,10.121761081311842,1.7174852283336302,0.3762945223042136,2.434458245154739
97.29999999999875,10.091753208841205,1.7694084980368803,0.4256285995100661,2.486139953433373
97.39999999999874,10.161745481582338,1.821325532851837,0.47772071507606206,2.5378817598962344
97.49999999999874,10.131737615311526,1.8755550163135175,0.5304765479011486,2.5897011554528353
97.59999999999873,10.201729880395543,1.9158148763672502,0.5831202182736037,2.641560181621075
97.69999999999872,10.171722023217727,1.9610425103101998,0.6187446576936004,2.693287758014595
97.79999999999872,10.241714277679774,2.0130139534881146,0.6645973377136561,2.7449648561551943
97.89999999999871,10.21170643263112,2.0503373187685225,0.7155477919583786,2.7966782386621434
97.9999999999987,10.281698673359738,2.094005718610823,0.7680619386887787,2.8484265506979094
98.0999999999987,10.251690843626616,2.1412260182320484,0.8207771667728243,2.9002324080802513
98.1999999999987,10.321683067356334,2.1904336631786614,0.8590844297366148,2.951871303780009
98.29999999999869,10.291675256282938,2.2475000958575446,0.9047785300099148,3.003484869925132
98.39999999999868,10.361667459586432,2.287434575202764,0.9556561869447464,3.0551155734171394
98.49999999999868,10.331659670682837,2.332667890527874,1.0081469386991069,3.1068094470686805
98.59999999999867,10.401651849962647,2.3808340436593833,1.0608124664049683,3.1585413505097346
98.69999999999867,10.371644086913324,2.4396659193250545,1.1017501808967125,3.210123700245491
98.79999999999866,10.441636238393084,2.4798207023850973,1.147735813332225,3.2616594860873094
98.89999999999866,10.411628505065915,2.525267545773134,1.1987289311543865,3.3132392294182185
98.99999999999865,10.481620624781087,2.5736303649277885,1.2512119057615776,3.3648610162671284
99.09999999999864,10.451612925236896,2.6236421869437456,1.303837596908779,3.4165467332372716
99.19999999999864,10.521605009024949,2.686602483947561,1.3474309680481285,3.4680532609840085
99.29999999999863,10.491597347527605,2.7285182808650563,1.3937996695493373,3.519538421158405
99.39999999999863,10.561589391017618,2.775014365111578,1.4449079516321524,3.571045329617578
99.49999999999862,10.531581772044731,2.8240485906014015,1.4974049222519523,3.6226198668412986
99.59999999999862,10.601573770646379,2.874493053406575,1.5499639590657996,3.6742355521928842
99.69999999999861,10.571566198900635,2.9409584429659543,1.6022076093049742,3.7259056760785754
99.7999999999986,10.641558147792512,2.983983961315195,1.648698428937147,3.777391740646302
99.8999999999986,10.611550628213692,3.031184554135133,1.6961254747800851,3.8288461085255996
99.9999999999986,10.681542522330929,3.080666393990527,1.7475776582517573,3.880311653559665
100.09999999999859,10.65153506010865,3.1314397670512086,1.800104284921457,3.9318364560580967
100.19999999999858,10.721526894129783,3.1829422857729988,1.8525705414758902,3.9833961444439154
100.29999999999858,10.691519494717035,3.254115207247548,1.9046804797721093,4.035006301343147
100.39999999999857,10.761511263050057,3.2987827984399543,1.954471559811325,4.086424847805847
100.49999999999856,10.731503932177556,3.346958751993967,2.002351993051644,4.1378095737143274
100.59999999999856,10.801495628945114,3.3970455322957367,2.0539343811315165,4.1892039792080356
100.69999999999855,10.771488372636563,3.4482184936370053,2.1064436528516133,4.240657008582853
100.79999999999855,10.841479991660222,3.500003127462127,2.158828955049208,4.292144477022735
100.89999999999854,10.811472816248518,3.575517460996421,2.210831602948085,4.3436825356055255
100.99999999999854,10.881464351032044,3.621404726697235,2.262426597545128,4.395235966542597
101.09999999999853,10.851457263176513,3.6703142946708462,2.315896649346825,4.4466157688679315
101.19999999999852,10.921448706888086,3.7208644742795034,2.36454520424664,4.497928088510608
101.29999999999852,10.891441713592826,3.7723502456494082,2.416352571930508,4.549266533750697
101.39999999999851,10.961433059046115,3.824360482702678,2.468825378227314,4.600632171508088
101.49999999999851,10.931426167679502,3.8767006644269575,2.5211074846355324,4.652052529103987
101.5999999999985,11.001417407313522,3.9292256851869536,2.5729597597404474,4.703495536044552
101.6999999999985,10.971410625629,3.9818850617641277,2.6244222418146648,4.754976928239105
101.79999999999849,11.041401751486648,4.06434499033893,2.6819218271392056,4.806253075482975
101.89999999999849,11.01139508764487,4.112315343386453,2.7310362369955636,4.857485065631991
101.99999999999848,-4.937390096630006,-9.995979740168828,-14.94530581326632,-9.953589819808442
102.09999999999847,-4.874780193260012,-10.01513148663442,-14.989117111473892,-9.907574535861505
102.19999999999847,-4.812170289890018,-10.033852850469295,-14.935130117398176,-9.861805739841884
102.29999999999846,-4.749560386520024,-10.052381749414849,-14.977222535702884,-9.816179993454982
102.39999999999846,-4.68695048315003,-10.070559610689395,-14.924403347083805,-9.770626262603056
102.49999999999845,-4.624340579780036,-10.088374436771712,-14.964001329165752,-9.725096217651188
102.59999999999845,-4.561730676410042,-10.105771010632669,-14.912815682560542,-9.67955717410993
102.69999999999844,-4.4991207730400475,-10.122718292300545,-14.949234639278636,-9.633987117688019
102.79999999999843,-4.4365108696700535,-10.139184867922834,-14.900106513838965,-9.588371264389211
102.89999999999843,-4.373900966300059,-10.155147480121567,-14.93283221704335,-9.542699709944634
102.99999999999842,-4.311291062930065,-10.17058731873974,-14.88609988928334,-9.49696583572329
103.09999999999842,-4.248681159560071,-10.14824072149025,-14.914833874494763,-9.45116523301255
103.19999999999841,-4.186071256190077,-10.147152346884427,-14.870720515402022,-9.405294979503632
103.2999999999984,-4.123461352820083,-10.128433591656012,-14.895382354434453,-9.359353153761212
103.3999999999984,-4.060851449450089,-10.124019938008173,-14.853987433247926,-9.313338509909254
103.4999999999984,-3.998241546080095,-10.107771150277328,-14.874681455081506,-9.267250259911545
103.59999999999839,-3.935631642710101,-10.101144225960255,-14.83599156927818,-9.221087927985902
103.69999999999838,-3.873021739340107,-10.086554588377062,-14.85295510296709,-9.174851253320558
103.79999999999838,-3.810411835970113,-10.078448264160903,-14.816867375772791,-9.12854012510639
103.89999999999837,-3.747801932600119,-10.064965171107787,-14.830417210294119,-9.082154539174773
103.99999999999837,-3.685192029230125,-10.055862530055947,-14.796767113673342,-9.035694569071966
104.09999999999836,-3.6225821258601307,-10.043113708405624,-14.807254709453758,-8.98916034677413
104.19999999999835,-3.5599722224901367,-10.033333630573694,-14.775842076803785,-8.942552049836108
104.29999999999835,-3.4973623191201426,-10.021069392826133,-14.783621363325159,-8.895869892830287
104.39999999999834,-3.4347524157501486,-10.010823353907124,-14.754231304962323,-8.849114121642858
104.49999999999834,-3.3721425123801545,-9.998876385145918,-14.7596384317212,-8.802285009670154
104.59999999999833,-3.3095326090101604,-9.97074260707141,-14.73205631344064,-8.75538285527546
104.69999999999833,-3.2469227056401664,-9.93275342548714,-14.735398756974654,-8.708407980078933
104.79999999999832,-3.1843128022701723,-9.889114249808856,-14.709419838369612,-8.66136072779519
104.89999999999831,-3.1217028989001783,-9.84225836089585,-14.710971966247731,-8.614241463427836
104.99999999999831,-3.059092995530184,-9.793539146458638,-14.68640686594208,-8.567050572693573
105.0999999999983,-2.99648309216019,-9.743712030832132,-14.686409527035678,-8.519788461590785
105.1999999999983,-2.933873188790196,-9.693208334456235,-14.663086726248796,-8.472455556055854
105.29999999999829,-2.871263285420202,-9.642281691518496,-14.661749103579083,-8.425052301669268
105.39999999999829,-2.808653382050208,-9.591085706445448,-14.639515506356151,-8.377579163386333
105.49999999999828,-2.746043478680214,-9.539715842145062,-14.637018068227608,-8.330036625275676
105.59999999999827,-2.68343357531022,-9.48823268228338,-14.615738382121833,-8.282425190254504
105.69999999999827,-2.620823671940226,-9.436675294368367,-14.61223621847664,-8.234745379813305
105.79999999999826,-2.5582137685702317,-9.385069167266577,-14.591791686848895,-8.186997733725347
105.89999999999826,-2.4956038652002377,-9.333431068604435,-14.587417825267497,-8.139182809738005
105.99999999999825,-2.4329939618302436,-9.281772091290849,-14.567704659573293,-8.091301183244163
106.09999999999825,-2.3703840584602496,-9.23009960121691,-14.562573151167674,-8.043353446932775
106.19999999999824,-2.3077741550902555,-9.178418500361602,-14.543500879725883,-7.995340210418207
106.29999999999824,-2.2451642517202615,-9.126732054418044,-14.537709563242032,-7.947262099848413
106.39999999999823,-2.1825543483502674,-9.075042439039942,-14.519199423110695,-7.899119757492272
106.49999999999822,-2.1199444449802733,-9.023351102199687,-14.512832343007979,-7.850913841306636
106.59999999999822,-2.0573345416102793,-8.9716590053985,-14.494815782958849,-7.802645024483806
106.69999999999821,-1.9947246382402852,-8.91996678461308,-14.487945273271727,-7.754313994980273
106.7999999999982,-1.9321147348702912,-8.868274857859522,-14.470362599050537,-7.705921455027659
106.8999999999982,-1.8695048315002971,-8.81658349715873,-14.463051062143785,-7.657468120626887
106.9999999999982,-1.806894928130303,-8.76489287672014,-14.445850233023922,-7.608954721026666
107.09999999999819,-1.744285024760309,-8.713203105218593,-14.438151648927663,-7.560381998187431
107.19999999999818,-1.681675121390315,-8.661514247422897,-14.421287221873435,-7.5117507062319415
107.29999999999818,-1.6190652180203209,-8.609826338692208,-14.413248424608584,-7.463061610883753
107.39999999999817,-1.5564553146503268,-8.558139394693535,-14.396680635656672,-7.414315488894832
107.49999999999817,-1.4938454112803328,-8.506453417916358,-14.388342390724807,-7.365513127463603
107.59999999999816,-1.4312355079103387,-8.454768402040237,-14.372036360151515,-7.31665532364471
107.69999999999816,-9.935317012031236,-8.288434191802873,-6.622265644058465,-9.952108685738942
107.79999999999815,-9.869803129202094,-8.243531780378904,-6.577956114286494,-9.903316570407128
107.89999999999814,-9.803868548801724,-8.198625251134981,-6.533712849451695,-9.854015334123263
107.99999999999814,-9.73772454069762,-8.153714475287044,-6.489516000441509,-9.80442011727067
108.09999999999813,-9.671485806519309,-8.108799468877713,-6.445350658612932,-9.754649662713353
108.19999999999813,-9.60521736771291,-8.063880128773185,-6.401205921959499,-9.704770250738756
108.29999999999812,-9.538957515567134,-8.018956124319791,-6.357073930986203,-9.654819509170169
108.39999999999812,-9.472729699106388,-7.974026862841689,-6.3129490462701385,-9.604819279559953
108.49999999999811,-9.406548951696928,-7.929091488236465,-6.268827205913432,-9.554782588622041
108.5999999999981,-9.340425469641941,-7.884148893152415,-6.224705447479947,-9.504717452710677
108.6999999999981,-9.274366643372561,-7.8391977357124185,-6.180581562742288,-9.454628977412685
108.7999999999981,-9.208378222971804,-7.7942364568015305,-6.136453853051591,-9.404520534102645
108.89999999999809,-9.142464989116172,-7.749263296342938,-6.092320958170184,-9.354394432156658
108.99999999999808,-9.076631136704535,-7.704276308126746,-6.048181737520736,-9.30425231204033
109.09999999999808,-9.010880488949468,-7.659273373287806,-6.004035188295517,-9.254095381307069
109.19999999999807,-8.94521660963504,-7.614252212764436,-5.959880389254816,-9.203924560331966
109.29999999999806,-8.879642852803608,-7.569210399157231,-5.915716462341242,-9.15374057489102
109.39999999999806,-8.814162372843155,-7.52414536841752,-5.871542546630158,-9.103544016565749
109.49999999999805,-8.748778108597602,-7.479054431764,-5.827357780834946,-9.053335383095492
109.59999999999805,-8.683492749792578,-7.43393478817199,-5.783161291773199,-9.00311510586102
109.69999999999804,-8.618308691092798,-7.388783537712757,-5.738952187021067,-8.95288356887681
109.79999999999804,-8.55322797752254,-7.3435976959461176,-5.69472955054644,-8.90264112203773
109.89999999999803,-8.488252244222917,-7.2983742094919135,-5.6504924404954195,-8.852388090392646
109.99999999999802,-9.93,-9.95,-9.95,-11.102546206575626
110.09999999999802,-9.86,-9.900111850963668,-9.900119359349352,-11.103044531628536
110.19999999999801,-9.79,-9.850451604733989,-9.85047427782447,-11.105870564142526
110.29999999999801,-9.719999999999999,-9.801023618336037,-9.8010694200136,-11.11903266451477
110.399999999998,-9.649999999999999,-9.75179163926401,-9.751868893180749,-11.132479514293033
110.499999999998,-9.579999999999998,-9.702710250769385,-9.702827623959791,-11.14767690004338
110.59999999999799,-9.509999999999998,-9.65373740848145,-9.653903863725505,-11.162105299769879
110.69999999999798,-9.439999999999998,-9.604838397876485,-9.605063138439288,-11.17619130086267
110.79999999999798,-9.369999999999997,-9.555986166991168,-9.5562785857519,-11.190463533565534
110.89999999999797,-9.299999999999997,-9.507160325404488,-9.507529963045492,-11.20533373637011
110.99999999999797,-9.229999999999997,-9.458345816595841,-9.458802329570116,-11.218449318994528
111.09999999999796,-9.159999999999997,-9.409531668257353,-9.410084805448223,-11.23411727164764
111.19999999999796,-9.089999999999996,-9.360709952611348,-9.361369538991266,-11.246020908472085
111.29999999999795,-9.019999999999996,-9.311874972947079,-9.31265089852921,-11.26246468823299
111.39999999999795,-8.949999999999996,-9.263022649150248,-9.263924861761835,-11.273105135500693
111.49999999999794,-8.879999999999995,-9.214150063550372,-9.215188564261194,-11.29030094286505
111.59999999999793,-8.809999999999995,-9.16525512997961,-9.16643997030864,-11.299630868323364
111.69999999999793,-8.739999999999995,-9.11633635489846,-9.117677635165098,-11.317553372670373
111.79999999999792,-8.669999999999995,-9.06739266609859,-9.068900534475198,-11.325529988109217
111.89999999999792,-8.599999999999994,-9.018423290425646,-9.020107942390291,-11.344152631704922
111.99999999999791,-8.529999999999994,-8.969427666777342,-8.971299344768385,-11.350738232097692
112.0999999999979,-8.459999999999994,-8.920405384345768,-8.922474377491977,-11.370033530131622
112.1999999999979,-8.389999999999993,-8.871356138855134,-8.87363278270443,-11.375195919852036
112.2999999999979,-8.319999999999993,-8.822279701592064,-8.824774377794904,-11.395135748738443
112.39999999999789,-8.249999999999993,-8.773175897511608,-8.775899033436444,-11.398848542778577
112.49999999999788,-8.179999999999993,-8.72404458977258,-8.727006658044232,-11.419404410448973
112.59999999999788,-8.109999999999992,-8.674885668822524,-8.678097186782377,-11.421647205186952
112.69999999999787,-8.039999999999992,-8.625699044699447,-8.629170573790885,-11.442790498784873
112.79999999999787,-7.969999999999992,-8.57648464160647,-8.580226786691187,-11.443548913432199
112.89999999999786,-7.8999999999999915,-8.52724239409166,-8.53126580270333,-11.465251121447546
112.99999999999785,-7.829999999999991,-8.477972244360949,-8.48228760590275,-11.464516717294325
113.09999999999785,-7.759999999999991,-8.42867414039063,-8.433292185282625,-11.48674962463049
113.19999999999784,-7.689999999999991,-8.379348034603874,-8.384279533385634,-11.484519714167732
113.29999999999784,-7.61999999999999,-8.329993882944988,-8.335249645338076,-11.50725556985377
113.39999999999783,-7.54999999999999,-8.280611644234083,-8.286202518168295,-11.50353293150995
113.49999999999783,-7.47999999999999,-8.23120127971934,-8.237138150325972,-11.526744589727455
113.59999999999782,-7.4099999999999895,-8.181762752768506,-8.188056541343299,-11.521537106206209
113.69999999999781,-7.339999999999989,-8.132296028658441,-8.138957691596385,-11.545198142003036
113.79999999999781,-7.269999999999989,-8.082801074433668,-8.089841602137453,-11.538518381097786
113.8999999999978,-7.199999999999989,-8.033277858813479,-8.040708274577018,-11.56260318263556
113.9999999999978,-7.129999999999988,-7.983726352133168,-7.991557711001379,-11.554467939091213
114.09999999999779,-7.059999999999988,-7.934146526309221,-7.942389913915029,-11.578951778557933
114.19999999999779,-6.989999999999988,-7.884538354821311,-7.89320488620067,-11.532206957779762
114.29999999999778,-6.9199999999999875,-7.834901812706032,-7.844002631091647,-11.574139539465255
114.39999999999777,-6.849999999999987,-7.785236876558824,-7.794783152153159,-11.528038439063273
114.49999999999777,-6.779999999999987,-7.735543524541583,-7.745546453269658,-11.568603651597865
114.59999999999776,-6.709999999999987,-7.685821736394172,-7.696292538636616,-11.523302383231647
114.69999999999776,-6.639999999999986,-7.636071493448587,-7.647021412755379,-11.562191827076633
114.79999999999775,-6.569999999999986,-7.586292778644906,-7.597733080430192,-11.51787783545241
114.89999999999775,-6.499999999999986,-7.536485576548373,-7.5484275467667645,-11.55473326611243
114.99999999999774,-6.4299999999999855,-7.486649873367192,-7.499104817171912,-11.511626433051179
115.09999999999773,-6.359999999999985,-7.436785656970694,-7.449764897353965,-11.546048048606421
115.19999999999773,-6.289999999999985,-7.38689291690767,-7.400407793323716,-11.504398129324803
115.29999999999772,-6.219999999999985,-7.336971644424684,-7.351033511395738,-11.535963254791904
115.39999999999772,-6.149999999999984,-7.287021832484261,-7.3016420581899855,-11.496041914977454
115.49999999999771,-6.079999999999984,-7.237043475782854,-7.252233440633561,-11.524335138981046
115.5999999999977,-6.009999999999984,-7.187036570768521,-7.2028076659626326,-11.486421449130173
115.6999999999977,-5.9399999999999835,-7.137001115658268,-7.153364741724428,-11.511073676720912
115.7999999999977,-5.869999999999983,-7.086937110455003,-7.103904675779305,-11.47543347924105
115.89999999999769,-5.799999999999983,-7.03684455696409,-7.054427476302853,-11.496162892989874
115.99999999999768,-5.729999999999983,-6.986723458809448,-7.004933151788032,-11.463024761607253
116.09999999999768,-5.659999999999982,-6.936573821449192,-6.955421711047336,-11.479669721912037
116.19999999999767,-5.589999999999982,-6.886395652190792,-6.905893163214954,-11.449202309942502
116.29999999999767,-5.519999999999982,-6.836188960205718,-6.856347517748957,-11.4617372391145
116.39999999999766,-5.4499999999999815,-6.785953756543572,-6.806784784433474,-11.43403333793521
116.49999999999766,-5.379999999999981,-6.735690054145673,-6.757204973380879,-11.442563889825761
116.59999999999765,-5.309999999999981,-6.685397867858099,-6.707608095033972,-11.417634827779816
116.69999999999764,-5.239999999999981,-6.635077214444154,-6.657994160168166,-11.42237543436904
116.79999999999764,-5.16999999999998,-6.584728112596251,-6.608363179893661,-11.400156265747944
116.89999999999763,-5.09999999999998,-6.534350582947209,-6.558715165657619,-11.401397804149651
116.99999999999763,-5.02999999999998,-6.483944648080935,-6.509050129246341,-11.38176072766515
117.09999999999762,-4.9599999999999795,-6.43351033254249,-6.459368082787431,-11.37983677342697
117.19999999999762,-4.889999999999979,-6.383047662847516,-6.409669038751955,-11.36260871262051
117.29999999999761,-4.819999999999979,-6.3325566674910325,-6.359953009956602,-11.357866508747033
117.3999999999976,-4.749999999999979,-6.282037376955566,-6.310220009565834,-11.342846990716206
117.4999999999976,-4.679999999999978,-6.2314898237186265,-6.260470051094029,-11.335625953927597
117.59999999999759,-4.609999999999978,-6.180914042259498,-6.2107031484076245,-11.322602657321296
117.69999999999759,-4.539999999999978,-6.130310069065358,-6.160919315727245,-11.313220578790514
117.79999999999758,-4.4699999999999775,-6.079677942636697,-6.111118567629834,-11.301981342939769
117.89999999999758,-4.399999999999977,-6.029017703492039,-6.06130091905077,-11.290726974966693
117.99999999999757,-4.329999999999977,-5.978329394171957,-6.01146638528598,-11.281068147458239
118.09999999999756,-4.259999999999977,-5.927613059242367,-5.9616149819940505,-11.268198413149198
118.19999999999756,-4.189999999999976,-5.876868745297107,-5.91174672519832,-11.259930025390426
118.29999999999755,-4.119999999999976,-5.826096500959787,-5.861861631288976,-11.245670222269787
118.39999999999755,-4.049999999999976,-5.775296376884903,-5.811959717025137,-11.238618709554366
118.49999999999754,-3.979999999999976,-5.724468425758213,-5.76204099953693,-11.223164442927803
118.59999999999754,-3.909999999999976,-5.673612702296374,-5.712105496327564,-11.217173618079991
118.69999999999753,-3.8399999999999763,-5.622729263245838,-5.662153225275386,-11.200693586398701
118.79999999999752,-3.7699999999999765,-5.571818167380987,-5.6121842046359385,-11.195624461070837
118.89999999999752,-3.6999999999999766,-5.52087947550153,-5.562198453044005,-11.178263534222951
118.99999999999751,-3.629999999999977,-5.4699132504291414,-5.512195989515648,-11.173993438915472
119.09999999999751,-3.559999999999977,-5.418919557003354,-5.462176833450239,-11.155875701403536
119.1999999999975,-3.489999999999977,-5.367898462076689,-5.41214100463248,-11.152297023918614
119.2999999999975,-3.4199999999999773,-5.316850034509042,-5.3620885232344175,-11.133528608855238
119.39999999999749,-3.3499999999999774,-5.265774345161317,-5.312019409817446,-11.130547365578654
119.49999999999748,-3.2799999999999776,-5.214671466888305,-5.261933685334307,-11.111219001561665
119.59999999999748,-3.2099999999999778,-5.163541474530828,-5.211831371131073,-11.108753378027105
119.69999999999747,-3.139999999999978,-5.112384444907128,-5.161712488949131,-11.088942627421872
119.79999999999747,-3.069999999999978,-5.061200456803521,-5.111577060927151,-11.086921569994008
119.89999999999746,-2.9999999999999782,-5.009989590964322,-5.061425109603049,-11.066694768050224
119.99999999999746,-2.9299999999999784,-4.95875193008103,-5.011256657915939,-11.065056671861205
120.09999999999745,-2.8599999999999786,-4.907487558780801,-4.961071729208077,-11.044470591299627
120.19999999999744,-2.7899999999999787,-4.856196563614192,-4.9108703472267985,-11.043162105802304
120.29999999999744,-2.719999999999979,-4.80487903304221,-4.860652536126445,-11.02226537751956
120.39999999999743,-2.649999999999979,-4.753535057422646,-4.810418320470283,-11.021240336193939
120.49999999999743,-2.579999999999979,-4.702164728995722,-4.760167725232407,-11.00007465763413
120.59999999999742,-2.5099999999999794,-4.650768141869062,-4.709900775799649,-10.99929312954993
120.69999999999742,-2.4399999999999795,-4.599345392001971,-4.659617497973464,-10.977894290554719
120.79999999999741,-2.3699999999999797,-4.547896577189071,-4.609317917971817,-10.977321746568375
120.8999999999974,-2.29999999999998,-4.496421797043271,-4.55900206243105,-10.955720499588772
120.9999999999974,-2.22999999999998,-4.444921152978099,-4.508669958407756,-10.955327083513758
121.0999999999974,-2.15999999999998,-4.393394748189414,-4.458321633380631,-10.933549881758838
121.19999999999739,-2.0899999999999803,-4.34184268763649,-4.407957115252323,-10.933309775943735
121.29999999999738,-2.0199999999999805,-4.290265078022505,-4.357576432351271,-10.911379399784677
121.39999999999738,-1.9499999999999804,-4.238662027774445,-4.307179613433539,-10.91127027454288
121.49999999999737,-1.8799999999999804,-4.187033647022424,-4.256766687684635,-10.889206363493455
121.59999999999737,-1.8099999999999803,-4.135380047578455,-4.206337684721331,-10.889208900352957
121.69999999999736,-1.7399999999999802,-4.08370134291467,-4.155892634593463,-10.867028405292718
121.79999999999735,-1.6699999999999802,-4.031997648141015,-4.105431567785736,-10.86712588482283
121.89999999999735,-1.59999999999998,-3.980269079982434,-4.054954515219511,-10.844843452831556
121.99999999999734,-1.52999999999998,-3.9285157567555538,-4.0044615082545905,-10.845021398700919
122.09999999999734,-1.45999999999998,-3.8767377983448945,-3.9539525786909913,-10.822649700913026
122.19999999999733,-1.38999999999998,-3.824935326178618,-3.9034277587707154,-10.822895572747663
122.29999999999733,-1.3199999999999799,-3.7731084632038296,-3.8528870811795097,-10.80044558397863
122.39999999999732,-1.2499999999999798,-3.7212573338614594,-3.802330579048621,-10.800748512467312
122.49999999999731,-1.1799999999999797,-3.669382064060732,-3.751758285956542,-10.778229749971626
122.59999999999731,-1.1099999999999797,-3.6174827811532504,-3.701170235930753,-10.778580308480727
122.6999999999973,-1.0399999999999796,-3.565559613906709,-3.6505664634494552,-10.75600103603382
122.7999999999973,-0.9699999999999797,-3.513612692478255,-3.5999470034433005,-10.756391043732915
122.89999999999729,-0.8999999999999797,-3.4616421483875177,-3.5493118912971124,-10.733758446253072
122.99999999999729,-0.8299999999999798,-3.4096481144893285,-3.498661162851603,-10.734180798412375
123.09999999999728,-0.7599999999999798,-3.3576307249461435,-3.4479948544050854,-10.711501131521642
123.19999999999727,-0.6899999999999799,-3.3055901152001965,-3.3973130027151788,-10.711949653225457
123.29999999999727,-0.6199999999999799,-3.253526421945396,-3.3466156450005116,-10.689228371464935
123.39999999999726,-0.54999999999998,-3.20143978309899,-3.2959028189424178,-10.689697691496333
123.49999999999726,-0.47999999999997994,-3.149330337773015,-3.2451745626866306,-10.666939558338433
123.59999999999725,-0.40999999999997994,-3.097198226245554,-3.194430914844972,-10.667425000435948
123.69999999999725,-0.33999999999997993,-3.045043589931817,-3.143671914497039,-10.644634182755663
123.79999999999724,-0.2699999999999799,-2.9928665713550684,-3.092897601191887,-10.645131671829697
123.89999999999723,-0.19999999999997992,-2.9406673141174213,-3.042108014949711,-10.622311821093255
123.99999999999723,-0.1299999999999799,-2.8884459628705144,-2.9913031962635226,-10.622817802324736
124.09999999999722,-0.05999999999997992,-2.836202663286096,-2.940483186100829,-10.599972124414185
124.19999999999722,0.010000000000020076,-2.7839375620265314,-2.8896480259053066,-10.600483493447337
124.29999999999721,0.08000000000002007,-2.7316508067152543,-2.8387977575984773,-10.577614808753157
124.3999999999972,0.15000000000002006,-2.6793425459071813,-2.7879324235813816,-10.578128851443674
124.4999999999972,0.22000000000002007,-2.6270129290591084,-2.7370520667362537,-10.55523964661564
124.5999999999972,0.2900000000000201,-2.5746621065001096,-2.6861567304281957,-10.55575398701042
124.69999999999719,0.3600000000000201,-2.5222902294019542,-2.6352464585068556,-10.532846459552264
124.79999999999718,0.4300000000000201,-2.4698974497495634,-2.5843212953081034,-10.533359014961823
124.89999999999718,0.5000000000000201,-2.4174839203115233,-2.5333812856557114,-10.510435111681957
124.99999999999717,0.57000000000002,-2.3650497946106714,-2.482426474863038,-10.510944053865668
125.09999999999717,0.64000000000002,-2.3125952268947776,-2.431456908734713,-10.488005504049054
125.19999999999716,0.71000000000002,-2.2601203721073317,-2.3804726335683286,-10.488509494129675
125.29999999999715,0.7800000000000199,-2.2076253858584614,-2.3294736961561333,-10.46838076646007
125.39999999999715,0.8500000000000199,-2.1551104243959913,-2.278460143786733,-10.466045878206852
125.49999999999714,0.9200000000000198,-2.102575644576663,-2.2274320242467964,-10.448080985991126
125.59999999999714,0.9900000000000198,-2.05002120383753,-2.1763893858227674,-10.443624639523813
125.69999999999713,1.0600000000000198,-1.9974472601675477,-2.1253322773025856,-10.427308138959186
125.79999999999713,1.1300000000000199,-1.9448539720793667,-2.0742607479774136,-10.421264686888545
125.89999999999712,1.20000000000002,-1.8922414985813518,-2.0231748476433737,-10.406196533023227
125.99999999999712,1.27000000000002,-1.8396099991498356,-1.9720746266032942,-10.398961504086602
126.09999999999711,1.34000000000002,-1.7869596337016247,-1.9209601356684654,-10.384835834807838
126.1999999999971,1.4100000000000201,-1.7342905625667706,-1.8698314261604072,-10.376701772499112
126.2999999999971,1.4800000000000202,-1.681602946461619,-1.8186885499126484,-10.363286556890706
126.39999999999709,1.5500000000000203,-1.6288969464621494,-1.7675315592725183,-10.354470257993071
126.49999999999709,-4.937390096630006,-9.961927423253233,-14.94530581326632,-9.953589819808442
126.59999999999708,-4.874780193260012,-9.924046860997802,-14.989117111473892,-9.907574535861505
126.69999999999708,-4.812170289890018,-9.896495837339183,-14.935130117398176,-9.861805739841884
126.79999999999707,-4.749560386520024,-9.87700136643836,-14.977222535702884,-9.816179993454982
126.89999999999706,-4.68695048315003,-9.862158109379632,-14.924403347083805,-9.770626262603056
126.99999999999706,-4.624340579780036,-9.849652491950762,-14.964001329165752,-9.725096217651188
127.09999999999705,-4.561730676410042,-9.828973421272877,-14.912815682560542,-9.67955717410993
127.19999999999705,-4.4991207730400475,-9.788876494263954,-14.949234639278636,-9.633987117688019
127.29999999999704,-4.4365108696700535,-9.739067564719017,-14.900106513838965,-9.588371264389211
127.39999999999704,-4.373900966300059,-9.686044662285905,-14.93283221704335,-9.542699709944634
127.49999999999703,-4.311291062930065,-9.632783453501789,-14.88609988928334,-9.49696583572329
127.59999999999702,-4.248681159560071,-9.580298464993074,-14.914833874494763,-9.45116523301255
127.69999999999702,-4.186071256190077,-9.528762263230178,-14.870720515402022,-9.405294979503632
127.79999999999701,-4.123461352820083,-9.478053387219429,-14.895382354434453,-9.359353153761212
127.89999999999701,-4.060851449450089,-9.427983324927828,-14.853987433247926,-9.313338509909254
127.999999999997,-3.998241546080095,-9.378377714778127,-14.874681455081506,-9.267250259911545
128.099999999997,-3.935631642710101,-9.329098104568665,-14.83599156927818,-9.221087927985902
128.199999999997,-3.873021739340107,-9.280041921125683,-14.85295510296709,-9.174851253320558
128.299999999997,-3.810411835970113,-9.23113594715914,-14.816867375772791,-9.12854012510639
128.399999999997,-3.747801932600119,-9.182329045670368,-14.830417210294119,-9.082154539174773
128.499999999997,-3.685192029230125,-9.133585978552913,-14.796767113673342,-9.035694569071966
128.59999999999698,-3.6225821258601307,-9.084882672430766,-14.807254709453758,-8.98916034677413
128.69999999999698,-3.5599722224901367,-9.036202775502753,-14.775842076803785,-8.942552049836108
128.79999999999697,-3.4973623191201426,-8.987535225090426,-14.783621363325159,-8.895869892830287
128.89999999999696,-3.4347524157501486,-8.938872559003372,-14.754231304962323,-8.849114121642858
128.99999999999696,-3.3721425123801545,-8.89020975604409,-14.7596384317212,-8.802285009670154
129.09999999999695,-3.3095326090101604,-8.841543445429473,-14.73205631344064,-8.75538285527546
129.19999999999695,-3.2469227056401664,-8.792871370223567,-14.735398756974654,-8.708407980078933
129.29999999999694,-3.1843128022701723,-8.744192024272648,-14.709419838369612,-8.66136072779519
129.39999999999694,-3.1217028989001783,-8.695504407035665,-14.710971966247731,-8.614241463427836
129.49999999999693,-3.059092995530184,-8.646807858250718,-14.68640686594208,-8.567050572693573
129.59999999999692,-2.99648309216019,-8.598101946541561,-14.686409527035678,-8.519788461590785
129.69999999999692,-2.933873188790196,-8.549386394412483,-14.663086726248796,-8.472455556055854
129.7999999999969,-2.871263285420202,-8.500661027765926,-14.661749103579083,-8.425052301669268
129.8999999999969,-2.808653382050208,-8.451925741935058,-14.639515506356151,-8.377579163386333
129.9999999999969,-2.746043478680214,-8.403180478833226,-14.637018068227608,-8.330036625275676
130.0999999999969,-2.68343357531022,-8.354425211584218,-14.615738382121833,-8.282425190254504
130.1999999999969,-2.620823671940226,-8.3056599341855,-14.61223621847664,-8.234745379813305
130.29999999999688,-2.5582137685702317,-8.256884654557021,-14.591791686848895,-8.186997733725347
130.39999999999688,-2.4956038652002377,-8.208099389867167,-14.587417825267497,-8.139182809738005
130.49999999999687,-2.4329939618302436,-8.159304163390267,-14.567704659573293,-8.091301183244163
130.59999999999687,-2.3703840584602496,-8.110499002394073,-14.562573151167674,-8.043353446932775
130.69999999999686,-2.3077741550902555,-8.061683936719904,-14.543500879725883,-7.995340210418207
130.79999999999686,-2.2451642517202615,-8.012858997828586,-14.537709563242032,-7.947262099848413
130.89999999999685,-2.1825543483502674,-7.964024218159622,-14.519199423110695,-7.899119757492272
130.99999999999685,-2.1199444449802733,-7.915179630700979,-14.512832343007979,-7.850913841306636
131.09999999999684,-2.0573345416102793,-7.8663252687005,-14.494815782958849,-7.802645024483806
131.19999999999683,-1.9947246382402852,-7.817461165472546,-14.487945273271727,-7.754313994980273
131.29999999999683,-1.9321147348702912,-7.768587354268664,-14.470362599050537,-7.705921455027659
131.39999999999682,-1.8695048315002971,-7.7197038681913,-14.463051062143785,-7.657468120626887
131.49999999999682,-1.806894928130303,-7.670810740136445,-14.445850233023922,-7.608954721026666
131.5999999999968,-1.744285024760309,-7.62190800275574,-14.438151648927663,-7.560381998187431
131.6999999999968,-1.681675121390315,-7.572995688431648,-14.421287221873435,-7.5117507062319415
131.7999999999968,-1.6190652180203209,-7.524073829261408,-14.413248424608584,-7.463061610883753
131.8999999999968,-1.5564553146503268,-7.47514245704689,-14.396680635656672,-7.414315488894832
131.9999999999968,-1.4938454112803328,-7.426201603288406,-14.388342390724807,-7.365513127463603
132.09999999999678,-1.4312355079103387,-7.37725129918118,-14.372036360151515,-7.31665532364471
132.19999999999678,-1.3686256045403447,-7.328291575613594,-14.363434273826078,-7.2677428837518345
132.29999999999677,-1.3060157011703506,-7.2793224631666265,-14.347359320797528,-7.198803605177034
132.39999999999677,-1.2434057978003565,-7.230343992114075,-14.338524607934502,-7.123499153770599
132.49999999999676,-1.1807958944303625,-7.1813561924233165,-14.322653660690586,-7.051154337467428
132.59999999999675,-1.1181859910603684,-7.132359093756407,-14.313613793957936,-7.003364483666742
132.69999999999675,-1.0555760876903744,-7.083352725471413,-14.297922882572376,-6.949631285488711
132.79999999999674,-0.9929661843203803,-7.034337116623883,-14.28870214250775,-6.894806973403066
132.89999999999674,-0.9303562809503862,-6.985312295968415,-14.273169962541465,-6.816360276315216
132.99999999999673,-0.8677463775803922,-6.936278291960279,-14.263789904775189,-6.762923474768573
133.09999999999673,-0.8051364742103981,-6.887235132757068,-14.248397441490368,-6.70807919877938
133.19999999999672,-0.742526570840404,-6.838182846220365,-14.23887729482788,-6.627158240615404
133.29999999999671,-0.6799166674704098,-6.789121459917407,-14.223607498939705,-6.573549164362178
133.3999999999967,-0.6173067641004156,-6.7400510011227555,-14.213964505758657,-6.4904145298257525
133.4999999999967,-0.5546968607304215,-6.690971496819948,-14.198802012910127,-6.437505727298936
133.5999999999967,-0.49208695736042735,-6.64188297370314,-14.189051721450317,-6.382667241847023
133.6999999999967,-0.42947705399043323,-6.592785458178733,-14.173982608677099,-6.328346893508074
133.7999999999967,-0.3668671506204391,-6.543678976366986,-14.164139125239034,-6.243931989394704
133.89999999999668,-0.304257247250445,-6.494563554103609,-14.14915069863856,-6.189530334043858
133.99999999999667,-0.2416473438804509,-6.445439216941336,-14.13922690641318,-6.134785743030339
134.09999999999667,-0.17903744051045678,-6.39630599015149,-14.124307515049631,-6.08105079045207
134.19999999999666,-0.11642753714046267,-6.34716389872551,-14.114315265235753,-5.994200286660563
134.29999999999666,-0.05381763377046854,-6.2980129673764855,-14.09945413700948,-5.939501303576165
134.39999999999665,0.008792269599525573,-6.248853220540648,-14.089404417000564,-5.884887323084985
134.49999999999665,0.07140217296951969,-6.199684682378859,-14.074591512798696,-5.831390420862136
134.59999999999664,0.13401207633951379,-6.150507376778072,-14.06449459550552,-5.779113459461279
134.69999999999663,0.1966219797095079,-6.101321327352782,-14.04972047844229,-5.689833528472094
134.79999999999663,0.259231883079502,-6.052126557446449,-14.039586056237171,-5.634921628578133
134.89999999999662,0.3218417864494961,-6.002923090132912,-14.02484177319935,-5.580589534674824
134.99999999999662,0.38445168981949024,-5.953710948217771,-14.014679079499277,-5.527463318984843
135.0999999999966,0.44706159318948435,-5.90449015423977,-13.999956052544478,-5.475504014952089
135.1999999999966,0.5096714965594784,-5.855260730472143,-13.989773973677716,-5.424477258906554
135.2999999999966,0.5722813999294725,-5.806022698923951,-13.975063899100382,-5.37413388196697
135.3999999999966,0.6348913032994665,-5.756776081341403,-13.964871078809717,-5.324266440686319
135.4999999999966,0.6975012066694606,-5.707520899209153,-13.950165831898822,-5.2747181812348805
135.59999999999658,0.7601111100394546,-5.65825717375158,-13.939970770614057,-5.181510279492623
135.69999999999658,0.8227210134094487,-5.608984925934054,-13.925262314284133,-5.126779846325391
135.79999999999657,0.8853309167794428,-5.559704176464183,-13.91507346513823,-5.073108522257866
135.89999999999657,0.9479408201494368,-5.510414945793036,-13.900353760726183,-5.0206205054794735
135.99999999999656,1.0105507235194309,-5.461117254116358,-13.890179624187825,-4.96913026651483
136.09999999999656,1.073160626889425,-5.411811121375761,-13.875440542775491,-4.918393130426552
136.19999999999655,1.135770530259419,-5.362496567259899,-13.865289761721844,-4.868191792677509
136.29999999999654,1.198380433629413,-5.313173611205624,-13.850522994370804,-4.81835701004805
136.39999999999654,1.260990336999407,-5.2638422723991285,-13.840404451425984,-4.768764919896892
136.49999999999653,1.3236002403694012,-5.214502569777067,-13.825601416697864,-4.719327942941142
136.59999999999653,1.3862101437393952,-5.165154522027661,-13.815524335714944,-4.669985453385791
136.69999999999652,1.4488200471093893,-5.11579814759179,-13.800676082797265,-4.620696084572523
136.79999999999652,1.5114299504793833,-5.066433464664057,-13.790650136466326,-4.571431924475023
136.8999999999965,1.5740398538493774,-5.017060491193848,-13.77574724212987,-4.52217433194554
136.9999999999965,1.6366497572193714,-4.967679244886364,-13.765782667855419,-4.472910998359309
137.0999999999965,1.6992596605893655,-4.918289743203644,-13.75081512533174,-4.423633915980732
137.1999999999965,1.7618695639593596,-4.868892003365565,-13.740922851745509,-4.374337986905718
137.2999999999965,1.8244794673293536,-4.819486042350832,-13.725879949429158,-4.325020076492244
137.39999999999648,1.8870893706993477,-4.77007187689794,-13.716071736197254,-4.275678371791409
137.49999999999648,1.9496992740693417,-4.720649523506132,-13.700941923841961,-4.226311947787082
137.59999999999647,2.012309177439336,-4.671218998436332,-13.69123051779964,-4.176920474582579
137.69999999999646,2.07491908080933,-4.621780317712066,-13.676001257584915,-4.1275040199085025
137.79999999999646,2.137528984179324,-4.572333497120358,-13.666400568702521,-4.078062915977921
137.89999999999645,2.200138887549318,-4.522878552212621,-13.651058168189707,-4.028597669731915
137.99999999999645,2.262748790919312,-4.473415498305523,-13.64158346945816,-3.9791089023259776
138.09999999999644,2.325358694289306,-4.4239443504818405,-13.626112893023897,-3.9295973083167293
138.19999999999644,2.3879685976593,-4.374465123591291,-13.616781049071626,-3.880063628121147
138.29999999999643,2.450578501029294,-4.3249778322513555,-13.601165703891704,-3.830508629419584
138.39999999999642,2.5131884043992883,-4.275482490848081,-13.591995434037257,-3.780933094587986
138.49999999999642,2.5757983077692823,-4.225979113536863,-13.576216926083024,-3.7313378121968768
138.5999999999964,2.6384082111392764,-4.17646771424322,-13.567229108627446,-3.6817235712556484
138.6999999999964,2.7010181145092704,-4.126948306663543,-13.55126696341722,-3.6320911573120975
138.7999999999964,2.7636280178792645,-4.077420904265836,-13.542484989336428,-3.5824413498075307
138.8999999999964,2.8262379212492585,-4.027885520290434,-13.526316331341487,-3.5327749202832477
138.9999999999964,2.8888478246192526,-3.9783421677507107,-13.517766517213223,-3.4830926311658255
139.09999999999638,2.9514577279892467,-3.928790859433764,-13.501365700837832,-3.4333952349472687
139.19999999999638,3.0140676313592407,-3.879231607901089,-13.49307777290908,-3.383683473635802
139.29999999999637,3.0766775347292348,-3.8296644254892356,-13.476415956833417,-3.333958078393312
139.39999999999637,3.139287438099229,-3.7800893243104463,-13.468423620702168,-3.2842197693025676
139.49999999999636,3.201897341469223,-3.7305063162532806,-13.45146827608676,-3.2344692552256435
139.59999999999636,3.264507244839217,-3.680915412983223,-13.443809889663282,-3.1847072337272886
139.69999999999635,3.327117148209211,-3.631316625943273,-13.426524231261931,-3.1349343910453302
139.79999999999634,3.389727051579205,-3.581709966354523,-13.419243602649393,-3.0851514020958097
139.89999999999634,3.452336954949199,-3.5320954452167146,-13.401585930277752,-3.035358930504355
139.99999999999633,3.514946858319193,-3.482473073308783,-13.394733267171162,-2.985557628657862
140.09999999999633,3.5775567616891872,-3.432842861189385,-13.376656203268896,-2.9357481377723036
140.19999999999632,3.6401666650591813,-3.3832048191974073,-13.370289246664496,-2.885931087973659
140.29999999999632,3.7027765684291754,-3.333558957452464,-13.351738853953536,-2.8361070983897685
140.3999999999963,3.7653864717991694,-3.2839052858553743,-13.345924236691515,-2.786276777251467
140.4999999999963,3.8279963751691635,-3.234243814088625,-13.326838998329224,-2.7364407220017193
140.5999999999963,3.8906062785391575,-3.184730969520732,-13.321653878614946,-2.686845140356092
140.6999999999963,3.9532161819091516,-3.1352918246134434,-13.301963522051773,-2.637387882867502
140.7999999999963,4.015826085279146,-3.0858797442182953,-13.297497553997081,-2.5880020026170434
140.89999999999628,4.07843598864914,-3.036466097347524,-13.277121699466289,-2.538644224792311
140.99999999999628,4.141045892019134,-2.987033490593464,-13.2734794172034,-2.4892868487252486
141.09999999999627,4.203655795389128,-2.9375714631688714,-13.252326033241218,-2.439912293243266
141.19999999999627,4.266265698759122,-2.935714994741229,-13.24962974241581,-2.3906351076057826
141.29999999999626,4.328875602129116,-2.955787400425904,-13.22759339548127,-2.3412019335067393
141.39999999999625,4.39148550549911,-2.9969726676101436,-13.225986685452101,-2.2916820689440685
141.49999999999625,4.4540954088691045,-3.051032408229119,-13.202946581072833,-2.242166073307528
141.59999999999624,4.5167053122390985,-3.1117918742900965,-13.202598590987188,-2.1926911625834835
141.69999999999624,4.579315215609093,-3.1756937843783644,-13.178416424210722,-2.1432518211512357
141.79999999999623,4.641925118979087,-3.240786965227981,-13.17952701099169,-2.0938209533115164
141.89999999999623,4.704535022349081,-3.2612009577224716,-13.154044681848017,-2.044364806184156
141.99999999999622,4.767144925719075,-3.254551824896147,-13.156850635298996,-1.9945982384705845
142.09999999999621,4.829754829089069,-3.271864048395057,-13.12988795402009,-1.9444939321210342
142.1999999999962,4.892364732459063,-3.3070794064883167,-13.134670354733524,-1.89415411294446
142.2999999999962,4.954974635829057,-3.3100177052172497,-13.106022986271416,-1.8437822235274737
142.3999999999962,5.017584539199051,-3.289478365170792,-13.11311564132126,-1.7932661589297338
142.4999999999962,5.080194442569045,-3.2954253383907237,-13.08255376488187,-1.7425061267876814
142.5999999999962,5.142804345939039,-3.320178659398158,-13.092352242483432,-1.6915176071703064
142.69999999999618,5.205414249309033,-3.3558307477755593,-13.059620814934073,-1.640371707245305
142.79999999999617,5.268024152679027,-3.3584653123511785,-13.072590622822105,-1.589330141578318
142.89999999999617,5.330634056049021,-3.3373284981378544,-13.037412896030565,-1.5382623190896532
142.99999999999616,5.393243959419015,-3.3017123958645955,-13.054093144250922,-1.4871905102363387
143.09999999999616,5.455853862789009,-3.293411315075879,-13.01618049370556,-1.4358926345219032
143.19999999999615,5.5184637661590035,-3.303405784072974,-13.037174576165615,-1.3843124994501639
143.29999999999615,5.5810736695289975,-3.3244197833523272,-12.996248268801619,-1.3325145023343632
143.39999999999614,5.643683572898992,-3.3189406224808735,-13.022183118189515,-1.2808700014778018
143.49999999999613,5.706293476268986,-3.2921547970357077,-12.978018117436903,-1.2292985156187315
143.59999999999613,5.76890337963898,-3.2531132971220535,-13.00943489948999,-1.1778143569190795
143.69999999999612,5.831513283008974,-3.20768927125177,-12.961942518033734,-1.1264374345210537
143.79999999999612,5.894123186378968,-3.184812382414392,-12.999055155140608,-1.074792224786956
143.8999999999961,5.956733089748962,-3.1778342376258295,-12.94842713226842,-1.0227934795526998
143.9999999999961,6.019342993118956,-3.1580306201002575,-12.990680831449557,-0.970908527374693
144.0999999999961,6.08195289648895,-3.122590592661902,-12.937605578767165,-0.919129973422599
144.1999999999961,6.144562799858944,-3.0788155517727307,-12.983098634383033,-0.8674768930607965
144.2999999999961,6.207172703228938,-3.030784120891755,-12.928986908469215,-0.8159561061147806
144.39999999999608,6.269782606598932,-2.9963274898024803,-12.974226324195493,-0.7641011388725785
144.49999999999608,6.332392509968926,-2.961129130513192,-12.921220008274856,-0.7123060102902228
144.59999999999607,6.39500241333892,-2.91738590944612,-12.96196959025434,-0.6606069338051386
144.69999999999607,6.457612316708914,-2.8692856481527236,-12.912450124726103,-0.6090225809362055
144.79999999999606,6.520222220078908,-2.8189454545776895,-12.945482443970018,-0.557552486691008
144.89999999999606,6.5828321234489025,-2.7674155179885167,-12.901231558896189,-0.5061842015445296
144.99999999999605,6.6454420268188965,-2.715227318199445,-12.925416335504622,-0.4549000612327114
145.09999999999604,6.708051930188891,-2.662659982188842,-12.887104162900448,-0.40368167097316304
145.19999999999604,6.770661833558885,-2.609866465521948,-12.90305839492359,-0.352512321934462
145.29999999999603,6.833271736928879,-2.556934088963418,-12.870385830148857,-0.3013779935451743
145.39999999999603,6.895881640298873,-2.503914514349992,-12.879526145906487,-0.2502675277469304
145.49999999999602,6.958491543668867,-2.4508392110497628,-12.851680957024836,-0.19917238567422907
145.59999999999602,7.021101447038861,-2.397727796037933,-12.855522559643747,-0.1480862383700181
145.699999999996,7.083711350408855,-2.3445927244541642,-12.8315630356983,-0.09700452966574916
145.799999999996,7.146321253778849,-2.291442026326144,-12.831411695752145,-0.04592407769786362
145.899999999996,7.208931157148843,-2.238280951841663,-12.810470618480831,0.005157259733573602
145.999999999996,7.271541060518837,-2.1851129836807184,-12.807352672658553,0.056240852422784995
146.099999999996,7.334150963888831,-2.1319404708494094,-12.788709614073957,0.10732750411442492
146.19999999999598,7.396760867258825,-2.078765030677947,-12.78339847930711,0.15841760803913651
146.29999999999598,7.459370770628819,-2.0255878062230064,-12.766485480923844,0.20951126205178758
146.39999999999597,7.521980673998813,-1.9724096322686533,-12.759553152359194,0.260608352684298
146.49999999999596,7.584590577368807,-1.9192311429756428,-12.743934751304614,0.3117086158244899
146.59999999999596,7.647200480738801,-1.8660528420018758,-12.735801198856334,0.3628116801179251
146.69999999999595,7.7098103841087955,-1.8128751483495313,-12.721148471353324,0.41391709776585084
146.79999999999595,7.7724202874787895,-1.759698426442422,-12.712121565988973,0.46502436622269067
146.89999999999594,7.835030190848784,-1.7065230059207162,-12.698187999276271,0.5161329433767421
146.99999999999594,7.897640094218778,-1.6533491947099803,-12.688493714762615,0.5672422580955071
147.09999999999593,7.960249997588772,-1.6001772876787985,-12.675095254481626,0.6183517174921285
147.19999999999592,8.022859900958766,-1.5470075723953156,-12.664899878984016,0.6694607118831226
147.29999999999592,8.08546980432876,-1.4938403329709788,-12.65189929556408,0.720568618126797
147.3999999999959,8.148079707698754,-1.4406758526395993,-12.641325582803368,0.7716748018295727
147.4999999999959,8.210689611068748,-1.3875144154975962,-12.628620555827348,0.8227786187630215
147.5999999999959,8.273299514438742,-1.334356307685679,-12.617759429946343,0.8738794157319251
147.6999999999959,8.335909417808736,-1.2812018181965923,-12.605273599416725,0.9249765310613188
147.7999999999959,8.39851932117873,-1.228051239430597,-12.594192641660914,0.9760692948196498
147.89999999999588,8.461129224548724,-1.1749048675788032,-12.581868940157726,1.0271570288596132
147.99999999999588,8.523739127918718,-1.121763002886977,-12.570618556288773,1.0782390467334477
148.09999999999587,8.586349031288712,-1.0686259498341886,-12.558414260308734,1.1293146535222502
148.19999999999587,8.648958934658706,-1.015494017248514,-12.547032176375723,1.1803831456069662
148.29999999999586,8.7115688380287,-0.9623675183738679,-12.534915239620872,1.2314438104005023
148.39999999999586,8.774178741398694,-0.9092467708965677,-12.523429790202771,1.282495926054786
148.49999999999585,8.836788644768689,-0.8561320969365255,-12.511376127316861,1.3335387611527665
148.59999999999584,8.899398548138683,-0.8030238230054159,-12.499808668759115,1.3845715743927698
148.69999999999584,-9.935317012031236,-8.288434191802873,-6.622265644058465,-9.952108685738942
148.79999999999583,-9.869803129202094,-8.243531780378904,-6.577956114286494,-9.903316570407128
148.89999999999583,-9.803868548801724,-8.198625251134981,-6.533712849451695,-9.854015334123263
148.99999999999582,-9.73772454069762,-8.153714475287044,-6.489516000441509,-9.80442011727067
149.09999999999582,-9.671485806519309,-8.108799468877713,-6.445350658612932,-9.754649662713353
149.1999999999958,-9.60521736771291,-8.063880128773185,-6.401205921959499,-9.704770250738756
149.2999999999958,-9.538957515567134,-8.018956124319791,-6.357073930986203,-9.654819509170169
149.3999999999958,-9.472729699106388,-7.974026862841689,-6.3129490462701385,-9.604819279559953
149.4999999999958,-9.406548951696928,-7.929091488236465,-6.268827205913432,-9.554782588622041
149.5999999999958,-9.340425469641941,-7.884148893152415,-6.224705447479947,-9.504717452710677
149.69999999999578,-9.274366643372561,-7.8391977357124185,-6.180581562742288,-9.454628977412685
149.79999999999578,-9.208378222971804,-7.7942364568015305,-6.136453853051591,-9.404520534102645
149.89999999999577,-9.142464989116172,-7.749263296342938,-6.092320958170184,-9.354394432156658
149.99999999999577,-9.076631136704535,-7.704276308126746,-6.048181737520736,-9.30425231204033
150.09999999999576,-9.010880488949468,-7.659273373287806,-6.004035188295517,-9.254095381307069
150.19999999999575,-8.94521660963504,-7.614252212764436,-5.959880389254816,-9.203924560331966
150.29999999999575,-8.879642852803608,-7.569210399157231,-5.915716462341242,-9.15374057489102
150.39999999999574,-8.814162372843155,-7.52414536841752,-5.871542546630158,-9.103544016565749
150.49999999999574,-8.748778108597602,-7.479054431764,-5.827357780834946,-9.053335383095492
150.59999999999573,-8.683492749792578,-7.43393478817199,-5.783161291773199,-9.00311510586102
150.69999999999573,-8.618308691092798,-7.388783537712757,-5.738952187021067,-8.95288356887681
150.79999999999572,-8.55322797752254,-7.3435976959461176,-5.69472955054644,-8.90264112203773
150.8999999999957,-9.93,-9.95,-9.95,-9.95
150.9999999999957,-9.86,-9.900111850963668,-9.900119359349352,-9.90012186090665
151.0999999999957,-9.79,-9.850451604733989,-9.85047427782447,-9.850481828603144
151.1999999999957,-9.719999999999999,-9.801023618336037,-9.8010694200136,-9.801084664404653
151.2999999999957,-9.649999999999999,-9.75179163926401,-9.751868893180749,-9.75189458774918
151.39999999999569,-9.579999999999998,-9.702710250769385,-9.702827623959791,-9.702866630620944
151.49999999999568,-9.509999999999998,-9.65373740848145,-9.653903863725505,-9.653959132983534
151.59999999999567,-9.439999999999998,-9.604838397876485,-9.605063138439288,-9.605137690440552
151.69999999999567,-9.369999999999997,-9.555986166991168,-9.5562785857519,-9.556375493050975
151.79999999999566,-9.299999999999997,-9.507160325404488,-9.507529963045492,-9.50765233655715
151.89999999999566,-9.279898815812967,-9.458345816595841,-9.458802329570116,-9.458953307885976
151.99999999999565,-9.259993027385775,-9.409569946905304,-9.4101037358577,-9.410280119527876
152.09999999999565,-9.239996044482844,-9.36082665722183,-9.361427196167211,-9.361625496759512
152.19999999999564,-9.220182786381192,-9.312111613756274,-9.312767662997825,-9.312984187230427
152.29999999999563,-9.20036239714431,-9.26342177701904,-9.264121592243978,-9.264352486987473
152.39999999999563,-9.180677906552363,-9.2147550493149,-9.215486450475911,-9.21572774247452
152.49999999999562,-9.161247293271558,-9.166109933162353,-9.16686046110173,-9.167108089594082
152.59999999999562,-9.142178960288144,-9.117485605612446,-9.118242451724548,-9.118492257560483
152.6999999999956,-9.123309202812202,-9.068881604928704,-9.069631655652605,-9.069879389441185
152.7999999999956,-9.104534938044774,-9.02029765051531,-9.021027530919138,-9.021268874343862
152.8999999999956,-9.085708383416552,-8.971733546444833,-8.972429685496161,-8.972660272327833
152.9999999999956,-9.066648828463837,-8.923189084033186,-8.92383780090112,-8.924053243582742
153.0999999999956,-9.04717728329557,-8.874663963347144,-8.875251575244,-8.875447496726707
153.19999999999558,-9.027199054698245,-8.82615774717081,-8.826670689903892,-8.8268427572987
153.29999999999558,-9.006874311263681,-8.777669882697552,-8.778094815304849,-8.778238765459696
153.39999999999557,-8.986913652209468,-8.729199860819923,-8.729523688398245,-8.729635323547217
153.49999999999557,-8.968945415773023,-8.680747616813976,-8.680957310810099,-8.68103242507576
153.59999999999556,-8.955647340359135,-8.632314239291667,-8.674504148562681,-8.632430484713634
153.69999999999555,-8.940634162580707,-8.583904974442424,-8.669896859829292,-8.58383083196682
153.79999999999555,-8.923417877731644,-8.535518641301461,-8.685403450282763,-8.535233065272411
153.89999999999554,-8.903849946476626,-8.487153424557643,-8.72172259479712,-8.486636617070493
153.99999999999554,-8.88270150297543,-8.438807098435097,-8.770866430118229,-8.438040837789591
154.09999999999553,-8.86236569935637,-8.390477723870026,-8.826478411980897,-8.389445230717008
154.19999999999553,-8.846833511281258,-8.342164965508655,-8.848021346744602,-8.34084987693083
154.29999999999552,-8.840115054536016,-8.293871485410786,-8.849940940228896,-8.292255871147486
154.39999999999552,-8.829370742333392,-8.245608230261217,-8.831277889282036,-8.243665881434476
154.4999999999955,-8.781664159713477,-8.197367247113872,-8.797123283662195,-8.19507847220781
154.5999999999955,-8.766466425860079,-8.14912536948265,-8.75387696647895,-8.146484844632115
154.6999999999955,-8.714434356877225,-8.100901732414805,-8.70621102496614,-8.0978924259596
154.7999999999955,-8.69714896368928,-8.052673120581723,-8.686249041792957,-8.049292456043167
154.8999999999955,-8.689906436656932,-8.004460616209062,-8.68002092359514,-8.000692979843988
154.99999999999548,-8.62840855070421,-7.956277487483314,-8.663048640187272,-7.952097172992332
155.09999999999548,-8.606782994724494,-7.908076035527175,-8.629908045007776,-7.903490816687412
155.19999999999547,-8.537028559070993,-7.8598899791059775,-8.587133405423067,-7.854884070076665
155.29999999999546,-8.512041383717463,-7.811681323273991,-8.539613192447382,-7.806264712497381
155.39999999999546,-8.492665756049343,-7.763483066204453,-8.509850884398947,-7.757643706405887
155.49999999999545,-8.422688131104053,-7.715302345634852,-8.473925990101446,-7.709022853920425
155.59999999999545,-8.39631422136378,-7.667098068406104,-8.429659059258872,-7.660389220135457
155.69999999999544,-8.331765590502885,-7.618903025246724,-8.381482233263549,-7.611753561478948
155.79999999999544,-8.306195229731754,-7.570690838088533,-8.331808412992507,-7.563106596917348
155.89999999999543,-8.248206800737991,-7.522486946849794,-8.281800354281387,-7.514457611198243
155.99999999999542,-8.223812348372011,-7.47427217613737,-8.231917430862648,-7.4657990742170055
156.09999999999542,-8.169403725502251,-7.4260658884952635,-8.188506654157683,-7.417138769808489
156.1999999999954,-8.104468215986456,-7.377852159170968,-8.145565778763249,-7.368469913442721
156.2999999999954,-8.036058402611882,-7.329616245225237,-8.097942942418925,-7.319789107232776
156.3999999999954,-8.005917192082219,-7.281358417231088,-8.048442293165683,-7.271095644902492
156.4999999999954,-7.946019655304022,-7.23310504663751,-7.998443195101375,-7.2223988345533
156.5999999999954,-7.917434501629136,-7.184838614130035,-7.948512835732233,-7.173691800587454
156.69999999999538,-7.862581002146235,-7.136576879342447,-7.898858888826565,-7.124981811389013
156.79999999999538,-7.797493755150926,-7.088307036544365,-7.849501082245194,-7.076263056238976
156.89999999999537,-7.729035766998685,-7.040014644292511,-7.800400892865814,-7.027532259820306
156.99999999999537,-7.659514971659718,-6.991700034573243,-7.751504487279898,-6.97878876512337
157.09999999999536,-7.589663689842614,-6.943360186664952,-7.70276039880419,-6.930032018680171
157.19999999999536,-7.519709981787196,-6.894995630810303,-7.654125394687539,-6.8812619591086115
157.29999999999535,-7.449724618086636,-6.8466055355769475,-7.605565526086556,-6.832478454548046
157.39999999999534,-7.379729449139471,-6.798190014361956,-7.5570550596918515,-6.783681490140589
157.49999999999534,-7.309731259251522,-6.749748753946981,-7.508574964002309,-6.734871025118067
157.59999999999533,-7.23973213132683,-6.701281712544186,-7.460111350687267,-6.6860470533038825
157.69999999999533,-7.1697327177703265,-6.6527887253706135,-7.411654197055858,-6.637209562843145
157.79999999999532,-7.099733215648816,-6.60426970896564,-7.363196310426116,-6.588358553635251
157.89999999999532,-7.029733688516848,-6.575985041358716,-7.314732557741861,-6.539494025364993
157.9999999999953,-6.9597341545775375,-6.554725998211429,-7.266259284491442,-6.4906159821867755
158.0999999999953,-6.889734620286486,-6.549387410259511,-7.21777389645329,-6.441724429022901
158.1999999999953,-6.8197350871950215,-6.535346207690655,-7.169274553825076,-6.3928193727061196
158.2999999999953,-6.749735556049363,-6.50487514414125,-7.120759953898432,-6.343900820780219
158.3999999999953,-6.679736026949269,-6.483774575752875,-7.072229174546813,-6.294968781721655
158.49999999999528,-6.609736500017068,-6.458707819862435,-7.023681563597574,-6.2460232645265075
158.59999999999528,-6.539736975257882,-6.440317532714539,-6.975116659814251,-6.197064278720624
158.69999999999527,-6.469737452710238,-6.417465905800324,-6.9265341371523865,-6.148091834206675
158.79999999999526,-6.399737932384255,-6.400016731527721,-6.877933765129241,-6.099105941240767
158.89999999999526,-6.329738414303142,-6.377884815339974,-6.829315380882414,-6.05010661037159
158.99999999999525,-6.259738898482136,-6.341717128464412,-6.7806788693606705,-6.001093852421112
159.09999999999525,-6.189739384940952,-6.316107648610421,-6.73202414935849,-5.9520676784590565
159.19999999999524,-6.119739873697027,-6.30569655139461,-6.683351163632417,-5.903028099791636
159.29999999999524,-6.049740364769364,-6.288323655065005,-6.634659871932652,-5.85397512795072
159.39999999999523,-5.97974085817641,-6.254993136509193,-6.5859502460771155,-5.8049087746883306
159.49999999999523,-5.909741353937255,-6.230073727123678,-6.537222266478344,-5.755829051972346
159.59999999999522,-5.839741852070963,-6.202264487671635,-6.488475919690531,-5.7067359719843935
159.6999999999952,-5.769742352596956,-6.179911767889184,-6.439711196680232,-5.657629547118623
159.7999999999952,-5.699742855534803,-6.1543691915709715,-6.3909280916059945,-5.608509789981454
159.8999999999952,-5.629743360904343,-6.115726974378364,-6.342126600958346,-5.559376713391849
159.9999999999952,-5.559743868725623,-6.086893970455648,-6.293306722953466,-5.510230330382044
160.0999999999952,-5.489744379018937,-6.072489826527509,-6.244468457106268,-5.461070654198578
160.19999999999519,-5.419744891804808,-6.052640826664042,-6.195611803929857,-5.411897698303543
160.29999999999518,-5.349745407104008,-6.017304783913716,-6.146736764724296,-5.362711476375998
160.39999999999517,-5.279745924937547,-5.98921699632284,-6.097843341428299,-5.313512002313511
160.49999999999517,-5.20974644532669,-5.975194827763,-6.04893153651537,-5.264299290233777
160.59999999999516,-5.139746968292951,-5.955620071476629,-6.00000135292127,-5.2150733544763135
160.69999999999516,-5.069747493858102,-5.920280405968604,-5.951052793993592,-5.165834209604209
160.79999999999515,-4.999748022044177,-5.891278222966523,-5.902085863456936,-5.116581870405908
160.89999999999515,-4.92974855287347,-5.8609562115987215,-5.853100565389071,-5.067316351897037
160.99999999999514,-4.859749086368548,-5.83403848162483,-5.804096904204873,-5.018037669322253
161.09999999999513,-4.789749622552249,-5.805717633617413,-5.75507488464572,-4.96874583815713
161.19999999999513,-4.71975016144769,-5.779368765449169,-5.706034511772753,-4.919440874110051
161.29999999999512,-4.649750703078268,-5.751653524028068,-5.656975790962864,-4.870122793124137
161.39999999999512,-4.579751247467665,-5.711181230441104,-5.607898727906601,-4.820791611379189
161.4999999999951,-4.509751794639857,-5.677768787921534,-5.5588033286074285,-4.771447345293649
161.5999999999951,-4.439752344619111,-5.6574248787571335,-5.509689599381944,-4.722090011526584
161.6999999999951,-4.369752897429998,-5.634152801632938,-5.460557546860777,-4.672719626979682
161.7999999999951,-4.299753453097391,-5.6090490664487564,-5.4114071779899575,-4.623336208799276
161.8999999999951,-4.229754011646472,-5.582654211040682,-5.362238500032628,-4.573939774378375
161.99999999999508,-4.159754573102741,-5.54272233055666,-5.313051520570991,-4.524530341358726
162.09999999999508,-4.089755137492014,-5.50793958585415,-5.263846247508429,-4.475107927632881
162.19999999999507,-4.019755704840433,-5.485710289550359,-5.214622689071741,-4.425672551346298
162.29999999999507,-3.9497562751744715,-5.460374992786756,-5.165466161831875,-4.376224230899447
162.39999999999506,-3.8797568485209375,-5.420523377075318,-5.116409716656948,-4.326762984949943
162.49999999999505,-3.8097574249069797,-5.3846955403947145,-5.067120750578613,-4.2772888324147
162.59999999999505,-3.739758004360094,-5.360395386428315,-5.017561474579544,-4.227801792472095
162.69999999999504,-3.6697585869081295,-5.333905242427919,-4.968091647605746,-4.178301884564164
162.79999999999504,-3.5997591725792923,-5.293181143497042,-4.918739739754413,-4.128789128398811
162.89999999999503,-3.529759761402153,-5.255622371772394,-4.869193037878823,-4.079263543952037
162.99999999999503,-3.459760353405654,-5.229116097780382,-4.819408435555518,-4.0297251514701955
163.09999999999502,-3.389760948619112,-5.201422166790621,-4.769708896943856,-3.9801739714722624
163.19999999999501,-3.3197615470722286,-5.159824541760601,-4.720124820397823,-3.930610024752132
163.299999999995,-3.249762148795094,-5.120472785998185,-4.670366902315499,-3.8810333323809316
163.399999999995,-3.179762753818195,-5.091673850053739,-4.6203935004781345,-3.8314439157093605
163.499999999995,-3.1097633621724206,-5.062761434719747,-4.570495772013038,-3.7818417963700495
163.599999999995,-3.0397639738890696,-5.020310950299022,-4.520706234455316,-3.732226996279944
163.699999999995,-2.9697645889998583,-4.979109279944699,-4.470760420570691,-3.68259953764271
163.79999999999498,-2.8997652075369262,-4.947936660211514,-4.420620323140117,-3.632959442951162
163.89999999999498,-2.8297658295328443,-4.917797949556055,-4.370545617484182,-3.5833067349897165
163.99999999999497,-2.7597664550206225,-4.880786138701246,-4.320328671201117,-3.533641436836868
164.09999999999496,-2.6897670840337176,-4.846877630423514,-4.270181034091352,-3.48396357186769
164.19999999999496,-2.6197677166060402,-4.8073004081657995,-4.2199061919630925,-3.43427316375636
164.29999999999495,-2.5497683527719635,-4.771715181989348,-4.169695335436743,-3.384570236478712
164.39999999999495,-2.479768992566331,-4.730536730499174,-4.1193636770437685,-3.3348548143148093
164.49999999999494,-2.4097696360244654,-4.694002170451166,-4.069089230105832,-3.285126921851549
164.59999999999494,-2.3397702831821765,-4.651525729238299,-4.01869990886828,-3.2353865839852882
164.69999999999493,-2.2697709340757704,-4.614301452109024,-3.9683615085638704,-3.1856338259244996
164.79999999999492,-2.199771588742058,-4.570618743531605,-3.9179152658583347,-3.135868673192452
164.89999999999492,-2.1297722472183644,-4.532799452043166,-3.8675142891297845,-3.08609115162992
164.9999999999949,-2.0597729095425388,-4.487929857407203,-3.8170134660103545,-3.0363012873979205
165.0999999999949,-1.9897735757529624,-4.449551244604151,-3.766552680466199,-2.986499106980478
165.1999999999949,-1.9197742458885598,-4.40348845653468,-3.716000616618767,-2.9366846371874176
165.2999999999949,-1.849774919988808,-4.365495134802301,-3.665362165365394,-2.8868579051571888
165.3999999999949,-1.7797755980937469,-4.332404146712258,-3.6147512971238904,-2.8370189383597166
165.49999999999488,-1.7097762802439895,-4.28696180236101,-3.5641945220313316,-2.7871677645992863
165.59999999999488,-1.639776966480733,-4.236517299330712,-3.513572876180788,-2.737304412017454
165.69999999999487,-1.5697776568457689,-4.193411699950251,-3.462877807914872,-2.6874289090959924
165.79999999999487,-1.4997783513814953,-4.1576065394754265,-3.4121996341004444,-2.637541284659866
165.89999999999486,-1.4297790501309273,-4.110828704128766,-3.361562554911077,-2.5876415678802394
165.99999999999486,-1.359779753137709,-4.057978312710165,-3.3108697224900596,-2.537729788277516
166.09999999999485,-1.289780460446125,-4.011723328799089,-3.2601197814215617,-2.4878059757244126
166.19999999999484,-1.2197811721011136,-3.974493718578284,-3.2093771411077032,-2.437870160449067
166.29999999999484,-1.1497818881482786,-3.923289145718439,-3.15860256188624,-2.387922373038177
166.39999999999483,-1.0797826086339022,-3.88283551358089,-3.1078334560398306,-2.337962644440177
166.49999999999483,-1.009783333604958,-3.829333420541578,-3.0570396614302195,-2.28799100596845
166.59999999999482,-0.9397840631091244,-3.7874757541876374,-3.006247727503283,-2.2380074893045743
166.69999999999482,-0.8697847971947987,-3.732346023571992,-2.9554362342174585,-2.188012126501605
166.7999999999948,-0.7997855359111107,-3.689676005962027,-2.9046227073215825,-2.1380049499873963
166.8999999999948,-0.7297862793079373,-3.6331018219912115,-2.853795366758746,-2.0879859925679596
166.9999999999948,-0.6597870274359172,-3.5822781685763907,-2.802977260178429,-2.037955287430859
167.0999999999948,-0.5897877803464661,-3.543633691628414,-2.752139883734472,-1.9879128681486462
167.1999999999948,-0.5197885380917919,-3.49523497104572,-2.701289937727079,-1.937858768682337
167.29999999999478,-0.4497893007249109,-3.4349117889422147,-2.650434613682775,-1.8877930233849245
167.39999999999478,-0.3797900682996637,-3.379051101664921,-2.5995984481752066,-1.8377156670049364
167.49999999999477,-0.3097908408707321,-3.337954391389279,-2.5487404531188367,-1.7876267346900323
167.59999999999476,-0.239791618493656,-3.288577995641386,-2.497861241696035,-1.7375262619906433
167.69999999999476,-0.16979240122485081,-3.2256809504199846,-2.4469848863179195,-1.6874142848636553
167.79999999999475,-0.09979318912162559,-3.1663580371535645,-2.396142777248361,-1.637290839676136
167.89999999999475,-0.029793982242201228,-3.123905572427037,-2.34527532437549,-1.5871559632091057
167.99999999999474,0.04020521935427068,-3.0605982724388836,-2.294438566235617,-1.537009692661354
168.09999999999474,0.11020441560768852,-3.0155548015882023,-2.2435682916004507,-1.4868520656533026
168.19999999999473,0.18020360645698086,-2.950238745046448,-2.1927292580812106,-1.4366831202309154
168.29999999999472,0.2502027918400861,-2.9040801429648475,-2.1418553815490253,-1.386502894869654
168.39999999999472,0.32020197169393166,-2.837163312778374,-2.091016314076149,-1.3363114284784854
168.4999999999947,0.39020114595441274,-2.7903406389699383,-2.0401420866835314,-1.2861087604039358
168.5999999999947,0.46020031455637017,-2.7219185296020525,-1.9893070737226977,-1.2358949304341964
168.6999999999947,0.530199477433568,-2.6745823484177245,-1.938436334786661,-1.1856699788032796
168.7999999999947,0.6001986345186705,-2.6233641640292666,-1.8875165203327025,-1.1354339461952276
168.8999999999947,0.6701977857432183,-2.55294569952218,-1.8366233463174326,-1.0851868737483739
168.99999999999469,0.7401969310376042,-2.483071594111033,-1.7858074231046797,-1.0349288030596577
169.09999999999468,0.810196070331048,-2.4368049953194815,-1.7349645641698128,-0.9846597761889948
169.19999999999467,0.8801952035515711,-2.364145806009257,-1.6841793841159092,-0.934379835663703
169.29999999999467,0.9501943306259699,-2.316084760994532,-1.6333532188947555,-0.8840890244829847
169.39999999999466,1.020193451479789,-2.2647297324575586,-1.5824608593675757,-0.8337873861224673
169.49999999999466,1.090192566037293,-2.190337821669554,-1.531604099764741,-0.7834749645388025
169.59999999999465,1.1601916742214387,-2.115435631218211,-1.4808428657860495,-0.7331518041743253
169.69999999999465,1.2301907759538446,-2.067669967584108,-1.430055392343619,-0.6828179499617746
169.79999999999464,1.300189871154762,-2.016315824734294,-1.3791993905098074,-0.6324734473290745
169.89999999999463,1.370188959743043,-1.9390682658798195,-1.3283848443215245,-0.5821183422041807
169.99999999999463,1.4401880416361095,-1.8884244302232447,-1.277540577271766,-0.5317526810199895
170.09999999999462,1.5101871167499197,-1.8090446107557667,-1.226756668860606,-0.48137651071931387
170.19999999999462,1.580186184998935,-1.758611910143653,-1.1759483062600011,-0.4309898787599249
170.2999999999946,1.6501852462960847,-1.7074073013631426,-1.1250767462616138,-0.38059283311966224
170.3999999999946,1.7201843005527315,-1.6274930501820526,-1.0742482858845674,-0.33018542230161324
170.4999999999946,1.790183347678634,-1.5762759018871308,-1.0234012209763126,-0.27976769533936263
170.5999999999946,1.8601823875819088,-1.4934953114142713,-0.9726174393129514,-0.22933970180231417
170.6999999999946,1.9301814201689924,-1.4424781521416994,-0.9218201744710803,-0.1789014918010853
170.79999999999458,2.000180445344601,-1.391605390822944,-0.8709636511930835,-0.12845311599297632
170.89999999999458,2.07017946301169,-1.3085694054576136,-0.8201482408435927,-0.07799462558751541
170.99999999999457,2.14017847307141,-1.2571642401419973,-0.7693199319749584,-0.027526072352080995
171.09999999999457,2.210177475423066,-1.2068965849441846,-0.7184374848321312,0.022952491382397196
171.19999999999456,2.2801764699640694,-1.1223997664374423,-0.6675924178147755,0.07344101271565684
171.29999999999455,2.3501754565898945,-1.0709690541083554,-0.6167397455327459,0.12393943817223996
171.39999999999455,2.4201744351940295,-1.0210427480705537,-0.5658379115589327,0.1744477136955466
171.49999999999454,2.490173405667928,-0.973477538543907,-0.5148761709862939,0.22496578464180378
171.59999999999454,2.5601723679009583,-0.8884759585132808,-0.46399559892807724,0.27533755922802666
171.69999999999453,2.6301713217803515,-0.8372443378278632,-0.41316625853545813,0.3255838655976552
171.79999999999453,2.7001702671911483,-0.7879516525647765,-0.36234346516733557,0.37573783762102564
171.89999999999452,2.7701692040161423,-0.7409020227782894,-0.3115003461613475,0.4258297694616469
171.99999999999451,2.8401681321358248,-0.6534725974881912,-0.26066572946749195,0.4758853449819703
172.0999999999945,2.9101670514283247,-0.6024117222186697,-0.2098341845846479,0.5259234939196623
172.1999999999945,2.9801659617693486,-0.5533577652568454,-0.1589784448800776,0.5759565188255285
172.2999999999945,3.0501648630321174,-0.5064106844495682,-0.108085190160743,0.5782468901233596
172.3999999999945,3.120163755087303,-0.4610813791156664,-0.05713015237361507,0.5654863673304624
172.4999999999945,3.1901626378029606,-0.4168393271498205,-0.00607633171587138,0.5276746818190772
172.59999999999448,3.26016151104446,-0.3732682516839271,0.04506077034403067,0.47016999462265097
172.69999999999447,3.3301603746744153,-0.3300731633245267,0.09625194075572654,0.4482744859857395
172.79999999999447,3.400159228552611,-0.2870536372769197,0.14746710589489337,0.4503650725784426
172.89999999999446,3.4701580725359262,-0.24407275965379108,0.19870691857732892,0.4253171729572088
172.99999999999446,3.5401569064782574,-0.2010463406200585,0.24996924530979614,0.42471959195491094
173.09999999999445,3.610155730230436,-0.15792610538565882,0.30124357807632207,0.3981925683811639
173.19999999999445,3.6801545436401457,-0.11467961209436758,0.35252718230810687,0.3496519915479832
173.29999999999444,3.750153346551837,-0.07129299814376405,0.4038128832932911,0.33354892019418086
173.39999999999444,3.8201521388066366,-0.02776078067170914,0.4551036667308431,0.34169554520463497
173.49999999999443,3.8901509202422555,0.01592553295611296,0.5063973300711846,0.3686591261982318
173.59999999999442,3.960149690692894,0.059767708743491285,0.5576957361766625,0.3605821889258596
173.69999999999442,4.0301484499891425,0.10376661714135486,0.6089919977211683,0.32891707761843036
173.7999999999944,4.100147197957879,0.14791698054047475,0.6602728669090985,0.27785214400687797
173.8999999999944,4.170145934422165,0.1922087764829363,0.7115338882044341,0.2606678059352865
173.9999999999944,4.2401446592011345,0.23663420831809961,0.7628015148194792,0.26810403501839236
174.0999999999944,4.31014337210988,0.2811953577068129,0.8140702563792459,0.24938715515813775
174.1999999999944,4.380142072959337,0.32589059348675753,0.8653208221134212,0.2541089224729812
174.29999999999438,4.450140761556163,0.3707124131746793,0.916573204177965,0.23409588646349827
174.39999999999438,4.520139437702609,0.4156599147592292,0.9678027982538874,0.1926991323722452
174.49999999999437,4.5901381011963895,0.4607257393184588,1.018999661650907,0.18179588555047085
174.59999999999437,4.660136751830549,0.5059024548971294,1.0702098295082114,0.1952731033190675
174.69999999999436,4.730135389393322,0.5511931574353216,1.1214298990183607,0.18204427519658256
174.79999999999436,4.800134013667983,0.5965983421737258,1.1726292129052152,0.19119684352375152
174.89999999999435,4.870132624432702,0.6421117424333248,1.2238365730750564,0.17581802501596214
174.99999999999434,4.9401312214603825,0.6877335454720215,1.2750170063235293,0.13929154421386608
175.09999999999434,5.010129804518503,0.7334570907653225,1.3261566951853774,0.13176520753504953
175.19999999999433,5.0801283733689475,0.7792753329023668,1.3773187391608297,0.14837508469212166
175.29999999999433,5.150126927767826,0.8251924231003371,1.4285015031148718,0.13889227147765018
175.39999999999432,5.2201254674653,0.8712102747374341,1.4796631296093676,0.10806741360335122
175.49999999999432,5.290123992205386,0.9173232151989718,1.5307823948218768,0.10434505183896492
175.5999999999943,5.360122501725765,0.9635240342575973,1.5819293177655787,0.12420075007332153
175.6999999999943,5.430120995757577,1.0098169008514641,1.6331050721001752,0.11799425385383196
175.7999999999943,5.500119474025206,1.0562043067094544,1.6842615917168056,0.09081533341725703
175.8999999999943,5.570117936246062,1.1026807510566337,1.7353746615476486,0.08956426216836774
175.9999999999943,5.640116382130349,1.149239028201292,1.7865211279756616,0.07039826911206473
176.09999999999428,5.710114811380828,1.195883595406305,1.8376356727863368,0.07456695648336817
176.19999999999428,5.780113223692569,1.2426087527193048,1.8887886105394824,0.0601403437078545
176.29999999999427,5.850111618752689,1.2884667900414835,1.9399110021123567,0.066988010762691
176.39999999999426,5.920109996240083,1.3340152872698978,1.9910694281296843,0.0547417196195636
176.49999999999426,5.990108355825145,1.379125000480845,2.042196233924127,0.0630376611855824
176.59999999999425,6.060106697169471,1.4242423954801868,2.0933611531031033,0.05260868595331
176.69999999999425,6.130105019925558,1.4691263761886366,2.144495397083752,0.06207933218606075
176.79999999999424,6.200103323736481,1.5141615785596045,2.195670917566963,0.05333162321226864
176.89999999999424,6.2701016082355645,1.5590537236266462,2.2468171380198534,0.06386069992257165
176.99999999999423,6.340099873046033,1.6041586390772682,2.2980077188854033,0.05676818606328243
177.09999999999422,6.410098117780649,1.649158693295696,2.3491703411453124,0.06831622051742606
177.19999999999422,6.480096342041335,1.6943969838742048,2.4003800012988274,0.06290764419451794
177.2999999999942,6.550094545418781,1.739546077329142,2.451562899849356,0.07547294198744527
177.3999999999942,6.620092727492025,1.784943438703803,2.5027950443144396,0.07180559651288747
177.4999999999942,6.690090887828029,1.8302577926494459,2.554001468732288,0.05074608176454
177.5999999999942,6.760089025981222,1.8753971020622273,2.605170417894864,0.05270471732343296
177.6999999999942,6.83008714149303,1.920815243355112,2.656405975663101,0.0767212766269607
177.79999999999418,6.900085233891382,1.9665761185687274,2.7077034947733813,0.12590500351631684
177.89999999999418,6.970083302690189,2.0126710251576805,2.759044055850744,0.18267247496353284
177.99999999999417,7.040081347388808,2.0590712673996783,2.810425288757025,0.24366459547203156
178.09999999999417,7.110079367471468,2.105720605358342,2.8618384722974115,0.3074056631518339
178.19999999999416,7.180077362406677,2.1525591268090842,2.913273580225317,0.373253675826239
178.29999999999416,7.250075331646597,2.1995340320437213,2.9647216253186266,0.44094105509466164
178.39999999999415,7.320073274626391,2.246602894939066,3.016175312191474,0.4628591446799526
178.49999999999415,7.390071190763531,2.2934651103234254,3.067596234196216,0.5173106022322072
178.59999999999414,7.460069079457081,2.340277766392812,3.1189913814877617,0.5826267721454366
178.69999999999413,7.5300669400869324,2.3871454102697363,3.1703833541149025,0.6046069370651451
178.79999999999413,7.600064772013014,2.43385127464762,3.221751431336445,0.6621467082755359
178.89999999999412,7.670062574574448,2.4805534375235876,3.273103792144051,0.6823943856220029
178.99999999999412,7.74006034708867,2.527126408676774,3.3244403752059335,0.6911824447742252
179.0999999999941,7.810058088850504,2.5735208298366286,3.3757497047638183,0.6935285061517359
179.1999999999941,7.880055799131177,2.6197678211525695,3.427039849497704,0.7429969139223098
179.2999999999941,7.950053477177299,2.6661070400899374,3.478336063479942,0.7626317336012263
179.3999999999941,8.020051122209773,2.7124704022315917,3.5296553507590414,0.77454527044321
179.4999999999941,8.090048733422652,2.7588020764979118,3.580984077494142,0.7827915655454968
179.59999999999408,8.16004630998193,2.805106838705323,3.632322774756085,0.7996206536729651
179.69999999999408,8.230043851024268,2.8517983288000384,3.683779580211804,0.8343752262302674
179.79999999999407,8.300041355655653,2.8988967365304426,3.735330614970873,0.8718276575800266
179.89999999999407,8.370038822949963,2.9460337511785726,3.786882598990904,0.9058135508518635
179.99999999999406,8.440036251947477,2.993454639039567,3.838498872244609,0.9507692152276342
180.09999999999405,8.510033641653273,3.0411991938309795,3.8901750170887923,0.9969849591019269
180.19999999999405,8.580030991035544,3.08892206472644,3.9418417624540347,1.0365194649225138
180.29999999999404,8.650028299023816,3.136837980584416,3.9935473009017364,1.084316274953144
180.39999999999404,8.720025564507054,3.18500462761399,4.045293989001328,1.135974495749453
180.49999999999403,8.790022786331654,3.233109603090025,4.09702708260243,1.1779897125889391
180.59999999999403,8.860019963299314,3.2813604307139763,4.148788432407421,1.2270024030441953
180.69999999999402,8.930017094164768,3.329822904553229,4.200582313361365,1.283597920161598
180.79999999999401,9.000014177633387,3.3782110542415644,4.252362557044347,1.3272881937384169
180.899999999994,9.070011212358617,3.426723037766558,4.304166557923173,1.3771011660958246
180.999999999994,9.14000819693926,3.475425897212643,4.3559986143437435,1.4292745518015537
181.099999999994,9.210005129916572,3.5243357765534973,4.407856537559412,1.4929270156197916
181.199999999994,9.280002009771179,3.5731729640361354,4.459704675600564,1.5400324902409264
181.299999999994,9.349998834919777,3.6220970498492933,4.511568529520559,1.591300592147902
181.39999999999398,9.41999560371162,3.6711735524867017,4.563452394854933,1.6439149891095068
181.49999999999397,9.489992314424756,3.720421025536317,4.615355165062571,1.6966196824317699
181.59999999999397,9.559988965262013,3.7698340913885526,4.667273704837837,1.767912175250748
181.69999999999396,9.629985554346703,3.8191699625365847,4.71918697512218,1.817633591036896
181.79999999999396,9.699982079718012,3.8685533440933253,4.771109929223725,1.869867150375949
181.89999999999395,9.76997853932607,3.9180487699500772,4.823046272110723,1.922651059913391
181.99999999999395,9.839974931026656,3.967678342004271,4.874995772867702,1.9751892366890882
182.09999999999394,9.90997125257551,4.0174424028301505,4.926956657357662,2.0272400312331302
182.19999999999393,9.979967501622221,4.067331911896126,4.978927060972899,2.078794557949988
182.29999999999393,10.049963675703658,4.117334926315965,5.030905567702282,2.1299257148564603
182.39999999999392,10.019959772322457,4.167439647420249,5.082891268869718,2.18072324059048
182.49999999999392,10.08995594661582,4.217603050590642,5.134850219913261,2.231244612491704
182.5999999999939,10.059952043640589,4.267842254204082,5.186815693906697,2.2815826128617323
182.6999999999939,10.129948216869062,4.318119854274432,5.2387539595153045,2.331763451034949
182.7999999999939,10.099944315607342,4.368458191919698,5.290698754476558,2.381851196641411
182.8999999999939,10.169940486430944,4.418823155499196,5.342616224105182,2.431848195908314
182.9999999999939,10.139936588254972,4.469240315039885,5.394540361267969,2.481800360750266
183.09999999999388,10.209932755267408,4.519677270931286,5.4464370913144755,2.5316962097489277
183.19999999999388,10.179928861617352,4.570161576251859,5.498340609147969,2.5815718061966613
183.29999999999387,10.249925023342685,4.62066159515908,5.5502166063987275,2.6314082982244162
183.39999999999387,10.21992113573006,4.67120614558577,5.602099474563057,2.6812367346246497
183.49999999999386,10.28991729061921,4.721763815360225,5.65395467711389,2.7310344375471716
183.59999999999386,10.259913410630476,4.772364290986754,5.705816806542063,2.780830001594839
183.69999999999385,10.329909557057501,4.822976084221238,5.757651104706205,2.8305987583030916
183.79999999999384,10.299905686357889,4.87362953848959,5.809492369411794,2.880368153442838
183.89999999999384,10.369901822616072,4.924292924957412,5.861305625058925,2.9301124551568165
183.99999999999383,10.339897962953602,4.974997134646786,5.913125877447367,2.979858614623194
184.09999999999383,10.4098940872513,5.025710107587564,5.9649179356308855,3.029580300082244
184.19999999999382,10.379890240461048,5.0764632285225275,6.016717014772873,3.0793042932585513
184.29999999999382,10.44988635091731,5.127224055464748,6.06848770945721,3.1290038932708586
184.3999999999938,10.419882518925917,5.178024442571181,6.120265444762497,3.1787058730935422
184.4999999999938,10.489878613565839,5.228831535890831,6.172014601032441,3.228383277625381
184.5999999999938,10.459874798396282,5.279677650268191,6.223770813328364,3.278062950028648
184.6999999999938,10.529870875146097,5.330529500734725,6.275498247682154,3.327717738369741
184.7999999999938,10.499867078922751,5.381419862232813,6.327232748907614,3.377374594341726
184.89999999999378,10.569863135604622,5.432315005310304,6.378938268538261,3.4270061980564424
184.99999999999378,10.53985936055861,5.483248168642959,6.430650860707388,3.476639627919375
185.09999999999377,10.609855394885113,5.534185167643334,6.482334262246294,3.5262474108403317
185.19999999999376,10.579851643359984,5.585159710545264,6.534024736017411,3.575856760088629
185.29999999999376,10.64984765292826,5.6361371483536225,6.585685803979873,3.625440057130326
185.39999999999375,10.619843927386006,5.687151665822985,6.637353936997393,3.6750246532430886
185.49999999999375,10.689839909671564,5.738168140921542,6.688992442048646,3.7245827887501095
185.59999999999374,10.65983621269901,5.789221242485987,6.740637997140301,3.7741419535675895
185.69999999999374,10.729832165049144,5.840275367088766,6.792253694240025,3.823674249475366
185.79999999999373,10.699828499364722,5.891365675533449,6.843876417509274,3.8732073043823787
185.89999999999372,10.769824418991519,5.942456074720798,6.895469043962246,3.9227130832965305
185.99999999999372,10.739820787452466,5.993582225489124,6.947068662794566,3.972219350814065
186.0999999999937,10.809816671425395,6.0447075367835446,6.998637936220127,4.02169793654963
186.1999999999937,10.779813077035396,6.095868177656289,7.050214157211337,4.071176740129275
186.2999999999937,10.849808922273418,6.147027050762587,7.10175977343674,4.120627456978188
186.3999999999937,10.819805368190734,6.198220841621672,7.153312280246124,4.170078119896736
186.4999999999937,10.889801171453916,6.249593640370473,7.204833670296086,4.2195188044260075
186.59999999999368,10.859797661000027,6.301107128161173,7.25636154663471,4.268968052919328
186.69999999999368,10.929793418880633,6.3526777792954725,7.30785789226235,4.318390750214529
186.79999999999367,10.89978995554943,6.404316551704124,7.3593606038356105,4.3678107786923555
186.89999999999367,10.969785664462425,6.45596724964841,7.410831496389921,4.417196453499209
186.99999999999366,10.93978225193,6.507658197682832,7.462308686777165,4.466574214546646
187.09999999999366,11.00977790810294,6.559342836403483,7.513753782027641,4.515913906527207
187.19999999999365,10.979774550238012,6.611056448626607,7.56520509315748,4.5652432202664075
187.29999999999364,11.049770149700288,6.66275594884312,7.616624009210376,4.614532639975139
187.39999999999364,11.01976685057531,6.714479749529275,7.668049027680003,4.6638104950020915
187.49999999999363,11.089762389146662,6.766185872092753,7.719441320172301,4.713047495293739
187.59999999999363,11.059759153049672,6.817914347495152,7.77083956874042,4.76227232306986
187.69999999999362,11.12975462632795,6.869623342101348,7.8222047308095535,4.811455723797297
187.79999999999362,11.099751457775211,6.9213538884745,7.873575672074606,4.860626599685194
187.8999999999936,11.169746861123311,6.973063893424585,7.924913139178905,4.909755645621703
187.9999999999936,11.1397437648728,7.0247951370198205,7.976256180103261,4.958871921702398
188.0999999999936,11.209739093404712,7.076505091330872,8.02756533367846,5.00794603418799
188.1999999999936,11.179736074470537,7.128236180796219,8.07887982812335,5.057007171428562
188.2999999999936,11.249731323036436,7.179945363658033,8.13015999703805,5.106025834992297
188.39999999999358,11.219728386704237,7.231675669230235,8.181445246218752,5.155031326598844
188.49999999999358,11.28972354987455,7.2833835035064185,8.232695706393521,5.2039940370413795
188.59999999999357,11.25972070171798,7.335112488196337,8.283950957788562,5.252943373149199
188.69999999999357,11.329715773766333,7.386818455948173,8.335170930539137,5.301849613367242
188.79999999999356,11.299713019664685,7.4385456198944535,8.386395375764973,5.350742264311698
188.89999999999355,11.369707994549648,7.4902492256651065,8.437584025307501,5.399591492541484
188.99999999999355,11.339705340706736,7.541974081739764,8.488776797315092,5.448426900414113
189.09999999999354,11.409700212052275,7.593674836268933,8.539933227715887,5.497218543991826
189.19999999999354,11.379697665016668,7.645396899067842,8.591093397526453,5.545996117864128
189.29999999999353,11.449692426091179,7.697094311764451,8.642216649260687,5.594729569420861
189.39999999999353,11.41968999277789,7.748813092337935,8.693343222361975,5.643448682182283
189.49999999999352,11.489684636471724,7.800506667508067,8.74443226856916,5.6921232969083695
189.5999999999935,11.459682324185495,7.852221670549443,8.795524181033816,5.740783282812638
189.6999999999935,11.529676842986817,7.903910905227947,8.8465779235118,5.789398376191423
189.7999999999935,11.499674659447114,7.95562162730575,8.897634037864266,5.837998528714414
189.8999999999935,11.569669045415983,8.00730600976246,8.94865130281654,5.886553374463259
189.9999999999935,11.53966699878386,8.05901193798412,8.99967040365437,5.935092944299108
190.09999999999349,11.609661243524359,8.11069094650124,9.050649937189892,5.983586772402835
190.19999999999348,11.57965934243134,8.16239155734117,9.101630726553504,6.032064965521882
190.29999999999347,11.649653437061593,8.2140646590848,9.152571189928976,6.0804969603073555
190.39999999999347,11.619651690640765,8.265759417258753,9.203512282406502,6.128912936040872
190.49999999999346,11.689645625760662,8.317426067165297,9.254412246995122,6.177282234268133
190.59999999999346,11.659644043680158,8.369114424497093,9.305312164544196,6.225635103401956
190.69999999999345,11.729637809336568,8.420774064137406,9.356170106510824,6.27394079235824
190.79999999999345,11.699636401835663,8.472455458391789,9.407027272975524,6.322229615224237
190.89999999999344,11.769629987484931,8.52410751479401,9.45784156763488,6.370470730811348
190.99999999999343,11.739628765412974,8.575781368461202,9.508654302932964,6.41869451536804
191.09999999999343,11.809622159880444,8.627425252880872,9.559423218764579,6.46687004017485
191.19999999999342,11.779621134738903,8.679090971903294,9.610189732717291,6.515027740069143
191.29999999999342,11.849614326175189,8.730726078532369,9.660911425008011,6.563136601421156
191.3999999999934,11.81961351016308,8.78238305096581,9.711629810781814,6.611227114023005
191.4999999999934,11.889606485996795,8.834008755573283,9.762302314863732,6.659268182000635
191.5999999999934,11.859605892059822,8.885656350175333,9.812970541990273,6.707290346402077
191.6999999999934,11.929598638946425,8.937272008672227,9.863591766038793,6.755262431818836
191.7999999999934,11.899598280830174,8.98890957341065,9.914207672976168,6.803215026788328
191.89999999999338,11.969590784596571,9.040514520331932,9.964775390329493,6.851116879119607
191.99999999999338,11.939590676904155,9.09214138080524,10.015336676524242,6.898998621002109
192.09999999999337,12.009582922488628,9.143686103747871,9.968383793004518,6.9461000912394155
192.19999999999337,11.9795830807432,9.195259319593081,9.928917045524155,6.99239241202806
192.29999999999336,12.04957505213024,9.246867818404283,9.907254053650139,7.037890865119285
192.39999999999336,12.019575492842879,9.29859608906798,9.909980314204894,7.082909000612747
192.49999999999335,12.08956717299238,9.350357031054134,9.933306115514322,7.127792570726826
192.59999999999334,12.059567913735842,9.402164249936945,9.969612411744274,7.172846037806199
192.69999999999334,12.129559284506122,9.453933202612882,10.01293818590075,7.218170032169936
192.79999999999333,12.099560343995105,9.505701743339772,9.98529681974071,7.262796647826373
192.89999999999333,12.169551386059114,9.557441382429941,9.981632997766669,7.306918300381395
192.99999999999332,12.13955278423764,9.609215039773122,10.00086396902525,7.350947321537497
193.09999999999332,12.209543476991653,9.660949567377134,10.006648811049917,7.394651266247928
193.1999999999933,12.179545235128359,9.712701733297536,10.024457612328641,7.438280490034692
193.2999999999933,12.249535556592374,9.764406943587739,10.031885332453257,7.481635278197619
193.3999999999933,12.219537697384501,9.816123831086344,10.048660202503708,7.52491710380846
193.4999999999933,12.289527624093465,9.867790399217766,10.05734561767523,7.567955294968527
193.5999999999933,12.259530171780506,9.919372099990666,10.07154010116535,7.610884147452048
193.69999999999328,12.329519678665381,9.97068896610173,10.081086392808983,7.653593969930024
193.79999999999328,12.299522659153398,10.021799985945096,10.09484673376556,7.69619335466525
193.89999999999327,12.36951171941096,9.976825116621931,10.105064442699845,7.738587474507351
193.99999999999326,12.339515160408764,9.941702185457261,10.118545586950473,7.780866485124294
194.09999999999326,12.409503745358906,9.925089706026778,10.129299083483689,7.822947673348887
194.19999999999325,12.379507676527416,9.93015795165122,10.142614175796439,7.864907738320152
194.29999999999325,12.449495755456526,9.952934455009942,10.153805851063282,7.9066736130147355
194.39999999999324,12.41950020857278,9.987473173644664,10.167037909201042,7.94831201699079
194.49999999999324,12.489487748561647,10.028995042898556,10.178597130356357,7.989757472846985
194.59999999999323,12.459492757699158,10.003976647607507,10.191807440504281,8.031069195692966
194.69999999999322,12.529479723433576,10.040856876511898,10.203682814486017,8.072187645436683
194.79999999999322,12.499485325160938,10.022719039488612,10.216916945254061,8.113166327178849
194.8999999999932,12.569471678723021,10.055259378681926,10.22907087495165,8.15395033499812
194.9999999999932,12.539477912322901,10.042833200560608,10.242362983754127,8.194588786688675
195.0999999999932,12.609463612960779,10.071626463929832,10.254767815547105,8.235030391612872
195.1999999999932,12.579470520671773,10.063725648885903,10.268143737292425,8.275320870138206
195.2999999999932,12.64945552454506,10.089435606730898,10.280779017588014,8.31541175233838
195.39999999999318,12.61946315182918,10.085038081345449,10.294258486385441,8.355346112701598
195.49999999999318,12.689447411727244,10.108280272494598,10.30710899460331,8.395077681416456
195.59999999999317,12.659455807566228,10.106568309155401,10.320707247734232,8.434647466024298
195.69999999999317,12.729439272595839,10.12786528139142,10.33376157551646,8.474010909809412
195.79999999999316,12.699448489819925,10.128205994254524,10.34749051637294,8.51320740635187
195.89999999999316,12.769431105058388,10.147982125558018,10.360740032785234,8.552193726904994
195.99999999999315,12.7394412007117,10.149891388046397,10.374609078100034,8.591008011923359
196.09999999999314,12.809422906821016,10.168484205401313,10.388047168618629,8.629608052798957
196.19999999999314,12.779433942568375,10.171591407645959,10.402063869090007,8.66803103049889
196.29999999999313,12.849414675365278,10.18926756169585,10.415685369259123,8.706235506953714
196.39999999999313,12.819426717945909,10.19328644912009,10.429855867194355,8.744257948883968
196.49999999999312,12.889406407921859,10.210257258958505,10.443656634721634,8.782057482514984
196.59999999999312,12.85941952965638,10.21496331082391,10.45798600442776,8.81967007166466
196.6999999999931,12.929398101440682,10.23139815483465,10.471962589346422,8.857055232185907
196.7999999999931,12.899412380798696,10.236611444972953,10.486455093462238,8.894248613949436
196.8999999999931,12.96938975255682,10.252648749913007,10.500604476977685,8.931209969770038
196.9999999999931,12.939405274793625,10.258220967049672,10.515263763221048,8.967974811612759
197.0999999999931,13.009381357551527,10.273977113642378,10.529583143423432,9.0045029904902
197.19999999999308,12.979398215423869,10.279781556610892,10.544412400259104,9.040830051762335
197.29999999999308,13.049372912307621,10.295358188536893,10.558899007988328,9.076915812532773
197.39999999999307,13.019391206879998,10.301281768214642,10.57390109378911,9.11279602558406
197.49999999999307,13.089364412258222,10.316772007434482,10.588552025214153,9.14843034171335
197.59999999999306,13.059384253813265,10.322708471573865,10.603729583133102,9.18385490517299
197.69999999999305,13.129355852327723,10.338202516972258,10.61854163743455,9.219029060566996
197.79999999999305,13.09937736139645,10.344046234415984,10.633897207169579,9.253989545324881
197.89999999999304,13.169347226863637,10.359636801283969,10.648866718275764,9.288695242445973
197.99999999999304,13.139370535394209,10.36527649104588,10.664402856101711,9.323183710472836
198.09999999999303,13.209338529557655,10.381064557648982,10.679525506726305,9.357413190304118
198.19999999999303,13.179363782244605,10.386376321641741,10.695244926675079,9.391422325966303
198.29999999999302,13.249329753353967,10.402477697376915,10.710515530742464,9.425168498728109
198.399999999993,13.219357109153897,10.407316602693848,10.726421282907902,9.458691751688614
198.499999999993,13.289320890342431,10.423869927395359,10.741833518385757,9.49194833643228
198.599999999993,13.259350524207093,10.428059163938267,10.757929225560419,9.524980074601778
198.699999999993,13.3293119316337,10.445236092581483,10.773475292938482,9.557741744879673
198.799999999993,13.299344036497326,10.44855237107264,10.789765475088538,9.590277415229744
198.89999999999299,13.369302867212753,10.466570881457264,10.805435645876507,9.622539946967326
198.99999999999298,13.33933765627775,10.468724195059245,10.821926174869366,9.654576241410885
199.09999999999297,13.409281108767113,10.492736906236855,10.837708177243947,9.686336657883077
199.19999999999297,13.379325715280798,10.488878799491458,10.854406902436361,9.717871654191283
199.29999999999296,13.449253534113687,10.517662079672638,10.870285080227681,9.749128340871104
199.39999999999296,13.419313192749053,10.507200065135883,10.887202782965739,9.78016170393605
199.49999999999295,13.489222002381949,10.54085777984117,10.903156862721023,9.81091455804032
199.59999999999295,13.459302570184823,10.523051569611194,10.920308613966391,9.841447701735786
199.69999999999294,13.529191341333837,10.56170284045165,10.936311917776605,9.871698220799308
199.79999999999293,13.499298532463317,10.535844803579115,10.95371909271482,9.901734466747442
199.89999999999293,13.569171015244672,10.579471353248142,10.96973586852245,9.931485802273185
199.99999999999292,13.539308695024017,10.545309796915827,10.98742916060446,9.96103053411221
200.09999999999292,13.609175757257443,10.593511277043799,11.003410508897485,9.990287488642164
200.1999999999929,13.579343272448138,10.551981120041207,11.021434495696752,10.019348305485428
200.2999999999929,13.64922247463272,10.60367034075196,11.033200129926879,10.003773837158747
200.3999999999929,13.619412064643504,10.55759507028759,11.054458098378408,10.023503315359077
200.4999999999929,13.689321199406667,10.610839519154446,11.062142818484588,10.015950970808086
200.5999999999929,13.659518141095408,10.564637778832646,11.086584986040423,10.030144865744106
200.69999999999288,13.729464976755418,10.616998969504776,11.089448219893805,10.027076777937259
200.79999999999288,13.699652427238249,10.574946321037622,11.117620392510396,10.038336593247719
200.89999999999287,13.769630674630049,10.624318219581147,11.11371120309536,10.037525923119194
200.99999999999287,13.73979616814266,10.588826852527964,11.146737670236588,10.047530555845608
201.09999999999286,13.809791630541893,10.634112841658716,11.13219456120976,10.047492545635048
201.19999999999285,13.779929748561258,10.605526603322764,11.171681797562893,10.057425427521327
201.29999999999285,13.849928239182209,10.646652753479401,11.140249464560567,10.05698010969352
201.39999999999284,13.820038900842253,10.624092430629455,11.187375202577797,10.067842039268436
201.49999999999284,13.890029514650637,10.661599923610604,11.139066747647961,10.066189916652121
201.59999999999283,13.860115157103229,10.64379760776103,11.189797292383663,10.078664397104264
201.69999999999283,13.930089947412727,10.67844188806452,11.149956264822002,10.076438254417459
201.79999999999282,13.900115860315031,10.663544078041594,11.19210481344032,10.089913400808515
201.89999999999281,13.970088905608588,10.692194288085975,11.172917442033231,10.088499698239554
201.9999999999928,13.940116658768948,10.68391264913523,11.20272855882716,10.101831998187421
202.0999999999928,14.010087758676944,10.70777660446443,11.197062801401533,10.102026131914497
202.1999999999928,13.980117567624797,10.704426008899821,11.218438526734078,10.114653796101914
202.2999999999928,14.050086489400963,10.72465584147526,11.219794386659993,10.116587751586462
202.3999999999928,14.020118605202745,10.724905273926993,11.236371952371611,10.12842953785498
202.49999999999278,14.090085076867538,10.742447551409121,11.24131669817509,10.131915081739749
202.59999999999278,14.060119793810737,10.74531188483745,11.255246783532302,10.143092485237299
202.69999999999277,14.130083495469613,10.760893804393929,11.262095077707203,10.147854630741962
202.79999999999276,14.100121160836602,10.765663281925164,11.274547162138616,10.158537663735025
202.89999999999276,14.170081713579101,10.779825944699619,11.282461004835602,10.164316077141967
202.99999999999275,14.140122740206326,10.785994081479195,11.294071955462233,10.174661604919699
203.09999999999275,14.210079691759892,10.799134174738798,11.302621531443545,10.181241852242469
203.19999999999274,14.180124574355922,10.836986388990661,11.313747966028439,10.191376082438822
203.29999999999274,14.250077380329184,10.800557804625234,11.322704915480573,10.198591857740858
203.39999999999273,14.22012671693476,10.845253537325107,11.333553956959102,10.208610236999824
203.49999999999272,14.290074715980543,10.816590742803381,11.342792313906047,10.216336044326635
203.59999999999272,14.260129236567927,10.856031471188835,11.353488922896494,10.226308593925337
203.6999999999927,14.330071617032011,10.834957275155336,11.362936234253265,10.234450758559072
203.7999999999927,14.300132222180107,10.869238972198564,11.373558528446214,10.24442813366733
203.8999999999927,14.370067976619925,10.85476402868474,11.383170961385241,10.252916843887023
203.9999999999927,14.340135790668462,10.884472914684878,11.393769277852678,10.262935550258515
204.0999999999927,14.410063652756769,10.875373727701023,11.403518531745894,10.271718557058144
204.19999999999268,14.380140098188877,10.901273608710525,11.414126067472036,10.281805005905307
204.29999999999268,14.450058453485973,10.896406027420728,11.42399226305274,10.290842873650844
204.39999999999267,14.420145357140228,10.919248234899825,11.434631242829898,10.301016389365358
204.49999999999267,14.490052114162413,10.91765956450976,11.4445989183467,10.310278990913272
204.59999999999266,14.460151137533428,10.938099435303673,11.455284327925705,10.320553996475299
204.69999999999266,15.0,10.939041355941365,11.465340564823311,10.330018370229153
204.79999999999265,15.0,10.95784994190021,11.476241739427557,10.340536971258391
204.89999999999264,15.0,10.960766655520173,11.48639443141652,10.35018775856752
204.99999999999264,15.0,10.978053819723105,11.497329434230243,10.360802264608848
205.09999999999263,15.0,10.982543109930639,11.50755729030792,10.370633537789898
205.19999999999263,15.0,10.998663751186358,11.518534533600162,10.381353904281106
205.29999999999262,15.0,11.004375041378767,11.528820473373916,10.391351054698788
205.39999999999262,15.0,11.019602860966966,11.539845877315738,10.402185979779572
205.4999999999926,15.0,11.026271761642054,11.550172230096264,10.41233642783456
205.5999999999926,15.0,11.040817263054443,11.561250611809086,10.423294017603082
205.6999999999926,15.0,11.048243388296873,11.571598017844932,10.433586350800331
205.7999999999926,15.0,11.06226858966829,11.582734463470665,10.444674757430697
205.8999999999926,15.0,11.070298979390001,11.593080655079543,10.455097896377328
205.99999999999258,15.0,11.083928957967492,11.603446997524482,10.463294837006046
206.09999999999258,15.0,11.092445813846634,11.613805744345946,10.473517368293619
206.19999999999257,15.0,11.105777579897305,11.62417715637041,10.482030410377682
206.29999999999256,15.0,11.114689211645773,11.63453791533091,10.492120976064625
206.39999999999256,15.0,11.12779846453173,11.644904406648138,10.500890909341752
206.49999999999255,15.0,11.137032587672994,11.655256528566593,10.510900412016039
206.59999999999255,15.0,11.14997884594973,11.665607863071278,10.519883505277853
206.69999999999254,15.0,11.159477588778415,11.675940654503124,10.529849838176604
206.79999999999254,15.0,11.172308095948594,11.686266474957888,10.539013605092514
206.89999999999253,15.0,11.182024243029636,11.696569275402393,10.54896508239474
206.99999999999253,15.0,11.194776964474496,11.706859222805933,10.558285234974877
207.09999999999252,15.0,11.204671089859387,11.717121490895247,10.568243082992755
207.1999999999925,15.0,11.217377045229115,11.727365319008861,10.577701328640737
207.2999999999925,15.0,11.227415278863475,11.737576722512019,10.587681498725269
207.3999999999925,15.0,11.240100399574319,11.747764406874985,10.597263939100007
207.4999999999925,15.0,11.25025263329566,11.757914912176682,10.607278430125328
207.5999999999925,15.0,11.262939295431135,11.768036752347093,10.616974391206737
207.69999999999249,15.0,11.273177676846151,11.778116709696127,10.62703221678369
207.79999999999248,15.0,11.285886033831808,11.7881634232611,10.636833389241382
207.89999999999247,15.0,11.296183621470998,11.798163644631966,10.646941286926074
207.99999999999247,15.0,11.308932847061305,11.80812645163976,10.656841090742455
208.09999999999246,15.0,11.31926231075523,11.818038278557243,10.667004043344127
208.19999999999246,15.0,11.33207186086908,11.827908975364117,10.676997155187923
208.29999999999245,15.0,11.34240410743202,11.837724334506818,10.687218774819238
208.39999999999245,15.0,11.356120447417975,11.84888983695008,10.697300774025946
208.49999999999244,15.0,11.36637840230975,11.85838805194956,10.707583585588031
208.59999999999243,15.0,11.380327199627315,11.869771725607384,10.717750686935226
208.69999999999243,15.0,11.390401510430753,11.878855887208244,10.728096337717501
208.79999999999242,15.0,11.404695518329854,11.890565127394357,10.738345187977796
208.89999999999242,15.0,11.414434317470967,11.899080574388325,10.748754602856415
208.9999999999924,15.0,11.429236870250266,11.911293489736167,10.75908212440719
209.0999999999924,15.0,11.438413631551851,11.918989607889282,10.769555620946292
209.1999999999924,15.0,11.453975031824845,11.931999753739131,10.77995889023788
209.2999999999924,15.0,11.462231658406026,11.93845963015409,10.790496264266038
209.3999999999924,15.0,11.478951173875826,11.95275378760655,10.800972416206358
209.49999999999238,15.0,11.485692328335682,11.957261840200177,10.811573005752537
209.59999999999238,15.0,11.504224137970123,11.973652489205152,10.822119157412342
209.69999999999237,15.0,11.508414077955994,11.974941229157555,10.83278189095472
209.79999999999237,15.0,11.52983947960638,11.994775030408162,10.843395079683138
209.89999999999236,15.0,11.529609118815452,11.990553865327723,10.854118513287787
209.99999999999235,15.0,11.555662613707478,12.015952779066808,10.864795645526547
210.09999999999235,15.0,11.547627974985591,12.002226442903215,10.875577992490232
210.19999999999234,15.0,11.580741010341555,12.035974294532197,10.886315800405589
210.29999999999234,15.0,11.559540376791414,12.007458985353278,10.897154956371958
210.39999999999233,15.0,11.601782498510087,12.051242724947805,10.907949959963245
210.49999999999233,15.0,11.563605620175613,12.007586147664545,10.918843526094495
210.59999999999232,15.0,11.613651049183263,12.058203302685069,10.929691998731704
210.69999999999231,15.0,11.565865837125699,12.009625161078114,10.940637305358178
210.7999999999923,15.0,11.61771733097848,12.060137360105958,10.951535240762492
210.8999999999923,15.0,11.573926463546858,12.016632952719664,10.9625293739997
210.9999999999923,15.0,11.621721895686521,12.062575944118851,10.9734724524945
211.0999999999923,15.0,11.588137231407273,12.027640022577412,10.984512286642195
211.1999999999923,15.0,11.62976164842439,12.067807117722435,10.995412766729624
211.29999999999228,15.0,11.606028584109064,12.041226205503474,11.004728629424056
211.39999999999227,15.0,11.641914710206974,12.07594979745129,11.015438556650306
211.49999999999227,15.0,11.625810500128985,12.05634959069747,11.024993960680973
211.59999999999226,15.0,11.657151788875694,12.086473229108543,11.035579882033783
211.69999999999226,15.0,11.64658121848263,12.072365924095,11.045307959485692
211.79999999999225,15.0,11.674540509998083,12.098805753100045,11.05581211165878
211.89999999999225,15.0,11.667921862622025,12.088915975371988,11.065665406496654
211.99999999999224,15.0,11.693435300310057,12.112494456361036,11.076114022317658
212.09999999999224,15.0,11.689633041450223,12.105813990667585,11.086057694417784
212.19999999999223,15.0,11.713416007507112,12.127215137217776,11.096466353301313
212.29999999999222,15.0,11.711610040355666,12.122970154787415,11.106473847342876
212.39999999999222,15.0,11.734208706681391,12.142745070547766,11.116850959457983
212.4999999999922,15.0,11.733786839310067,12.140344293237382,11.126901220172263
212.5999999999922,15.0,11.755629684014723,12.158933815841982,11.137250324753378
212.6999999999922,15.0,11.756110049975408,12.157920081788122,11.147325993068534
212.7999999999922,15.0,11.77755032684059,12.175680482312073,11.157647297594044
212.8999999999922,15.0,11.778525140513915,12.17569091949331,11.167733535537112
212.99999999999218,15.0,11.799875486550137,12.192917717495815,11.178024965000159
213.09999999999218,15.0,11.800966869594053,12.19365182797618,11.188108687475754
213.19999999999217,15.0,11.822529542983418,12.210600796795879,11.19836661479284
213.29999999999217,15.0,11.82334950654568,12.21179401260418,11.208435986692443
213.39999999999216,15.0,11.84263578218824,12.22597013506418,11.218655753766344
213.49999999999216,15.0,11.845473558255026,12.229274036175934,11.228699860869975
213.59999999999215,15.0,11.863273588523919,12.241974185139481,11.238876161055337
213.69999999999214,15.0,11.867555660873457,12.246799303039033,11.248884794575233
213.79999999999214,15.0,11.884268238867286,12.258480367717118,11.25901196277358
213.89999999999213,15.0,11.889581620509807,12.264418096564608,11.268975477212058
213.99999999999213,15.0,11.905498848035494,12.275405228551866,11.279047718317178
214.09999999999212,15.0,11.911539815632343,12.282171754842995,11.288956934847628
214.19999999999212,15.0,11.926878271824489,12.292695997367975,11.298968511556456
214.2999999999921,15.0,11.933416744345928,12.300093357236909,11.30881464698625
214.3999999999921,15.0,11.948340915279365,12.310319176918608,11.318760042115667
214.4999999999921,15.0,11.955195688507853,12.318208558973692,11.328534648214594
214.5999999999921,15.0,11.96983541299454,12.328253456992078,11.338408713441044
214.6999999999921,15.0,11.976856526906673,12.336536941932028,11.348103613918793
214.79999999999208,15.0,11.991320277891912,12.34648524705094,11.357901715624692
214.89999999999208,15.0,11.99837582242145,12.355093284612808,11.367508928768334
214.99999999999207,15.0,12.012761374570262,12.365005798693211,11.37722710214817
215.09999999999206,15.0,12.019726762999216,12.373888575161065,11.38673873619801
215.19999999999206,15.0,12.03413053752479,12.383809303541495,11.39637386096686
215.29999999999205,15.0,12.040878693759941,12.392930751815092,11.40578196652138
215.39999999999205,15.0,12.055404925532466,12.402891597348743,11.415331981807945
215.49999999999204,15.0,12.061795979367774,12.412225208233398,11.424628340369408
215.59999999999204,15.0,12.07656684880208,12.42224924554559,11.434092523371175
215.69999999999203,15.0,12.082435824862147,12.431775111973755,11.443268342584377
215.79999999999202,15.0,12.097603851920185,12.441878871398881,11.452647686545212
215.89999999999202,15.0,12.102744442378572,12.451581580279475,11.461693159092938
215.999999999992,15.0,12.118508763664959,12.461592524582807,11.473188936983055
216.099999999992,15.0,12.122650509481504,12.471367049652452,11.48190405989295
216.199999999992,15.0,12.13927914103932,12.48167369036936,11.493578625291399
216.299999999992,15.0,12.14205408544558,12.491506343630174,11.50184096039972
216.399999999992,15.0,12.159914796477052,12.502134501855611,11.513825374926478
216.49999999999199,15.0,12.160807834567974,12.511992096510847,11.521454269045707
216.59999999999198,15.0,12.180410338013871,12.52298977612477,11.533948945316487
216.69999999999197,15.0,12.178685443001488,12.532810770840733,11.540665602928287
216.79999999999197,15.0,12.200735647125398,12.544260113634882,11.553985090403014
216.89999999999196,15.0,12.195330426842984,12.553937414838353,11.559342314071786
216.99999999999196,15.0,12.220788728767529,12.565976990165865,11.57399027784969
217.09999999999195,15.0,12.210183256277805,12.57532551660121,11.57724487050752
217.19999999999195,15.0,12.240290578775165,12.588190968096866,11.59403799609339
217.29999999999194,15.0,12.222422662810363,12.596886148070851,11.59391448026747
217.39999999999193,15.0,12.25858273007838,12.610983001850014,11.614173398865477
217.49999999999193,15.0,12.231111311467807,12.618443368015617,11.608435904139826
217.59999999999192,15.0,12.274371554151884,12.634469579845513,11.634209645192396
217.69999999999192,15.0,12.236923124793737,12.63963894669754,11.61903152460344
217.7999999999919,15.0,12.286840816640611,12.658745816048226,11.653043182550215
217.8999999999919,15.0,12.240839409908162,12.659754757609191,11.623168275955514
217.9999999999919,15.0,12.293641268188972,12.683546944973584,11.667282584633499
218.0999999999919,15.0,12.247596808111757,12.677572034392917,11.621894801792967
218.1999999999919,15.0,12.297852562388936,12.707375254555695,11.672674233548651
218.29999999999188,15.0,12.25983274997336,12.691917098226927,11.624903416813716
218.39999999999188,15.0,12.303398821378764,12.727729801718699,11.672788709872044
218.49999999999187,15.0,12.27639890949106,12.70255027448653,11.636010116379714
218.59999999999187,15.0,12.312094421089856,12.743502172501124,11.675119072458122
218.69999999999186,15.0,12.295105178528408,12.709466311173758,11.650549506180948
218.79999999999185,15.0,12.322836521954866,12.754736872468106,11.681584110445083
218.89999999999185,15.0,12.31361705368266,12.71274622729194,11.665408842942677
218.99999999999184,15.0,12.335727128879883,12.761496054953618,11.691154619096933
219.09999999999184,15.0,12.332032797714374,12.713683717168594,11.679840612273102
219.19999999999183,15.0,12.350108540030634,12.764382192910325,11.702670425444149
219.29999999999183,15.0,12.35024471905364,12.715505834882181,11.694026771835611
219.39999999999182,15.0,12.365515263874894,12.765580671550557,11.715381283310506
219.49999999999181,15.0,12.368296336872666,12.721619041783406,11.708367710133038
219.5999999999918,15.0,12.381648718220118,12.768303921202431,11.728875457490767
219.6999999999918,15.0,12.38626801846493,12.732889777506818,11.723149264101238
219.7999999999918,15.0,12.398323590417144,12.774643000243717,11.742962610079475
219.8999999999918,15.0,12.404236915270749,12.74798899627283,11.738458987864608
219.9999999999918,15.0,12.4154259279527,12.784814377238021,11.757573733610728
220.09999999999178,15.0,12.42226630325453,12.765301609794427,11.754263600760654
220.19999999999177,15.0,12.432885890110795,12.798069372882322,11.772686579096044
220.29999999999177,15.0,12.440405168954433,12.783744891330132,11.770493048715942
220.39999999999176,15.0,12.45066095874748,12.813538338269796,11.78828710355463
220.49999999999176,15.0,12.45869069886851,12.802709824096437,11.787079919321078
220.59999999999175,15.0,12.468725685962365,12.83052984262204,11.80435781120766
220.69999999999175,15.0,12.477151090013608,12.821842156266829,11.803968954056383
220.79999999999174,15.0,12.487065372200096,12.84854787724651,11.820877751395361
220.89999999999173,15.0,12.495807903443914,12.84088695343729,11.821114316064543
220.99999999999173,15.0,12.505672095697792,12.867234475289909,11.837825045452165
221.09999999999172,15.0,12.51467782617461,12.859594588590237,11.838472796777596
221.19999999999172,15.0,12.524542159919983,12.886307934786736,11.855178459335436
221.2999999999917,15.0,12.533773910606834,12.877650883092015,11.855995151841626
221.3999999999917,15.0,12.543674406241927,12.90550400887072,11.872916828153624
221.4999999999917,15.0,12.553106404413695,12.894599354319459,11.873614965318712
221.5999999999917,15.0,12.56306906024062,12.924502701663583,11.891015021027192
221.6999999999917,15.0,12.572683274966943,12.912405547251074,11.8906246499697
221.79999999999168,15.0,12.582726909210399,12.940753864315258,11.905454642080349
221.89999999999168,15.0,12.59251051040161,12.93016261169796,11.907589880791697
221.99999999999167,15.0,12.602648685322047,12.957572700416154,11.920615831119278
222.09999999999167,15.0,12.612592257966663,12.947632020864216,11.924549736201635
222.19999999999166,15.0,12.622834575468321,12.97468155751459,11.936324442478439
222.29999999999166,15.0,12.632930843225193,12.964593383928817,11.941554167694543
222.39999999999165,15.0,12.643283807879621,12.991852148775504,11.952471186220397
222.49999999999164,15.0,12.653526701301525,12.980808363512224,11.958648991385257
222.59999999999164,15.0,12.663994284264891,13.008876243845418,11.96898712441709
222.69999999999163,15.0,12.674378243024636,12.995985855583108,11.975871830853668
222.79999999999163,15.0,12.684962238743868,13.025531691445059,11.98582852645053
222.89999999999162,15.0,12.695481673613198,13.009742953488864,11.993252149413854
222.99999999999162,15.0,12.70618191368988,13.041535571176306,12.002967569312212
223.0999999999916,15.0,12.71683077871468,13.021564620851638,12.01081254038026
223.1999999999916,15.0,12.727645249303908,13.056474421521566,12.020386571352642
223.2999999999916,15.0,12.738416691522975,13.030792558622338,12.028570185013985
223.3999999999916,15.0,12.74934158919101,13.069711255144222,12.038074354611064
223.4999999999916,15.0,12.760227654841058,13.036752431675849,12.046538109779823
223.59999999999158,15.0,12.771257408922583,13.080325499766586,12.056023901338
223.69999999999158,15.0,12.78224879286344,13.039271036720175,12.064726159696288
223.79999999999157,15.0,12.793376078792159,13.08731037201034,12.074230808695313
223.89999999999156,15.0,12.804461908652629,13.039735521251258,12.083141707194338
223.99999999999156,15.0,12.815677675777165,13.090415115397645,12.092692243220325
224.09999999999155,15.0,12.826845324226415,13.041572819734014,12.101790144847818
224.19999999999155,15.0,12.83813886306518,13.091285569744334,12.111406212523487
224.29999999999154,15.0,12.849373780174634,13.048037854765223,12.12067521150284
224.39999999999154,15.0,12.863287570059619,13.093228294405813,12.130371040608036
224.49999999999153,15.0,12.869990989418064,13.059904158375913,12.139799193619957
224.59999999999152,15.0,12.88739899369493,13.098459841276856,12.14958497496933
224.69999999999152,15.0,12.89069387770778,13.075239898464051,12.159163034462644
224.7999999999915,15.0,12.910571307492809,13.107308375795258,12.169045879491136
224.8999999999915,15.0,12.911330759912083,13.092247168929724,12.178766375712721
224.9999999999915,15.0,12.93305051307683,13.119081927553731,12.188750983535591
225.0999999999915,15.0,12.931726181139345,13.109942478599194,12.198607549818258
225.1999999999915,15.0,12.955025422998364,13.132984296995465,12.208696668257542
225.29999999999148,15.0,12.951666062581888,13.127918412759058,12.218683536807548
225.39999999999148,15.0,12.976577852543684,13.148418981315343,12.228878278272619
225.49999999999147,15.0,12.970871472457743,13.14603737670136,12.23898989613814
225.59999999999147,15.0,12.99767916550085,13.164997320398104,12.249289951702702
225.69999999999146,15.0,12.988952551333837,13.164257154912667,12.25952068206949
225.79999999999146,15.0,13.018173958062096,13.182479088204405,12.269924465127282
225.89999999999145,15.0,13.005337887447107,13.182547362376228,12.28026834976486
225.99999999999145,15.0,13.037720981975726,13.200717074007644,12.29077309258765
226.09999999999144,15.0,13.019187491904013,13.20084620302281,12.301223658602451
226.19999999999143,15.0,13.055667717877327,13.219614211610368,12.311825479833503
226.29999999999143,15.0,13.029375496641352,13.219031266479439,12.322375578804113
226.39999999999142,15.0,13.070872979760717,13.2390836316496,12.33306953665946
226.49999999999142,15.0,13.034903609281729,13.236903903703245,12.34371120728988
226.5999999999914,15.0,13.081721008534913,13.258997003019747,12.354491351569528
226.6999999999914,15.0,13.034243562424953,13.256029044435534,12.36521569845815
226.7999999999914,15.0,13.085456778882769,13.276062027717602,12.376075134211694
226.8999999999914,15.0,13.041413662493895,13.275538816781102,12.386872215175627
226.9999999999914,15.0,13.086289565855362,13.29407305649777,12.397704501156381
227.09999999999138,15.0,13.058613014393991,13.295387396625186,12.406761235805652
227.19999999999138,15.0,13.09233736552722,13.312863694543546,12.417394190859957
227.29999999999137,15.0,13.079096474716687,13.315550669055227,12.426729442930553
227.39999999999137,15.0,13.103724638209714,13.332314747995035,12.43723551856276
227.49999999999136,15.0,13.099715064937016,13.336008819074028,12.446761597873872
227.59999999999135,15.0,13.118488499591708,13.352336715432493,12.457181339529853
227.69999999999135,15.0,13.119947346151736,13.356736590181221,12.466834276704455
227.79999999999134,15.0,13.13524619344711,13.372857804880852,12.477187974601625
227.89999999999134,15.0,13.139942987709995,13.37769695441411,12.486918501089686
227.99999999999133,15.0,13.153241540613104,13.393816058316617,12.497213487057971
228.09999999999133,15.0,13.159903696391542,13.398835554687956,12.506981617757443
228.19999999999132,15.0,13.172068911103182,13.415154438364917,12.51721695281831
228.29999999999131,15.0,13.179964238756591,13.420073755712126,12.526988726133391
228.3999999999913,15.0,13.191496607789139,13.436818007879886,12.537158311729266
228.4999999999913,15.0,13.200191975670688,13.441297472321605,12.546903829737118
228.5999999999913,15.0,13.211376453817397,13.458752212064134,12.556998557207189
228.6999999999913,15.0,13.22060454712754,13.462336540125596,12.566690805032158
228.7999999999913,15.0,13.231599004225682,13.480900025819803,12.57670011270967
228.89999999999128,15.0,13.241184989829092,13.482923414276911,12.586314230504797
228.99999999999127,15.0,13.25207131222596,13.503191114246572,12.59622729542947
229.09999999999127,15.0,13.261892221446105,13.502605904689075,12.605740088821783
229.19999999999126,15.0,13.272706120979539,13.525500972613905,12.615546800081827
229.29999999999126,15.0,13.282668282285108,13.520557951534904,12.624936338650357
229.39999999999125,15.0,13.293417179717608,13.54750819629695,12.63750553956075
229.49999999999125,15.0,13.303443775536026,13.53476801426269,12.644556826136713
229.59999999999124,15.0,13.314118046987721,13.568425934404107,12.659470952355782
229.69999999999123,15.0,13.324142419890203,13.541908505991012,12.662652282671
229.79999999999123,15.0,13.334722942465083,13.584790116349676,12.68124896289034
229.89999999999122,15.0,13.344685142035384,13.540408900578734,12.678401407517178
229.99999999999122,15.0,13.355148747281804,13.590566210961757,12.701939466742477
230.0999999999912,15.0,13.364993794109076,13.542642783075761,12.692289365717938
230.1999999999912,15.0,13.375317511100182,13.589606144041934,12.720402454503741
230.2999999999912,15.0,13.384994378985192,13.556361619776522,12.705290665744002
230.3999999999912,15.0,13.395158986258968,13.5930917361638,12.736664955134552
230.4999999999912,15.0,13.404619580543875,13.574797678678355,12.717409851099656
230.59999999999118,15.0,13.414612860170351,13.602782255085879,12.751269366475846
230.69999999999118,15.0,13.423810392891932,13.59391687779914,12.728336139347391
230.79999999999117,15.0,13.433630526036831,13.616608384176098,12.764505808299214
230.89999999999117,15.0,13.442516676455586,13.612914363945851,12.737745853373838
230.99999999999116,15.0,13.452176419402434,13.632935859225235,12.776369659117261
231.09999999999116,15.0,13.460696484557909,13.631808920961559,12.745330949755555
231.19999999999115,15.0,13.47022914757869,13.650852807912997,12.786657806200097
231.29999999999114,15.0,13.47831393664947,13.650666368590993,12.7508469909996
231.39999999999114,15.0,13.487782853537999,13.669851113196593,12.795057048252561
231.49999999999113,15.0,13.49533517849062,13.669441728875718,12.754240958276844
231.59999999999113,15.0,13.504849503144685,13.689600844339818,12.801262546000881
231.69999999999112,15.0,13.511721422043356,13.68795025413224,12.755855565209062
231.79999999999112,15.0,13.521463077331815,13.709817827030246,12.805174750168511
231.8999999999911,15.0,13.52741690708701,13.705839878173483,12.756601315444302
231.9999999999911,15.0,13.537686902487353,13.730170291273538,12.807147578387442
232.0999999999911,15.0,13.542327239981477,13.722529699414045,12.757850841629695
232.1999999999911,15.0,13.553625020157714,13.750188494925078,12.808105913945612
232.2999999999911,15.0,13.556278638533623,13.73709867196219,12.76091867367304
232.39999999999108,15.0,13.567651302337392,13.769136849779098,12.80930889625828
232.49999999999108,15.0,13.568103046844886,13.748155431185246,12.766470870524476
232.59999999999107,15.0,13.581422588214405,13.785776288538276,12.811843793075491
232.69999999999106,15.0,13.578682616153134,13.759019020048745,12.777242586161552
232.79999999999106,15.0,13.595135245833273,13.79757076151089,12.814585849319206
232.89999999999105,15.0,13.587582619289059,13.768004638743045,12.791421231709984
232.99999999999105,15.0,13.609070798663403,13.808536733987546,12.820736470555339
233.09999999999104,15.0,13.593981221510093,13.77439138665065,12.806855175631018
233.19999999999104,15.0,13.623991366167479,13.817838401880358,12.829686099472138
233.29999999999103,15.0,13.596475598700664,13.777711854802405,12.822519966035774
233.39999999999102,15.0,13.638456125177804,13.824558486350824,12.840616231545912
233.49999999999102,15.0,13.595650443991499,13.778409028917748,12.838100863214407
233.599999999991,15.0,13.64639040896955,13.828090002830036,12.852907216815996
233.699999999991,15.0,13.598109795565346,13.778627960814603,12.853577822482743
233.799999999991,15.0,13.64774872325952,13.829009958944798,12.866158750786026
233.899999999991,15.0,13.607618873987791,13.781648420901805,12.86902226335358
233.999999999991,15.0,13.648303568267664,13.829507052285335,12.880125697409554
234.09999999999098,15.0,13.621058771614615,13.789466147227166,12.884519254609327
234.19999999999098,15.0,13.651497856850188,13.832110480233446,12.894660454162796
234.29999999999097,15.0,13.63525245313773,13.801666646311396,12.900143191809585
234.39999999999097,15.0,13.657529225576576,13.83809727650308,12.909674767727328
234.49999999999096,15.0,13.649040510905477,13.816764483539234,12.915953176038487
234.59999999999096,15.0,13.665649944732237,13.847432574306584,12.925116452460946
234.69999999999095,15.0,13.66228937857873,13.833522730057622,12.9319946419272
234.79999999999094,15.0,13.675183590930937,13.859527762487469,12.940955439902208
234.89999999999094,15.0,13.675158940556008,13.85124911542476,12.948302337438387
234.99999999999093,15.0,13.685684202981667,13.873766369317817,12.957175342596212
235.09999999999093,15.0,13.687839833813003,13.869633661753682,12.964903057129357
235.19999999999092,15.0,13.696883747243877,13.889674291357936,12.97376824032179
235.29999999999092,15.0,13.700487870942712,13.888560804023662,12.981817732611526
235.3999999999909,15.0,13.708627145745435,13.90692232290731,12.990731360228697
235.4999999999909,15.0,13.71321886325457,13.907992767964972,12.99906288584274
235.5999999999909,15.0,13.720130613586553,13.925284639450028,13.008064880633407
235.6999999999909,15.0,13.725302670171024,13.927907953088623,13.01665155878726
235.7999999999909,15.0,13.731995681193528,13.944597594374128,13.025770405037266
235.89999999999088,15.0,13.737594755122918,13.948268023766639,13.03459384006026
235.99999999999088,15.0,13.744207698724065,13.964728716857387,13.043849833910132
236.09999999999087,15.0,13.7501413373385,13.968996721148297,13.052897087475282
236.19999999999087,15.0,13.756766595107875,13.985555978720612,13.062304467310895
236.29999999999086,15.0,13.762980838458082,13.989960218056327,13.071565920467242
236.39999999999085,15.0,13.769681924982645,14.006956147613865,13.081134234883585
236.49999999999085,15.0,13.776147369059762,14.010939889711151,13.090602036169503
236.59999999999084,15.0,13.782969890421045,14.028801303522515,13.10033698966697
236.69999999999084,15.0,13.789672977248069,14.031581196400774,13.110003889162137
236.79999999999083,15.0,13.79665152545948,14.050959405228724,13.119907828922939
236.89999999999083,15.0,13.803589071758477,14.051277740996206,13.129766267215828
236.99999999999082,15.0,13.810751555880294,14.073274937894345,13.139838424863214
237.0999999999908,15.0,13.817927283243932,14.068883101497654,13.149879792855215
237.1999999999908,15.0,13.825297628292388,14.095415480002895,13.160116364279745
237.2999999999908,15.0,13.832719917356755,14.082031198591864,13.170330382311889
237.3999999999908,15.0,13.840319702053488,14.116125220513608,13.180724510675727
237.4999999999908,15.0,13.848000072900295,14.086511472727004,13.191098698425398
237.59999999999079,15.0,13.855849447819004,14.130934800047337,13.201640416494484
237.69999999999078,15.0,13.863801436855477,14.083237069703737,13.212159641043964
237.79999999999077,15.0,13.871919515354046,14.13355579496495,13.222835826526703
237.89999999999077,15.0,13.880157716795983,14.089137754330087,13.233481925776607
237.99999999999076,15.0,13.888562530850702,14.132294780810012,13.244276325866549
238.09999999999076,15.0,13.897101624472604,14.105843892082465,13.254901974368236
238.19999999999075,15.0,13.905809667240078,14.137206961779134,13.263949192434971
238.29999999999075,15.0,13.914663280322527,14.12534645222777,13.274432193768991
238.39999999999074,15.0,13.923688607074537,14.148078802050351,13.283746883540783
238.49999999999073,15.0,13.932867870875262,14.14499905118453,13.294136934412997
238.59999999999073,15.0,13.942220697868159,14.162701815936794,13.303613343969117
238.69999999999072,15.0,13.951732371491065,14.164628258541528,13.31392551260918
238.79999999999072,15.0,13.961417104752258,14.17961362252246,13.323479506145896
238.8999999999907,15.0,13.971261170576767,14.184401404815686,13.333708165600385
238.9999999999907,15.0,13.981273829763587,14.197944406113685,13.343268564611385
239.0999999999907,15.0,13.991440540589833,14.20433924500247,13.353396443982165
239.1999999999907,15.0,14.00176564301237,14.2170821994627,13.362900542243723
239.2999999999907,15.0,14.012232153603382,14.224273274199609,13.372905013492339
239.39999999999068,15.0,14.022839319253665,14.236507071804965,13.382296328157482
239.49999999999068,15.0,14.03356628919152,14.243901676774392,13.392154072985896
239.59999999999067,15.0,14.04440712961475,14.255752244883368,13.401381121655788
239.69999999999067,15.0,14.055336026954222,14.262870405895814,13.411071822989062
239.79999999999066,15.0,14.066342238187286,14.274431664882812,13.420087113055265
239.89999999999065,15.0,14.077394401636884,14.280847226901063,13.429596605626926
239.99999999999065,15.0,14.088478232189944,14.292282595229924,13.438355228866985
240.09999999999064,15.0,14.099556835179733,14.297559498449743,13.447678523501015
240.19999999999064,15.0,14.110614972828698,14.309191052530153,13.456135814862646
240.29999999999063,15.0,14.121610581531812,14.312779121527992,13.465280535131576
240.39999999999063,15.0,14.132531765518404,14.325194775636932,13.473388170350326
240.49999999999062,15.0,14.143331061086458,14.326250473752609,13.482379209298749
240.59999999999062,15.0,14.1540064941079,14.340471713337633,13.490078823839536
240.6999999999906,15.0,14.164502240943655,14.337550902338737,13.49896549853137
240.7999999999906,15.0,14.174836835309366,14.35529856489607,13.506178291380895
240.8999999999906,15.0,14.184935989194678,14.345862383154326,13.515046075776281
240.9999999999906,15.0,14.194858684558731,14.369855596292046,13.52165569110439
241.0999999999906,15.0,14.204044509314368,14.350781510335375,13.5306459838216
241.19999999999058,15.0,14.217134157868017,14.384454637080426,13.536469818205832
241.29999999999058,15.0,14.219031459932538,14.349240435158862,13.545813540709139
241.39999999999057,15.0,14.241563093417902,14.394574281241644,13.55055371335314
241.49999999999056,15.0,14.223536698039434,14.34594996447428,13.56062835714138
241.59999999999056,15.0,14.263252364423579,14.396190419942318,13.563786508405851
241.69999999999055,15.0,14.217802999499488,14.348867905514224,13.575211801382109
241.79999999999055,15.0,14.268292195626481,14.394799974374973,13.575939712936353
241.89999999999054,15.0,14.222558798885709,14.355621036952764,13.589732015149318
241.99999999999054,15.0,14.266410221474267,14.395165758113329,13.586573586781785
242.09999999999053,15.0,14.23652517944684,14.364229885303288,13.604367992519338
242.19999999999052,15.0,14.269194970634645,14.397850599027533,13.594855280511295
242.29999999999052,15.0,14.25259723866118,14.37412516728092,13.619107767426506
242.3999999999905,15.0,14.277125896295482,14.402626087795475,13.599393086247336
242.4999999999905,15.0,14.268987617579391,14.384926323006042,13.633069097098469
242.5999999999905,15.0,14.286323014845735,14.406670747857197,13.598967756869067
242.6999999999905,15.0,14.285848665816292,14.397142584689796,13.643339436412512
242.7999999999905,15.0,14.29893675473963,14.413227643331346,13.59616505835746
242.89999999999048,15.0,14.302638996798315,14.409142621177407,13.646495222768452
242.99999999999048,15.0,14.313828236622086,14.421634725395187,13.598307672369986
243.09999999999047,15.0,14.319959899855663,14.42115206027525,13.64482679639288
243.19999999999047,15.0,14.330457695628098,14.431483072586316,13.60736840639041
243.29999999999046,15.0,14.338121270610507,14.43344353837008,13.643988486606226
243.39999999999046,15.0,14.348500715480878,14.440565403228392,13.620605445287941
243.49999999999045,15.0,14.357165807408693,14.44653649486775,13.647229137643249
243.59999999999044,15.0,14.367622915184022,14.451797316217599,13.634231238143975
243.69999999999044,15.0,14.376876756039941,14.459555707116632,13.653505010889775
243.79999999999043,15.0,14.38735993552529,14.464619667609991,13.64737987743439
243.89999999999043,15.0,14.396797696478743,14.473211465530257,13.66181139644916
243.99999999999042,15.0,14.40710703772725,14.478824788292535,13.6600670862662
244.09999999999042,15.0,14.416326071862812,14.487932158884533,13.671446832496963
244.1999999999904,15.0,14.426227959053989,14.494396217699853,13.672496239879436
244.2999999999904,15.0,14.434880874628288,14.50397989634746,13.681998591717502
244.3999999999904,15.0,14.444217105376284,14.511386834596813,13.684859395466688
244.4999999999904,15.0,14.452051435295939,15.0,13.693234708533875
244.5999999999904,15.0,14.460800814138349,15.0,13.69668507800217
244.69999999999038,15.0,14.467638766083477,15.0,13.704299461264139
244.79999999999038,15.0,14.47593443899934,15.0,13.707974388354842
244.89999999999037,15.0,14.481597366926144,15.0,13.714948155378721
244.99999999999037,15.0,14.489745482722917,15.0,13.719418734061145
245.09999999999036,15.0,14.493935908197392,15.0,13.726048237478897
245.19999999999035,15.0,14.502486594352224,15.0,13.73109203133368
245.29999999999035,15.0,14.504607140132148,15.0,13.73756944149021
245.39999999999034,15.0,14.514528662400531,15.0,13.743050265771153
245.49999999999034,15.0,14.51336902121848,15.0,13.749502141059594
245.59999999999033,15.0,14.526386810250463,15.0,13.755338244541768
245.69999999999033,15.0,14.519567360890377,15.0,13.761849957648414
245.79999999999032,15.0,14.538677863487452,15.0,13.767994181186298
245.8999999999903,15.0,14.521892261660751,15.0,13.774625334872683
245.9999999999903,15.0,14.551511760385988,15.0,13.78105269265167
246.0999999999903,15.0,14.519173268005533,15.0,13.787846832565107
246.1999999999903,15.0,14.562261363260966,15.0,13.794546693874455
246.2999999999903,15.0,14.515119818405346,15.0,13.80153741005857
246.39999999999029,15.0,14.565557899767052,15.0,13.808508526865483
246.49999999999028,15.0,14.517887685165542,15.0,13.815723252086558
246.59999999999027,15.0,14.562884110980809,15.0,13.82297053201286
246.69999999999027,15.0,14.526951226474079,15.0,13.83043284551983
246.79999999999026,15.0,14.560470103115186,15.0,13.837965169414518
246.89999999999026,15.0,14.53752985980759,15.0,13.84569609599565
246.99999999999025,15.0,14.560760090560965,15.0,13.85352472143895
247.09999999999025,15.0,14.547523972196473,15.0,13.861543310062519
247.19999999999024,15.0,14.563541686499255,15.0,13.869680546518113
247.29999999999023,15.0,14.556710867763226,15.0,13.87800387784576
247.39999999999023,15.0,14.568130583897828,15.0,13.886461803182463
247.49999999999022,15.0,14.56538645907386,15.0,13.895104485316747
247.59999999999022,15.0,14.574010636215236,15.0,13.903893522033572
247.6999999999902,15.0,14.57388471400243,15.0,13.912866675909994
247.7999999999902,15.0,14.580879606522348,15.0,13.92199387804049
247.8999999999902,15.0,14.582479367497516,15.0,13.931303585080741
247.9999999999902,15.0,14.588590217499034,15.0,13.940770522408242
248.0999999999902,15.0,14.5913890214577,15.0,13.950415714355884
248.19999999999018,15.0,14.597099698527336,15.0,13.960215901418852
248.29999999999018,15.0,14.600801349104954,15.0,13.970185731800026
248.39999999999017,15.0,14.606440190311641,15.0,13.98030166123203
248.49999999999017,15.0,14.610896872855685,15.0,13.99057253096487
248.59999999999016,15.0,14.616705229783475,15.0,14.000972557665582
248.69999999999015,15.0,14.62186990458285,15.0,14.011505187746089
248.79999999999015,15.0,14.628047265530201,15.0,14.022140774663546
248.89999999999014,15.0,14.633947607191347,15.0,14.032742729559208
248.99999999999014,15.0,14.640682111316467,15.0,14.041684381994349
249.09999999999013,15.0,15.0,15.0,14.052185644873921
249.19999999999013,15.0,15.0,15.0,14.06138200618965
249.29999999999012,15.0,15.0,15.0,14.071763964033417
249.39999999999011,15.0,15.0,15.0,14.080997639430224
249.4999999999901,15.0,15.0,15.0,14.09119477914269
249.5999999999901,15.0,15.0,15.0,14.10027310744698
249.6999999999901,15.0,15.0,15.0,14.110209359534622
249.7999999999901,15.0,15.0,15.0,14.118963924998702
249.8999999999901,15.0,15.0,15.0,14.128581068078576
249.99999999999008,15.0,15.0,15.0,14.136867471606577
250.09999999999008,15.0,15.0,15.0,14.146146215830818
250.19999999999007,15.0,15.0,15.0,14.153836424833399
250.29999999999006,15.0,15.0,15.0,14.162812869938248
250.39999999999006,15.0,15.0,15.0,14.169775710596564
250.49999999999005,15.0,15.0,15.0,14.178559763091235
250.59999999999005,15.0,15.0,15.0,14.184625406021565
250.69999999999004,15.0,15.0,15.0,14.193431875838819
250.79999999999004,15.0,15.0,15.0,14.198331715596476
250.89999999999003,15.0,15.0,15.0,14.207540096257128
250.99999999999002,15.0,15.0,15.0,14.210802789162642
251.09999999999002,15.0,15.0,15.0,14.2210703940825
251.19999999999,15.0,15.0,15.0,14.221835343545393
251.29999999999,15.0,15.0,15.0,14.234300158385349
251.39999999999,15.0,15.0,15.0,14.230980678942803
251.49999999999,15.0,15.0,15.0,14.247585111254988
251.59999999999,15.0,15.0,15.0,14.237315069105811
251.69999999998998,15.0,15.0,15.0,14.261140111518735
251.79999999998998,15.0,15.0,15.0,14.239301487143518
251.89999999998997,15.0,15.0,15.0,14.274064071861849
251.99999999998997,15.0,15.0,15.0,14.23627937390202
252.09999999998996,15.0,15.0,15.0,14.282600977691557
252.19999999998996,15.0,15.0,15.0,14.233370005864996
252.29999999998995,15.0,15.0,15.0,14.283333139154548
252.39999999998994,15.0,15.0,15.0,14.237693205893745
252.49999999998994,15.0,15.0,15.0,14.280442893616328
252.59999999998993,15.0,15.0,15.0,14.247620665706958
252.69999999998993,15.0,15.0,15.0,14.279307565418545
252.79999999998992,15.0,15.0,15.0,14.25892408048428
252.89999999998992,15.0,15.0,15.0,14.28122244292978
252.9999999999899,15.0,15.0,15.0,14.269827288502622
253.0999999999899,15.0,15.0,15.0,14.285599853979972
253.1999999999899,15.0,15.0,15.0,14.280103593277056
253.2999999999899,15.0,15.0,15.0,14.29169450180596
253.3999999999899,15.0,15.0,15.0,14.289973131578247
253.49999999998988,15.0,15.0,15.0,14.298993884299607
253.59999999998988,15.0,15.0,15.0,14.299701307127373
253.69999999998987,15.0,15.0,15.0,14.307197749925013
253.79999999998986,15.0,15.0,15.0,14.309506037368768
253.89999999998986,15.0,15.0,15.0,14.316146142432904
253.99999999998985,15.0,15.0,15.0,14.319554282825433
254.09999999998985,15.0,15.0,15.0,14.32576646415414
254.19999999998984,15.0,15.0,15.0,14.329977054784967
254.29999999998984,15.0,15.0,15.0,14.336041498539238
254.39999999998983,15.0,15.0,15.0,14.340884434085764
254.49999999998983,15.0,15.0,15.0,14.346991213932764
254.59999999998982,15.0,15.0,15.0,14.352377099786287
254.6999999999898,15.0,15.0,15.0,14.358662704461253
254.7999999999898,15.0,15.0,15.0,14.364554526868904
254.8999999999898,15.0,15.0,15.0,14.371124703962787
254.9999999999898,15.0,15.0,15.0,14.377520499172832
255.0999999999898,15.0,15.0,15.0,14.384464323876733
255.19999999998979,15.0,15.0,15.0,14.391386157526451
255.29999999998978,15.0,15.0,15.0,14.39878405488583
255.39999999998977,15.0,15.0,15.0,14.406269960903899
255.49999999998977,15.0,15.0,15.0,14.4141967036579
255.59999999998976,15.0,15.0,15.0,14.4222926182553
255.69999999998976,15.0,15.0,15.0,14.43081472800426
255.79999999998975,15.0,15.0,15.0,14.439563040943288
255.89999999998975,15.0,15.0,15.0,14.44872834745034
255.99999999998974,15.0,15.0,15.0,14.458148812872183
256.09999999998973,15.0,15.0,15.0,14.467964656494466
256.19999999998976,15.0,15.0,15.0,14.478023468017819
256.2999999999898,15.0,15.0,15.0,14.488421599025544
256.3999999999898,15.0,15.0,15.0,14.498989554534996
256.4999999999898,15.0,15.0,15.0,15.0
