Time (s),Robot 1 Speed (m/s),Robot 2 Speed (m/s),Robot 3 Speed (m/s),Robot 4 Speed (m/s)
0.0,0.4,0.20615528128088306,0.20615528128088306,0.20615528128088306
0.1,0.8,0.41244643167569484,0.4123736276825086,0.4123493657995756
0.2,1.2,0.6190095068975802,0.6187181210364199,0.6186210392071823
0.30000000000000004,1.5999999999999999,0.8259808776195372,0.8252518688778561,0.8250090492543745
0.4,1.9999999999999998,1.0334972394180848,1.0320379978623127,1.031552079982316
0.5,2.4,1.2416954406965113,1.2391396234795733,1.238288717568485
0.6,2.8000000000000003,1.4507120610522974,1.4466197875717548,1.4452574048584728
0.7,3.2000000000000006,1.6606826697373862,1.654541354739428,1.6524963814616835
0.7999999999999999,3.600000000000001,1.871740694556938,1.8629668583059382,1.8600436061069814
0.8999999999999999,4.000000000000001,2.084015838989246,1.5993741814702973,2.0679366577506393
0.9999999999999999,4.400000000000001,2.2976320033950035,1.3576975307489656,2.2762126117120767
1.0999999999999999,4.800000000000002,2.5127046989735513,1.153991836326357,2.484907886893149
1.2,5.200000000000002,2.7293379937153452,1.0144066456668162,2.694058059925781
1.3,5.600000000000002,2.9476210983807705,0.9706785527384653,2.9036976419026734
1.4000000000000001,6.000000000000003,3.167624782988606,1.0387389107852203,3.1138598131878727
1.5000000000000002,6.400000000000003,3.3893978990741225,1.2031206335545892,3.324576111686013
1.6000000000000003,6.800000000000003,3.612964351490079,1.4339134955611101,3.5358760698719123
1.7000000000000004,7.200000000000004,3.8383208925298873,1.706724532272518,3.747786795834393
1.8000000000000005,7.600000000000004,4.065436079100972,1.6731739809937303,3.960332493538284
1.9000000000000006,8.000000000000004,4.294250629750652,1.6690494935081368,4.173533917395331
2.0000000000000004,8.400000000000002,4.310299683100609,1.6954032683532678,4.387407755953588
2.1000000000000005,8.8,4.450250568870568,1.7516055822955845,4.601965938901201
2.2000000000000006,9.2,4.724922751127346,1.8355667260350783,4.817214860387692
2.3000000000000007,9.599999999999998,5.122497965901323,1.944251308614229,5.033154509537648
2.400000000000001,9.999999999999996,5.3304012038974715,2.0742488774129897,5.249777495465872
2.500000000000001,10.399999999999995,5.539111391921058,2.222218446652485,5.467067948401664
2.600000000000001,10.799999999999994,5.748322443808046,2.3851477100216094,5.685000269728504
2.700000000000001,11.199999999999992,5.957746861304861,2.5604561941138715,5.903537690504951
2.800000000000001,11.59999999999999,6.167113991443597,2.745999981013574,6.1226305784699635
2.9000000000000012,11.99999999999999,6.376165225990592,2.940027763947201,6.342214404946896
3.0000000000000013,12.399999999999988,6.584646947439364,3.141120117131146,6.56220724146363
3.1000000000000014,12.799999999999986,6.792301912984385,3.3481287118119742,6.7825065952810775
3.2000000000000015,12.399999999999988,6.998859494392213,3.5601226131301362,7.002985304033361
3.3000000000000016,11.99999999999999,7.204413937930043,3.77319520398572,7.219146780953498
3.4000000000000017,11.59999999999999,7.408524672456378,3.986701190076457,7.430248796451142
3.5000000000000018,11.199999999999992,7.610617776211088,4.200059113391502,7.635504894476413
3.600000000000002,9.891154242849957,6.973939535158626,4.412734306325087,7.83411893751832
3.700000000000002,8.649405175182826,6.385984092056382,4.624408588662836,8.025581060533458
3.800000000000002,7.50160758972907,5.841234502557059,4.834867711769537,8.20943929303405
3.900000000000002,6.489841954781864,5.3777247192544175,5.043929959954868,8.3852228070247
4.000000000000002,5.530404766717279,4.953654153716871,5.251490654034212,8.552318266766529
4.100000000000001,4.615729526959036,4.565661737800809,5.457465747913868,8.70988826719885
4.200000000000001,3.7514412458593243,4.220493968287174,5.661840084196418,8.85666394460702
4.300000000000001,2.93233282251179,3.9148510028044643,5.864614954022014,8.990759982373577
4.4,2.5323467294472173,3.9873021789138057,6.065833148902577,8.852684400962936
4.5,2.1324029747490396,4.059803615600123,6.265433256092755,8.7064153372942
4.6,1.7324382658308912,4.132333043640022,6.4633805331334235,8.55379173039148
4.699999999999999,1.3325522964288314,4.204818394372977,6.659659064417491,8.39596519545151
4.799999999999999,0.9326794794020663,4.311794329242842,6.1335846521044965,7.537739148370176
4.899999999999999,0.5331385358868038,4.419058771357666,5.655793204262464,6.722317302512418
4.999999999999998,0.13574655543272454,4.52633071166538,5.216432199631359,5.941450808446407
5.099999999999998,0.2697525305278553,4.633286926442201,4.793095984819387,5.179078472264727
5.1999999999999975,0.6685441126035268,4.609151111712902,4.433067827139499,4.521259627782571
5.299999999999997,1.0683094323336746,4.58096896861486,4.261987639539774,4.007129762026445
5.399999999999997,1.468149618957279,4.548807911491956,4.092555203559492,3.4819963425816356
5.4999999999999964,1.8680985747454544,4.512664127532962,3.9395301542564294,2.9694156718051135
5.599999999999996,2.2680305916277352,4.472501231888612,3.8089497629852183,2.478670200778788
5.699999999999996,2.668011872536991,4.428152060611962,3.702377850588448,2.0151744349307648
5.799999999999995,3.0679713759066534,4.379362590642272,3.61952447648659,1.5853820360915392
5.899999999999995,3.4679632004758956,4.325625004200488,3.5592708804317614,1.202040317708919
5.999999999999995,3.8679345846953885,4.266204228956004,3.7591982546823957,1.0430955479517077
6.099999999999994,3.9180539506436043,3.841653266531259,3.9592833693683196,0.8937548639367652
6.199999999999994,3.976056786110504,3.427696732945928,4.159369057822713,0.7607044487218392
6.299999999999994,4.053713541443766,3.039264299626575,4.359333125167943,0.6550905758749275
6.399999999999993,4.141969440345203,2.6721129553803498,4.559010199390447,0.5929807405392707
6.499999999999993,4.251007656466251,2.3479401673124367,4.758252476658656,0.5894695063732682
6.5999999999999925,4.3734386168230746,2.0691447794865145,4.956849392320029,0.6465130018159174
6.699999999999992,4.515733817999018,1.867495065384206,4.82213564645702,0.7512422957077602
6.799999999999992,4.674669170443306,1.7625875464557126,4.684359416035803,0.8875827983064867
6.8999999999999915,4.847985204883052,1.7677500779003477,4.544167459118448,1.0437498967088084
6.999999999999991,5.033608362849729,1.8787934998209785,4.402046270012637,1.2125456721241057
7.099999999999991,5.229773462404553,2.076016957722031,4.258383312952483,1.3897415027570676
7.19999999999999,5.435015333843005,2.335253527839433,4.113511553174257,1.5728066189224308
7.29999999999999,5.648109235617686,2.6361080582708163,3.9677448230353733,1.7601666693516775
7.39999999999999,5.868000002443324,2.964006916997859,3.5784224900667394,1.7665756319021297
7.499999999999989,6.093730012013159,3.3092035821698054,3.2113274603163195,1.7884367065985105
7.599999999999989,6.487692248901486,3.5174243660527353,2.3814880889877856,1.8409896644995758
7.699999999999989,6.087694758490762,3.7291592578348656,1.6550821664180393,1.9221335839744507
7.799999999999988,5.2348896016022515,3.5200286851773006,1.1685855560309226,2.028059922475722
7.899999999999988,4.431099175497181,3.3463600513501786,1.1800631545722582,2.022318501934448
7.999999999999988,3.6744634205268754,3.205531530613325,1.619963096587073,2.2019582841804195
8.099999999999987,2.9635116653954303,3.095320667573584,2.22186174491763,2.5301124044369594
8.199999999999987,2.298204563693929,3.013833093324218,2.86607208540756,2.9606531817129538
8.299999999999986,1.6828054279218632,2.959445797902048,3.515379362809503,3.4581877442453584
8.399999999999986,1.135598598227071,2.9307424660963513,3.663758256710568,3.620751344093181
8.499999999999986,0.8047768844934228,3.0976501760707853,3.815325406718193,3.791598870917433
8.599999999999985,0.5680395273048024,3.263372561074497,3.9695547882541513,3.9686206276748357
8.699999999999985,0.5609314003892966,3.0929581353793405,4.1260117189229,4.1500872934869735
8.799999999999985,0.7896787095882002,2.917803457823996,4.284335052490261,4.334592055639605
8.899999999999984,1.1177951942276172,2.73788633454923,4.4442190850362815,4.520993588787214
8.999999999999984,1.480595937913004,2.553156610420516,3.8695554228766156,4.3190271806366205
9.099999999999984,1.8578286207765031,2.36358070211322,3.329845993054747,4.149525745297581
9.199999999999983,2.242169416629089,2.16918783315395,2.8260190486081025,4.010782008536775
9.299999999999983,2.630443647987179,1.97011774412587,2.3600955664945893,3.9006234193879776
9.399999999999983,3.0210627990996906,1.766670271509146,1.9363960983246982,3.8164897615402715
9.499999999999982,3.4131344282722917,1.5593629042193562,1.564192961791533,3.7557178096546555
9.599999999999982,3.8061013265019135,1.349018528985073,1.2625503521506667,3.7158248138404613
9.699999999999982,4.1995735729063135,1.1369458145128242,1.0652913050729123,3.6946596476727205
9.799999999999981,3.8202987268822,0.9253862173045598,1.0724283214174641,3.4207634771550937
9.89999999999998,3.4423308900889245,0.7217203164353049,1.0777992037281334,3.154166833885589
9.99999999999998,3.0668195622329946,0.5328543544594543,1.0831668268017727,2.895904620743723
10.09999999999998,2.6953243258928845,0.37838130968341777,1.0904022776433497,2.6470821009249565
10.19999999999998,2.330209548741287,0.3104142060504857,1.1014108192906427,2.4090271640314667
10.29999999999998,1.9753966200079611,0.37603543731299277,1.1180419565696553,2.183470348656921
10.399999999999979,1.637928957765082,0.5257622309425943,1.1419879100244428,1.972765462830277
10.499999999999979,1.3313598585680504,0.7069467095022748,1.1746831066703407,1.7801539511680555
10.599999999999978,1.0825227188513251,0.9000204629159514,1.2172231180088742,1.6100386427500044
10.699999999999978,0.9386998592891487,1.0982042062634285,1.2703204402056194,1.468137206429997
10.799999999999978,0.9489904765124532,1.298805896316124,1.334305659680753,1.3612171787843372
10.899999999999977,1.109108419517015,1.5006239574733884,1.4091698794756924,1.295991731159959
10.999999999999977,1.3673308389299321,1.7030829160984151,1.4946341707929913,1.277077507755317
11.099999999999977,1.6788801135868932,1.9059006576684774,1.5902284110654183,1.3049427783841763
11.199999999999976,2.019080924930976,2.10894345256978,1.7045501473400793,1.3833352097982379
11.299999999999976,2.3754837453411626,2.312155998660745,1.833555606678103,1.4822822765008392
11.399999999999975,2.743129333672149,2.5155244628328464,1.9747055778766112,1.598398652868531
11.499999999999975,3.116522018549537,2.7189785495674896,2.1258758487137728,1.7286353563702739
11.599999999999975,3.493524287196439,2.922540509739924,2.285378742519575,1.8704293979854538
11.699999999999974,3.8727101814075735,3.1262411728038693,2.4518738838213094,2.0217147365135313
11.799999999999974,3.4800493740572933,2.9407168916811073,2.2418616210378315,2.180862902600469
11.899999999999974,3.08811316765043,2.7577392475017475,2.033505606671188,2.344798561410652
11.999999999999973,2.6974397232015077,2.5775207289926145,1.827145149237477,2.512444621852546
12.099999999999973,2.308852369200634,2.400361363339879,1.6233003065765759,2.682980192546887
12.199999999999973,1.9237721139576685,2.2266837527908456,1.4227968603622596,2.4808691112946084
12.299999999999972,1.5449641212425433,2.057083022398018,1.227001391717766,2.314780701219821
12.399999999999972,1.1786238180446138,1.8923985595396644,1.0382883174326036,2.153619695098256
12.499999999999972,0.841328537338736,1.7338168515587014,0.8610106145544706,1.9984232686742103
12.599999999999971,0.585739060046119,1.583016413869748,0.7035222794109188,1.8505321859686417
12.69999999999997,0.48026502354781414,1.3609342461764664,0.581755197118769,1.7116765380028378
12.79999999999997,0.6058094462082754,1.1593432936014192,0.5210365470867611,1.5840774331740146
12.89999999999997,0.8623251085023543,0.9948517961693479,0.5419779053966342,1.4705035160548183
12.99999999999997,1.1631749286198316,0.8923788648699231,0.6270513757952008,1.3500941143381864
13.09999999999997,1.4793839843290917,0.8777447838449863,0.7410038867992877,1.2694751592725422
13.199999999999969,1.8012961169946684,0.9580512948543222,0.8741720348041656,1.2335927170228314
13.299999999999969,2.1251293013138324,1.115253604417078,1.020263829913136,1.2437535397996546
13.399999999999968,2.4491953711465264,1.3239017821782666,1.175399068329156,1.296641791520388
13.499999999999968,2.7726680050717785,1.5647479609107018,1.3371439685947386,1.385459091405436
13.599999999999968,3.095113974695914,1.8259269812685415,1.503900347431381,1.502207111911992
13.699999999999967,2.5021597879627206,1.8392844642052264,1.674556754359817,1.6395117721835784
13.799999999999967,1.9506156081625485,1.8713322176641316,1.8465629934512429,1.7903262097436865
13.899999999999967,1.45302642629027,1.9206939630292796,2.0191783964796417,1.9498119857249805
13.999999999999966,1.04408124453689,1.9861982427825173,2.1918292845185703,2.1144657199948367
14.099999999999966,0.8138128482308608,2.0667999131172508,2.3640360367161777,2.2817428415826213
14.199999999999966,0.8711950249595917,2.1615193240459267,2.060300179912537,2.292992083422349
14.299999999999965,1.1491738536677851,2.2693989345928705,1.7960307923230574,2.3114547571270516
14.399999999999965,1.515182233823509,2.3894735092368578,1.5788218247895043,2.336458361753329
14.499999999999964,1.7137071290415056,2.050498103934843,1.5045770829190668,2.13707319314033
14.599999999999964,1.9202030964464696,1.72099161570152,1.435167166207506,1.947639832042835
14.699999999999964,2.133733230648446,1.4065738298710984,1.3730664197613418,1.769693336956043
14.799999999999963,1.7469136216505057,1.2580354761100703,1.3209926593819712,1.6054110337712433
14.899999999999963,1.9796451710758234,1.0085919306666264,1.2820023303966293,1.4584583088141958
14.999999999999963,1.5772417464939672,0.8973958138501721,1.2582293951415944,1.3319819624186395
15.099999999999962,1.8132832574569324,0.6720652048744828,1.2516748007780507,1.23099268033335
15.199999999999962,1.3780299503417255,0.5444901581459383,1.263499382184506,1.159821664867893
15.299999999999962,1.6437409906498492,0.48825562267058925,1.2936418081108734,1.1225233129065242
15.399999999999961,1.1911819563024457,0.48486297076637497,1.3416499365921815,1.12058552959066
15.499999999999961,1.487618224702195,0.6286841085505157,1.4055226285013034,1.152392483311214
15.59999999999996,1.0178622793094918,0.7083890309223098,1.4838328728712182,1.2138776991110094
15.69999999999996,1.346081992500434,0.9024865675257876,1.5737838528576062,1.29903553787998
15.79999999999996,0.8594205513043233,0.99706023417262,1.6739439013587305,1.40251611708557
15.89999999999996,1.220069084202075,1.185097359742828,1.396754747634349,1.4134097107357935
15.99999999999996,0.7173248282825523,1.275078991764323,1.5096359947848823,1.5178999837897527
16.09999999999996,0.986389091539272,0.9960116087505454,1.2242193611673862,1.5252067178062336
16.19999999999996,0.5935902244285696,0.8090452917803997,1.3511328411177386,1.6232173539969736
16.29999999999996,0.903010693360062,0.5743009310559386,1.1772774505395098,1.4413222267641788
16.399999999999963,0.4880129620036378,0.4384800674186882,1.314335629837454,1.546730268669801
16.499999999999964,0.8343113756044398,0.33227227805520404,1.136060843667495,1.3675658391474732
16.599999999999966,0.3998520614230212,0.3589069014669272,1.2844840025615254,1.4816692615034937
16.699999999999967,0.7778717034208453,0.48147392634451774,1.1050168810570853,1.3062721580678114
16.79999999999997,0.3280192292478702,0.6057450105196077,1.265205043093231,1.4300348807226568
16.89999999999997,0.7311752006836898,0.7775375974459153,1.0879303969816305,1.2598918320729746
16.99999999999997,0.27115938571515485,0.9065299601013244,1.2592609355112134,1.3937315387913805
17.099999999999973,0.6127259882431854,0.7017819750886336,1.087424687537268,1.2306182667128653
17.199999999999974,0.22778675864522666,0.566598906883515,1.2682182932933583,1.3742133066187598
17.299999999999976,0.5864189308945112,0.4717322662460068,1.1045539011158023,1.2199486016520513
17.399999999999977,0.19410586033717012,0.4700617939478555,1.2924156654247931,1.3722581701403076
17.49999999999998,0.5628698329484647,0.5499981334301599,1.138685068915808,1.228301997665526
17.59999999999998,0.16786611661926812,0.6568499739756384,1.3308872512842576,1.3876606830305822
17.69999999999998,0.49544900171892364,0.5098422271854658,1.1877476124975859,1.2548418057396484
17.799999999999983,0.14752113993289762,0.4481930098682526,1.381628370497943,1.4192027702159296
17.899999999999984,0.4788728629455113,0.47659065397625705,1.2487151712792521,1.297571306897898
17.999999999999986,0.13744590477336666,0.42798579292058603,1.442005275870221,1.4648382706364813
18.099999999999987,0.4612061107828445,0.4632323906642522,1.3181175224004114,1.353648578576789
18.19999999999999,0.12545458808318866,0.4028809917561504,1.5090077476281083,1.5218832455733784
18.29999999999999,0.44541383060240364,0.4455684512171402,1.3924002723249755,1.4197475152469932
18.39999999999999,0.11175132490354203,0.374034295645241,1.5795237397335162,1.5872989849002563
18.499999999999993,0.43144631475787276,0.42506979777548715,1.4681487471646026,1.4923779806475104
18.599999999999994,0.0969721493909951,0.342531665758984,1.6504914204488201,1.657904406667822
18.699999999999996,0.41934244161816625,0.4030628522846341,1.5421785894345208,1.5680848829018648
18.799999999999997,0.0819315521278266,0.30935365921845187,1.7189813804879481,1.7305147986565208
18.9,0.409121220372915,0.38072199358649605,1.611559063000532,1.6435424781539945
19.0,0.06748028997181663,0.2753634935014278,1.782239900877069,1.802014762250794
19.1,0.40072310348772944,0.3590664817560688,1.6736156167551772,1.7155812659348904
19.200000000000003,0.05442954079438184,0.24131107517779,1.8377223470515984,1.869389899713916
19.300000000000004,0.39399597009179793,0.33895624738571084,1.7259412196848392,1.7811861985629058
19.400000000000006,0.04350695411044684,0.20784980266246394,1.8831369211217985,1.9297437212621986
19.500000000000007,0.38871457452576547,0.3210829691391113,1.7664311393883176,1.8374962618375152
19.60000000000001,0.03529612776520363,0.17556709257068367,1.916508997115192,1.980322246055528
19.70000000000001,0.38461837081906947,0.3059557036926608,1.7933441250694446,1.8818262025352153
19.80000000000001,0.03008701780755994,0.14503566799302017,1.9362662684414118,2.0185633886898278
19.900000000000013,0.3814525058493588,0.2938844754439004,1.8053834526541523,1.9117237849289446
20.000000000000014,0.027669987532957054,0.1169046959788016,1.9413357345531927,2.0421826739009816
20.100000000000016,0.37900027470651115,0.28496957346752055,1.8017842603420262,1.9250695855947177
20.200000000000017,0.02739290130842449,0.09207347610355085,1.9312370615937868,2.049300525552314
20.30000000000002,0.3771007212121877,0.27910606631924895,1.7823909399701932,1.9202194416195322
20.40000000000002,0.028600663500581585,0.07200790532903387,1.9061558401412895,2.038608499056677
20.50000000000002,0.37565033273802906,0.2760096387897479,1.7477120761277112,1.8961815864332707
20.600000000000023,0.030954869639114972,0.059043713439581036,1.8669863457314881,2.009562494610072
20.700000000000024,0.3745916838781286,0.2752619743730957,1.6989503191533306,1.8528123460954398
20.800000000000026,0.03435833576838191,0.05542586052585818,1.8153447213531384,1.9625820528119196
20.900000000000027,0.37389411213412,0.27636622216418166,1.6380168235418149,1.7910090525008955
21.00000000000003,0.03872340195616617,0.06033177234039864,1.753564351269237,1.8992296086914768
21.10000000000003,0.3735322474386586,0.2788004644108496,1.5675482049341902,1.7128801531963562
21.20000000000003,0.043828364100855915,0.07000365081436252,1.6846885495567907,1.8223446791282314
21.300000000000033,0.37346775479138866,0.2820602934425636,1.4909422808509696,1.6218810994575368
21.400000000000034,0.049309162847447505,0.08114018847957744,1.612466480894321,1.7361133206568657
21.500000000000036,0.37363825257017547,0.28568738288080353,1.4124124681107177,1.5229135797897264
21.600000000000037,0.0547200923577208,0.09188959086715927,1.5413347478050659,1.646052720202282
21.70000000000004,0.37395535565756816,0.2892856592617464,1.3370248992462161,1.422376469337059
21.80000000000004,0.059600234706163144,0.10130832833383357,1.4763312315703512,1.5588682715055198
21.90000000000004,0.37431159627443317,0.29252883054473433,1.2557366248178192,1.358093579902212
22.000000000000043,0.06352280557676537,0.10890058694087557,1.4037448659166358,1.5606091066130499
22.100000000000044,0.3745940833512999,0.29516304655152215,1.1925423804996722,1.3936428960902787
22.200000000000045,0.06612798219480986,0.11439635805323879,1.369429874261743,1.593003194860036
22.300000000000047,0.3747015525660942,0.2970074377201439,1.1876881281523703,1.432066533263214
22.40000000000005,0.06714483606821393,0.11765512313842955,1.3928203945051612,1.6283900169419976
22.50000000000005,0.37456107482580786,0.29795404176392243,1.2419023629045025,1.4732151044077726
22.60000000000005,0.06640677348308878,0.11862584436192478,1.460927598473864,1.665551664993578
22.700000000000053,0.3741410307599195,0.29796757703010185,1.3360523717054533,1.5155846606904064
22.800000000000054,0.06386352517532741,0.11733292037539657,1.5569282594985006,1.7029894040741054
22.900000000000055,0.37345779306773835,0.2970847432741661,1.4502424384088375,1.557442504648209
23.000000000000057,0.05959283478337947,0.11387562055228918,1.664999677993966,1.7390247452506362
23.10000000000006,0.37257466401725575,0.2954121817655328,1.568394478820358,1.596943786435734
23.20000000000006,0.053817301109040004,0.10843653048487453,1.772400492788927,1.7719126174598276
23.30000000000006,0.37159284984585744,0.2931218516812751,1.6788502558662515,1.6322475083828303
23.400000000000063,0.04693811013596393,0.10129898727460916,1.8696083869614157,1.7999527582035937
23.500000000000064,0.3706355420059954,0.2904423758326978,1.773514694724113,1.6616214448181443
23.600000000000065,0.039610843667146796,0.09287705215319525,1.9498222037386643,1.8215898483725215
23.700000000000067,0.36982743270634516,0.28764495861517025,1.846975427579509,1.683531393128265
23.800000000000068,0.03290077403568101,0.08376469774141332,2.008488289461862,1.8354983469193693
23.90000000000007,0.3692730456723993,0.28502295098273295,1.8959461362042964,1.6967151384316685
24.00000000000007,0.028442765490751983,0.07480893889359619,2.0430070822692463,1.840652403935384
24.100000000000072,0.36903783363714027,0.28286522174545764,1.9189719095785944,1.7002440575488615
24.200000000000074,0.027924664688145646,0.06718305543267947,2.0525654796178228,1.8363830737582787
24.300000000000075,0.3691357885876262,0.2814252422594378,1.9162523377296095,1.6935748695864379
24.400000000000077,0.03140532783404109,0.06233152781690008,2.0379903273953075,1.8224241499019715
24.500000000000078,0.36952619800361935,0.2808898842579554,1.8894632614304687,1.676591725690868
24.60000000000008,0.03716889440504214,0.061525092871272655,2.001543963386404,1.798945928965004
24.70000000000008,0.3701203426060673,0.2813535621352976,1.8415194415879523,1.6496369447998582
24.800000000000082,0.04345066874659668,0.06508627993667249,1.9466415922793716,1.766575361775293
24.900000000000084,0.3707968570292113,0.28280348680787365,1.7762855127636668,1.613529120628398
25.000000000000085,0.04909923927220827,0.07214602667830816,1.8775258917644768,1.726402316341755
25.100000000000087,0.3714227574093869,0.2851198572524062,1.6982840761274463,1.5695698047353244
25.200000000000088,0.0534218587969037,0.08127822153010769,1.798957746941304,1.6799738014640104
25.30000000000009,0.37187620447603803,0.28809130132086197,1.6124537083993309,1.5195422152145814
25.40000000000009,0.05600770990778605,0.09115442144287499,1.7159671434554853,1.6292785680120534
25.500000000000092,0.3720670178826436,0.2914422612821852,1.5239821951802475,1.465704659213607
25.600000000000094,0.056641538321013186,0.10075753319866795,1.633670268993969,1.576721645415134
25.700000000000095,0.3719516062934506,0.2948668024232004,1.4381978359150662,1.410775737333208
25.800000000000097,0.055268826843494996,0.109355251163389,1.5571185303525226,1.5250816604416475
25.900000000000098,0.3715400378094583,0.29806308254600655,1.3604580500170074,1.3578974456419983
26.0000000000001,0.05198610979764295,0.11643226993336518,1.4911181581380106,1.477434516036123
26.1000000000001,0.3708942091704215,0.3007639636474843,1.2959419823232465,1.3105476279049824
26.200000000000102,0.047049193939322706,0.12164053411130055,1.4399588532445464,1.437018913722421
26.300000000000104,0.37011735744395313,0.3027610096567035,1.2492574289745988,1.2723611666638799
26.400000000000105,0.04090815631485396,0.12477013707486181,1.4070318510220758,1.4070196714213898
26.500000000000107,0.36933644519619635,0.30392062668057757,1.223853669017671,1.2468242391455424
26.600000000000108,0.034299813615751365,0.12573317201718454,1.3944040915288165,1.3902637739534587
26.70000000000011,0.3686801666185922,0.3041920607248069,1.221399049212554,1.2368469307218435
26.80000000000011,0.028443663486335504,0.12455412836580747,1.4025029686316253,1.3888659256373235
26.900000000000112,0.36825628924270193,0.3036074396414029,1.2414235398244744,1.2442984278287583
27.000000000000114,0.02518812482243927,0.12136288073926682,1.4300708431908349,1.4039094819870785
27.100000000000115,0.3681324762914643,0.3022742643857417,1.2814550580168145,1.2696606328707538
27.200000000000117,0.026111614124749393,0.11638806056141313,1.4744308293301767,1.4352670019713356
27.300000000000118,0.36832434283339893,0.3003609680118772,1.337590792477617,1.3119431289517374
27.40000000000012,0.06027745595412653,0.15233201682147296,1.5319488141798365,1.4816220381514695
27.50000000000012,0.37918954319558257,0.3250492691645837,1.4052082349401902,1.3688831308088871
27.600000000000122,0.13172490425019628,0.20457237375062085,1.5985059324146578,1.540666651383341
27.700000000000124,0.40307980704328034,0.35727754913323406,1.4795415891121781,1.4373223230667396
27.800000000000125,0.19910251358580427,0.2577999486095762,1.669868126937935,1.6093932586402926
27.900000000000126,0.4327033740205751,0.3936945684308912,1.5560076560093894,1.513588730152134
28.000000000000128,0.2547331224788088,0.30924451417186755,1.741898998329834,1.6843701905333885
28.10000000000013,0.45999770111051924,0.43139056389366426,1.6303478718072053,1.5937933377599427
28.20000000000013,0.2937396498959579,0.35719187377901607,1.8106661287163883,1.761950577554337
28.300000000000132,0.47831578473143893,0.4679994805996678,1.698662728138032,1.6740032417828234
28.400000000000134,0.3125043926386444,0.4003388062773848,1.8724975136580115,1.8384028807637136
28.500000000000135,0.48335262652414407,0.5016228850881945,1.7574256728628879,1.750322653934187
28.600000000000136,0.3182769995347541,0.43759196224384284,1.9240421358880861,1.9099857361127475
28.700000000000138,0.48570088163598696,0.5308589655541682,1.8035114913796908,1.8189180000947742
28.80000000000014,0.3099742161924814,0.4681216525494497,1.9624041160268875,1.973021985017626
28.90000000000014,0.4726865173935667,0.5544948217193435,1.8343687427010602,1.8761005322238742
29.000000000000142,0.2780697412960929,0.491171558722518,1.9852021762704308,2.0239185993126516
29.100000000000144,0.44662967316382496,0.5715272429028495,1.8480786821347777,1.9183488614581612
29.200000000000145,0.22430274426496866,0.5060199605667567,1.990835777505038,2.059331436529662
29.300000000000146,0.4136282534586477,0.5811751660389252,1.8435598829275686,1.9424729553551612
29.400000000000148,0.1525108019294409,0.5120842633992772,1.9786450279917187,2.076343691099441
29.50000000000015,0.3835963652720256,0.582889358962667,1.8207074047425402,1.9458386031671318
29.60000000000015,0.06998685329895833,0.5089473894727333,1.94903511220675,2.072737020989997
29.700000000000152,0.36834234004661837,0.5763762353441593,1.7804626821908658,1.9266691358519772
29.800000000000153,0.041567057329188035,0.4963860658758038,1.903509548749933,2.047329740002335
29.900000000000155,0.3757626626353187,0.5616323640884421,1.7248048785703731,1.8843983611812518
30.000000000000156,0.1254322477234964,0.4743979409255276,1.8446170459313882,2.000343452428118
30.100000000000158,0.403672388318527,0.5389889393467663,1.6566938649553453,1.8200273961042346
30.20000000000016,0.2081351776791373,0.4432256370516118,1.7758535586216029,1.9337367301999298
30.30000000000016,0.4411824470051378,0.5091694821043548,1.5534328533471817,1.7762291020947936
30.400000000000162,0.27561123456532666,0.40337825972948976,1.6579920703647528,1.9093695386271528
30.500000000000163,0.47539820118910237,0.47336999514339534,1.4316021645583918,1.7392020887479946
30.600000000000165,0.3203572014531336,0.3556562287169705,1.5554642022570977,1.8684658217875232
30.700000000000166,0.4959850279017118,0.4333783676019666,1.3319417485730989,1.6856577915784248
30.800000000000168,0.3369140827757654,0.3011990321754793,1.4805597651060824,1.8132074488559689
30.90000000000017,0.5012831892278049,0.3917536476016341,1.2684060769497154,1.690085194681481
31.00000000000017,0.3354863718880522,0.24161324986906282,1.4439461377112217,1.8768915103833004
31.100000000000172,0.4894663511048945,0.35224145782708044,1.2518193084580385,1.7521171622215603
31.200000000000173,0.3018538704971197,0.17956701690691868,1.4545328920788523,1.9193482147820795
31.300000000000175,0.45822906841090516,0.3194141440901419,1.3000866592583291,1.76824659277503
31.400000000000176,0.2380074877811212,0.12037513417092109,1.5249423368544068,1.9315043435205792
31.500000000000178,0.416371967975276,0.29859544818422434,1.4019412960381168,1.7806937456573662
31.60000000000018,0.149537252202319,0.08103464256328446,1.6318036132782947,1.939325134916625
31.70000000000018,0.37986115609731563,0.2941289482939578,1.5286969707490408,1.7887376893777187
31.800000000000182,0.04911405668775445,0.0952158258813983,1.7520464892011747,1.9422178687549951
31.900000000000183,0.36793271458749116,0.3069420906085721,1.657376990042081,1.7917645723421984
32.000000000000185,0.07881074738342632,0.1471490714452223,1.8676035244322549,1.939708294574568
32.100000000000186,0.3897929875045842,0.33385831809210464,1.7719992940901554,1.7892361979593816
32.20000000000019,0.18452859550593603,0.20755391919359867,1.9656400695980236,1.9313990947543858
32.30000000000019,0.43473920698125645,0.3695651830083539,1.8621679676809326,1.7806557869702906
32.40000000000019,0.2754517111022599,0.2669877478406082,2.037711865272873,1.9169400732429918
32.50000000000019,0.48169697468203027,0.40884516848098923,1.921731961348287,1.7655639060722454
32.60000000000019,0.33801661560486734,0.3218229170367134,2.079070754153115,1.8960402106705208
32.700000000000195,0.5119931095237278,0.4475053304282901,1.9480206438218708,1.7435863451148412
32.800000000000196,0.36247423190029404,0.36994376850247845,2.0882676759159864,1.8685345115108754
32.9000000000002,0.519734358767739,0.4824143609837101,1.9414110468561467,1.7145346673967734
33.0000000000002,0.3589972289400227,0.4097482193699482,2.0668531900339033,1.8345145072833149
33.1000000000002,0.5013930977277086,0.5112515131812496,1.9048686676765287,1.6785139248888734
33.2000000000002,0.31006099273714516,0.43996499933476013,2.018813020349806,1.7943898762376498
33.3000000000002,0.45588760528798056,0.5322452278294028,1.8434922635073514,1.636120984200313
33.400000000000205,0.21970556174267739,0.45978839341413985,1.9500022721596788,1.7490627812313626
33.500000000000206,0.40095071764590917,0.544361275710038,1.7637669986932658,1.5884875503718172
33.60000000000021,0.09906096539872604,0.46875113211396824,1.8673768910174149,1.6999741842437326
33.70000000000021,0.36799961233355666,0.5470830469289221,1.672966676725038,1.537354000241506
33.80000000000021,0.05167946344843193,0.4667186717846047,1.7783581848214116,1.6491245013425142
33.90000000000021,0.384630164910345,0.5403669044105119,1.5786885017765582,1.4850801664157507
34.00000000000021,0.18452624345539811,0.45387537923899085,1.6903682703755274,1.5990457174659267
34.100000000000215,0.44201307710480703,0.5246122201414006,1.4885379648464125,1.4346063825784074
34.200000000000216,0.3004986389102567,0.4307000571314838,1.6104854223615366,1.5527193947143838
34.30000000000022,0.5041482374547177,0.5006452934527326,1.4098446205216981,1.3893487022596176
34.40000000000022,0.37540875805224233,0.3979356180931828,1.5450950183949994,1.5134249979504433
34.50000000000022,0.5385883821447748,0.46972718712283695,1.3492347822365394,1.35299693498222
34.60000000000022,0.3926446213351835,0.3565649999771939,1.5061089995057233,1.4712744553220842
34.70000000000022,0.5504849220660074,0.43360581217129185,1.3227364128192896,1.3232341275930115
34.800000000000225,0.40695876886324284,0.30765915790487475,1.4859931838906053,1.4573601356484434
34.900000000000226,0.5349574519764011,0.39461067269752687,1.3068197080820834,1.3238471871628006
35.00000000000023,0.34990497136778465,0.25256303678843395,1.4767517473350633,1.967782810805536
35.10000000000023,0.47169166547106284,0.35580740292365826,1.303311468852743,1.8555296643988912
35.20000000000023,0.22686968275281727,0.1936605052272987,1.4794910859961052,2.515976026526279
35.30000000000023,0.3937256661862669,0.3216696932696039,1.3129454191027898,2.4168023053128223
35.40000000000023,0.0594650541998402,0.13568422620625217,1.4943744254342928,3.0842553189689643
35.500000000000234,0.3673812004614414,0.29777673193586746,1.3353121126602483,2.9928234489307606
35.600000000000236,0.13656958486525209,0.09230391096992392,1.5206004851871957,3.6644596811031174
35.70000000000024,0.4298498391066304,0.28956144225748787,1.3689149612647227,3.5766424295912507
35.80000000000024,0.30720511437790243,0.09523075811928014,1.5564924339305848,4.249020330044731
35.90000000000024,0.5247850636295818,0.2996772097301962,1.4113645600108273,4.160558397364102
36.00000000000024,0.4213993986753608,0.1428289008680194,1.5996650755266006,4.339957861124861
36.10000000000024,0.5794405564192576,0.3262737178269173,1.4596388772188178,4.241957146167078
36.200000000000244,0.4479793274009322,0.20478664199321112,1.647221763929232,4.422419408453395
36.300000000000246,0.5618968309836758,0.3647114208231556,1.5102814371147808,4.3105897884342825
36.40000000000025,0.3677357038041623,0.26903972902142487,1.6960282362047383,4.489850510498407
36.50000000000025,0.46670565252319396,0.409525390172484,1.5598293160389354,4.359693565688071
36.60000000000025,0.18611851073025285,0.3312799867811029,1.742625744995809,4.534645036568591
36.70000000000025,0.37040387423389404,0.4560986431741282,1.6047043583812532,4.38232229020765
36.80000000000025,0.05932251855266882,0.38879436160651143,1.7836039289019638,4.54930646158599
36.900000000000254,0.8890549589165023,0.4060215605098099,1.0449955303207517,0.37127585959206105
37.000000000000256,1.2733480791976521,0.5366890354077749,1.1935540245293261,0.5921780432044074
37.10000000000026,1.6649782160075366,0.7125592020346121,1.3431165947596686,0.8081426175459584
37.20000000000026,2.059763554617713,0.8923483617010903,1.4930427089726899,1.024970415302123
37.30000000000026,2.456182026281227,1.0741197360198393,1.38829110645734,1.2422932765056391
37.40000000000026,2.8535518710741963,1.2570211984564537,1.29119490111039,1.4599655454131693
37.50000000000026,3.2515230043386607,1.4406129504708596,1.2033934974031204,1.6779233720700057
37.600000000000264,3.649897351221616,1.624637659910159,1.1267922612533932,1.8961414045587435
37.700000000000266,4.0485543909854576,1.8089278015315327,1.0634881705745456,2.114617456189511
37.80000000000027,4.447416495770258,1.9933633273804037,1.0155891521108054,2.3333676194675284
37.90000000000027,4.846431296708527,2.1778502573145913,0.9849129623575587,2.5524266968072697
38.00000000000027,5.245562059265946,2.36230881011161,0.9726175677079224,2.7718528612600903
38.10000000000027,5.153067776747127,2.546666170119268,0.9788974659222458,2.9917376544548078
38.20000000000027,4.846160455432897,2.7307218262055226,0.6164340727533804,3.114267330947837
38.300000000000274,4.562657478551701,2.9134831139919317,0.6733271197364499,3.2350330339627495
38.400000000000276,4.304209505051438,3.094136107872812,1.0980178711561897,3.0269825300485973
38.50000000000028,4.084795416116476,3.272892075145226,1.2371634465784958,2.9455948773116694
38.60000000000028,0.2802978328790056,0.4830200638210088,0.4511356026261597,0.5564567378962908
38.70000000000028,0.38704782009710226,0.4830924770355066,0.5357033282422924,0.7724942776660869
38.80000000000028,0.48175660910910884,0.4829714005853103,0.5266254648266522,0.8668820780530363
38.90000000000028,0.5547684262153387,0.48269569690648934,0.514034506797072,0.9067032858766864
39.000000000000284,0.6069730886864044,0.48230553196342224,0.4991214904432381,0.9242985956226526
39.100000000000286,0.6428414595126777,0.4818349295646696,0.48430180748433155,0.9326233055254048
39.20000000000029,0.6669697720947617,0.48130942753495704,0.4718316330043939,0.9368191564912978
39.30000000000029,0.6829840079512371,0.48074711243777896,0.46271904991877344,0.9390372590047568
39.40000000000029,0.6934661861182544,0.48016055093051485,0.4567771838028715,0.9402451645169574
39.50000000000029,0.7001790417993256,0.47955849282914814,0.45325455548667,0.9409099841537912
39.60000000000029,0.704309732552835,0.4789471033863918,0.5289062107570973,0.9412709378014694
39.700000000000294,0.7066580838562078,0.4783307930880702,0.5175794274563154,0.9414561917545868
39.800000000000296,0.7306009280656311,0.47771276551696046,0.5032434535483792,0.9383910878525895
39.9000000000003,0.7462939379832274,0.47709172058400584,0.4879451751192213,0.9365881864066541
40.0000000000003,0.7566275990514575,0.4764732414817156,0.47428542796212886,0.9355436647305628
40.1000000000003,0.7634799051708547,0.4758605392447217,0.46391818160421533,0.9349292915517008
40.2000000000003,0.768051889713282,0.4752554748155082,0.457072622330419,0.45024362250146627
40.3000000000003,0.7711130647998866,0.47465915452986096,0.5190347614944589,0.4526049401441093
40.400000000000304,0.7731617397966564,0.4740722605800992,0.5052161495447092,0.4613891620469942
40.500000000000306,0.7745252107290863,0.47349523126261167,0.48979852820774533,0.7186870623955063
40.60000000000031,0.7754216321775692,0.4729283593950203,0.4754735297884627,0.8450419359875898
40.70000000000031,1.0893384407044826,0.45768374654853433,0.512363379933841,0.9279080253959072
40.80000000000031,1.0811959127554345,0.46776916712136535,0.5211750169208659,0.9425318876764799
40.90000000000031,1.0805379252475844,0.4775141379848787,0.5267624208794602,0.9468012547040103
41.00000000000031,1.081118236058224,0.4855785024329365,0.5303364847097767,0.94809298060623
41.100000000000314,1.0823278325228853,0.4918223061242338,0.5326718812576172,0.9484130975457122
41.200000000000315,1.0837719739071818,0.49653011454993046,0.5342383961855994,0.9483957070494246
41.30000000000032,1.085271212424602,0.500058006608357,0.5353196637237805,0.9482671051981398
41.40000000000032,0.6630801057061341,0.5027160942196225,0.5360893362149866,0.9481136184411252
41.50000000000032,0.6883016087687108,0.5043807718128498,0.5365578030899752,0.9479954427844097
41.60000000000032,0.6963457571735941,0.5055911480019015,0.5369152730396356,0.9479091552522249
41.70000000000032,0.6988634506044381,0.5064610389530091,0.5371881309126315,0.9478485149065442
41.800000000000324,0.6996469761133121,0.5070877012255142,0.5374015029514969,0.45008303293937807
41.900000000000325,0.6998903908834755,0.5075434636236491,0.5375743189659644,0.4501823121974827
42.00000000000033,0.6999659716765687,0.5078797503510133,0.5377198101137272,0.45094566534677255
42.10000000000033,0.6999894360982264,0.508132606372436,0.5378469979485332,0.45190865342089914
42.20000000000033,0.6999967204813573,0.5083272171987682,0.5379619965700706,0.4528357837617718
42.30000000000033,0.6999989818739223,0.508481195753831,0.5380689547793985,0.453625864759552
42.40000000000033,0.6999996839178843,0.5086068862249942,0.5381706988550844,0.45424911300384424
42.500000000000334,0.6999982089952798,0.5087310872711369,0.5382695259179839,0.4547103061033823
42.600000000000335,0.6999952887432371,0.5087948718697313,0.5383654813293764,0.45502818949190144
42.70000000000034,0.6999940358634166,0.5088195587601472,0.5384593133667711,0.4552266105490475
42.80000000000034,0.6999941450775433,0.5088188705616579,0.5385517271721474,0.4553287307367855
42.90000000000034,0.6999949691254491,0.5088017464609577,0.538643322813801,0.4553550175135851
43.00000000000034,0.69999605923244,0.5087740708869682,0.5387345833982802,0.4553226616144074
43.10000000000034,0.6999971627680329,0.5087397535371221,0.538825884520118,0.4552456649723914
43.200000000000344,0.6999981487321741,0.5087014142253675,0.5389175112468114,0.45513520744966424
43.300000000000345,0.6999989514582501,0.5086608228798812,0.5390096761505743,0.4550000959089687
43.40000000000035,0.6999995379518665,0.5086191854712544,0.5391025355880191,0.45484720275856305
43.50000000000035,0.6999998907666277,0.5085773316413865,0.5391962032737789,0.4546818549826471
43.60000000000035,0.6999999994958009,0.5085358388465546,0.5392907610743733,0.454508161826994
43.70000000000035,0.6999998566962088,0.5084951150647643,0.5393862673258798,0.45432928225086244
43.80000000000035,0.699999455995613,0.5084554542159827,0.5394827631011314,0.45414763876102276
43.900000000000354,0.6999987912420131,0.5084170734775565,0.5395802768525805,0.4539650859715939
44.000000000000355,0.6999978561352408,0.5083801385125781,0.5396788278060103,0.45378304214387133
44.10000000000036,0.6999966440738296,0.5083447805878083,0.5397784284137287,0.45360259108614376
44.20000000000036,0.7,0.5451801166128455,0.5497219176398928,0.2488902699101597
44.30000000000036,0.7,0.5457757399941656,0.4512750665088509,0.9360923761780728
44.40000000000036,0.7,0.5461566434909729,0.5490059168242382,0.7336904931060546
44.50000000000036,0.7,0.5464044832186641,0.45300298267744493,0.9267509464033409
44.600000000000364,0.7,0.5465680245310426,0.5477893320099988,0.8598211101271327
44.700000000000365,0.7,0.5466772315436395,0.45545597595376425,0.9055652406099236
44.80000000000037,0.7000000000000001,0.5467509600195487,0.5460547488979521,0.4794932655857994
44.90000000000037,0.7,0.5468012999650366,0.45852171305721856,0.4639609577949166
45.00000000000037,0.7000000000000001,0.5468361132132037,0.5438330259273293,0.4853648914677365
45.10000000000037,0.7,0.546860564721771,0.4620138057763455,0.4584577485551886
45.20000000000037,0.7,0.5468780724629058,0.5412025313251406,0.4955004326002002
45.300000000000374,0.7000000000000001,0.5468909098623264,0.4657103561966087,0.45178395962403034
45.400000000000375,0.7,0.5469005944122294,0.5382762089059298,0.5116271165448382
45.50000000000038,0.7000000000000001,0.5469081415046668,0.4693981670969869,0.4517900906563969
45.60000000000038,0.7,0.5469142317225707,0.5351811486547264,0.5317704377258201
45.70000000000038,0.7,0.5469193217915345,0.472905796129898,0.47055258167972186
45.80000000000038,0.7000000000000001,0.5469237184884899,0.5320382185399711,0.5464579603111106
45.90000000000038,0.7,0.5469276280229647,0.47611777662671323,0.49691567951985216
46.000000000000384,0.7000000000000001,0.5469311890984291,0.5289477333534931,0.5499587302623692
46.100000000000385,0.7,0.5469344950781965,0.47897245862014703,0.5149627184412108
46.20000000000039,0.7000000000000001,0.5469376088605841,0.5259831475894542,0.547300932148145
46.30000000000039,0.7,0.5469405728677917,0.48145073978805486,0.5244908189021195
46.40000000000039,0.7,0.5469434157564926,0.5231913842839223,0.5434708517724541
46.50000000000039,0.7000000000000001,0.5469461569273834,0.4835624498414632,0.5291444795915904
46.60000000000039,0.7,0.5469488095562324,0.5205970411128255,0.5401910587848937
46.700000000000394,0.5497132539842768,0.5469513826314559,0.4853343921495554,0.5312838553759058
46.800000000000395,0.734553265902592,0.5468500025189463,0.5180995853827614,0.5377120547591427
46.9000000000004,0.8153145440632453,0.5466874646056992,0.48646581822798646,0.5321597672567544
47.0000000000004,0.8507355533500637,0.5464936214125513,0.5154690437074892,0.5358177415985222
47.1000000000004,0.8671259583248563,0.5462847522668911,0.48711331256052653,0.532306155622264
47.2000000000004,0.5898113623018012,0.546067600138587,0.5129609250353849,0.5343436854452331
47.3000000000004,0.7763118027057303,0.5459681882227319,0.4876035035782702,0.53202545363005
47.400000000000404,0.630977178765195,0.545797658463866,0.5107734805926843,0.5330188177315835
47.500000000000405,0.7409950713184739,0.5457208594962665,0.4879254161010321,0.5313765785249955
47.600000000000406,0.8234443359197198,0.5455641210698875,0.5087754999313929,0.5317579954610937
47.70000000000041,0.8588644607379713,0.5453623428931546,0.4879576049229578,0.5305326386121891
47.80000000000041,0.6018037191861935,0.545138215206613,0.5067294296900304,0.530555653200753
47.90000000000041,0.7785772507061747,0.5450409923545109,0.48790242004118084,0.5295987630184898
48.00000000000041,0.6349481408484128,0.5448637131143921,0.504972320990125,0.5394427983117889
48.10000000000041,0.7503495646895737,0.5447885036127884,0.4877815188029823,0.5444855380695373
48.200000000000415,0.8330661819637577,0.5446234916223508,0.5033643900659301,0.5469669750471919
48.300000000000416,0.8678865573988357,0.5444086668616621,0.4874309809741367,0.5481945746864636
48.40000000000042,0.429554317643496,1.051726307932292,1.2043272427921734,0.48798832539486303
48.50000000000042,0.6080206455855072,0.9484708150915179,1.328787400486284,0.49111982681777905
48.60000000000042,0.722046223384206,0.453502149448855,1.3610116916380302,0.4931769640253857
48.70000000000042,0.7875503311977383,0.45092554817209374,1.3775779437587272,0.4944153469835146
48.80000000000042,0.7360188794375766,0.4501004191216729,0.9275283236907509,0.49507470240160273
48.900000000000425,0.7951552359274218,0.4500081267880363,0.46106373733387424,0.49554036379069766
49.000000000000426,0.8010788883627065,0.4501534976458993,0.4541331511510485,0.49568821023926174
49.10000000000043,0.8251754546556361,0.4503596390717956,0.4511632863885043,0.49569295581015055
49.20000000000043,0.8391233505611937,0.45052927053843483,0.4501741815197196,0.4955655144638067
49.30000000000043,0.8551799599611238,0.4506242215263057,0.45000029240947736,0.49536224059026585
49.40000000000043,0.6266243299153953,0.45078224831803115,0.4501168332772315,0.4951022262652378
49.50000000000043,0.5477117495564908,0.4509594799077881,0.4503296683309787,0.4950971327970327
49.600000000000435,0.6148849748635054,0.451045922252555,0.45049521441752177,0.49485437191382653
49.700000000000436,0.673536137221433,0.4511453712050567,0.4505995411205724,0.4947585797372054
49.80000000000044,0.6922597304664173,0.45128664647217026,0.45067102131425973,0.4948233186478332
49.90000000000044,0.6978703391355756,0.45144195968626327,0.4507157372963958,0.49494441610877205
50.00000000000044,0.6994752759635375,0.451586701553133,0.4507329846863048,0.49508232766028537
50.10000000000044,0.6998998392632889,0.45170756574436666,0.45072456030386526,0.4952238679199411
50.20000000000044,0.6999918917045825,0.4517999073478549,0.4506947665659842,0.4953648655923833
50.300000000000445,0.6999987366338204,0.45186425474108416,0.45064888963693894,0.4955041220424304
50.400000000000446,0.6999889994750442,0.45190370060149343,0.4505920708736,0.4956414087486661
50.50000000000045,0.6999796415459228,0.45192226364742855,0.45052875451742186,0.4957768005701027
50.60000000000045,0.6999735373204025,0.4519239806555768,0.4504625279854767,0.4959104503462954
50.70000000000045,0.6999702395228238,0.4519124716900064,0.4503961673837137,0.49604251309016445
50.80000000000045,0.6999688516422109,0.451890782425527,0.45033176555080273,0.49617312259871177
50.90000000000045,0.7,0.5024937810560445,0.5024937810560445,0.5024937810560445
51.000000000000455,0.7,0.5061711433896836,0.5060971696066613,0.5060725197126331
51.100000000000456,0.7,0.5087924672548585,0.5086460274589525,0.5085972443154444
51.20000000000046,0.7,0.5106692072175365,0.5104511779180433,0.5103785783727204
51.30000000000046,0.7,0.5120235072752211,0.5117342651935443,0.5116380060574816
51.40000000000046,0.7,0.5130113936514611,0.5126509701291146,0.512531096872125
51.50000000000046,0.7,0.513741994001013,0.5133101996295779,0.5131666860743446
51.60000000000046,0.7,0.5142916599146481,0.5137881738089815,0.5136209506629897
51.700000000000465,0.7,0.5147139137767487,0.5141383438830321,0.5139473180355063
51.800000000000466,0.7,0.5150463577328275,0.5143982799983725,0.5141833470565307
51.90000000000047,0.7,0.5153154615331295,0.5145944444323763,0.5143554965703957
52.00000000000047,0.7,0.51553988796863,0.5147455071757074,0.5144824378296616
52.10000000000047,0.7,0.5157328110579147,0.5148646576286422,0.5145773641138076
52.20000000000047,0.7,0.5159035380388372,0.5149612224081902,0.5146496071962579
52.30000000000047,0.7,0.5160586478520014,0.5150418012080117,0.5147057723630585
52.400000000000475,0.7,0.5162027922678709,0.5151110663479419,0.5147505374553146
52.500000000000476,0.7,0.5163392607024957,0.5151723267046229,0.5147872165140217
52.60000000000048,0.7,0.516470378984163,0.5152279260435565,0.5148181579704331
52.70000000000048,0.7,0.5165977911657061,0.515279524682163,0.5148450262588982
52.80000000000048,0.7,0.5167226588185042,0.5153282988078992,0.5148690011405196
52.90000000000048,0.7,0.5168458020327424,0.5153750816009645,0.5148909188632069
53.00000000000048,0.7,0.516967799201669,0.515420463189986,0.5149113721707381
53.100000000000485,0.7,0.5170890576478029,0.5154648614670913,0.5149307811771231
53.200000000000486,0.7,0.5172098636139356,0.515508572265898,0.5149494436035897
53.30000000000049,0.7,0.5173304176475015,0.5155518049199596,0.5149675703921474
53.40000000000049,0.7,0.5174508596446173,0.5155947074624111,0.5149853109546594
53.50000000000049,0.7,0.5175712865738644,0.5156373844848529,0.5150027710747676
53.60000000000049,0.7,0.5176917650180249,0.5156799097938108,0.5150200256010118
53.70000000000049,0.7,0.517812340047723,0.5157223353800907,0.5150371274468715
53.800000000000495,0.7,0.5179330414989088,0.5157646977749537,0.5150541139722682
53.900000000000496,0.7,0.518053888413115,0.5158070225542681,0.5150710115083755
54.0000000000005,0.7,0.5181748921777541,0.5158493275301178,0.5150878385659113
54.1000000000005,0.7,0.5182960587467635,0.5158916250122381,0.5151046081099309
54.2000000000005,0.7,0.5184173902107548,0.5159339234102844,0.5151213291727101
54.3000000000005,0.7,0.5185388859071381,0.5159762283690079,0.5151380079972998
54.4000000000005,0.7,0.5186605432049793,0.5160185435724568,0.5151546488482991
54.500000000000504,0.7,0.5187823580599232,0.5160608713136723,0.515171254586682
54.600000000000506,1.1601237545559104,0.5465622257871113,0.5497424970697411,0.5492568591761186
54.70000000000051,1.1759844484928157,0.5470630023999011,0.45133808388996305,0.5494357025865911
54.80000000000051,1.1795638388538978,0.5474105720922261,0.5490537629676102,0.549557869793229
54.90000000000051,1.1808956813890525,0.5476560581165334,0.4531704464769579,0.549646654898782
55.00000000000051,1.1816808190939527,0.5478346985427432,0.5478847925040923,0.5497147170122141
55.10000000000051,1.1822860534722763,0.5479693798035375,0.4557941036370356,0.5497691175091347
55.200000000000514,1.1828124610229855,0.5480747991996276,0.5462054953740766,0.5498139489168372
55.300000000000516,1.1832933865354398,0.5481604236379117,0.45908637861311213,0.5498516527154941
55.40000000000052,0.6948350226855735,0.5482323960274398,0.5440398095891896,0.5498837145881157
55.50000000000052,0.6983907007151807,0.5482482969477034,0.4628438133255763,0.5498996927638073
55.60000000000052,0.6994995113386485,0.5482541367966085,0.5414512776897569,0.5499160453878136
55.70000000000052,0.699844436656339,0.5482546480355656,0.46677567809590675,0.5499316300834852
55.80000000000052,0.6999516550240683,0.5482524452090571,0.5385335918330745,0.5499459372598906
55.900000000000524,0.6999849761589878,0.5482489155644648,0.4706576461915654,0.5499587277621056
56.000000000000526,0.6999953311154365,0.5482447737134986,0.5354379474007563,0.5499698819710841
56.10000000000053,0.6999985490476778,0.5482403758593755,0.47432054577480437,0.5499793345488988
56.20000000000053,0.6999995490766776,0.548235891526514,0.5322969136371577,0.549987045087652
56.30000000000053,0.6999998598599126,0.5482313954931946,0.4776511970838336,0.5499929845955516
56.40000000000053,0.6999999564455607,0.5482269161227245,0.5292160472640867,0.5499971292614728
56.50000000000053,0.6999999864632955,0.5482224602463072,0.4805923656665329,0.5499994576390853
56.600000000000534,0.6999999957926946,0.5482180256210897,0.5262702998636656,0.5499999494407745
56.700000000000536,0.6999999986923071,0.5482136069168008,0.48313067717435604,0.5499985850760613
56.80000000000054,0.6999999995935396,0.5482091984067458,0.5235059731092772,0.5499953455205119
56.90000000000054,0.6999999998736599,0.5482047950330707,0.4852818216762145,0.5499902123202952
57.00000000000054,0.6999999999607286,0.5482003927083618,0.5209460139694703,0.5499831676438887
57.10000000000054,0.6999999999877927,0.5481959882874753,0.4870778231118862,0.5499741943432457
57.20000000000054,0.6999999999962053,0.5481915794200041,0.5185962914773589,0.5499632760102396
57.300000000000544,0.6999999999988203,0.5481871643795023,0.4885578684604987,0.549950397024499
57.400000000000546,0.6999999999996332,0.5481827419088292,0.5164513414874441,0.5499355425928157
57.50000000000055,0.699999999999886,0.5481783110940024,0.48976247756021946,0.5499186987815949
57.60000000000055,0.6999999999999647,0.5481738712670531,0.5144989310323853,0.549899852543945
57.70000000000055,0.6999999999999891,0.548169421933855,0.4907301998869989,0.5498789917427327
57.80000000000055,0.6999999999999966,0.5481649627217878,0.5127233555582678,0.5498561051705763
57.90000000000055,0.6999999999999988,0.5481604933424269,0.49149600085783696,0.5498311825674388
58.000000000000554,0.6999999999999997,0.5481560135652822,0.5111076493168192,0.5498042146362446
58.100000000000556,0.7,0.5481515231994835,0.49209068065150435,0.5497751930567712
58.20000000000056,0.7,0.5481470220811044,0.5096349673178814,0.5497441104979582
58.30000000000056,0.7000000000000001,0.5481425100644339,0.4925408738107029,0.5497109606287027
58.40000000000056,0.7,0.5481379870159947,0.5082893821436846,0.5496757381271677
58.50000000000056,0.7000000000000001,0.5481334528104586,0.4928693438432296,0.5496384386886057
58.60000000000056,0.7000000000000001,0.548128907327861,0.5070562903688184,0.549599059031687
58.700000000000564,0.7000000000000001,0.21317786115630083,0.4930954032058257,0.5495575969033182
58.800000000000566,0.7000000000000001,0.4756656664174171,0.5059225711586433,0.5495140510819366
58.90000000000057,0.7,0.686979805711087,0.4932353639378864,0.5494684213792672
59.00000000000057,0.7,0.48601580196177874,0.5048765955495101,0.5494207086405359
59.10000000000057,0.7,0.5089883717188437,0.4933029698418219,0.5493709147431326
59.20000000000057,0.7000000000000001,0.5419289779698997,0.5039081516162558,0.5493190425937281
59.30000000000057,0.7,0.7278569879625022,0.493309787668701,0.5492650961238508
59.400000000000574,0.7,0.48118404278717225,0.5030083271539041,0.549209080283934
59.500000000000576,0.7000000000000001,0.5048586590941542,0.49326554954178703,0.5491510010358532
59.60000000000058,0.7000000000000001,0.5225239746321102,0.5021693755072468,0.5490908653439708
59.70000000000058,0.7,0.4527107276520116,0.4931784466136951,0.549028681164719
59.80000000000058,0.7,0.6709487550688692,0.5013845796739913,0.5489644574347492
59.90000000000058,0.7,0.48623549305755415,0.49305537768298263,0.5488982040576837
60.00000000000058,0.7,0.5090580447352384,0.5006481230849068,0.5488299318895071
60.100000000000584,0.7,0.5318898365910296,0.49290215798557,0.5487596527226439
60.200000000000585,0.7000000000000001,0.7212522056767976,0.499954971273585,0.5486873792687643
60.30000000000059,0.7,0.4806200093144057,0.4927236936755809,0.5486131251403717
60.40000000000059,0.7000000000000001,0.5042818107306002,0.49930076611083585,0.5485369048312219
60.50000000000059,0.7,0.5220401454868563,0.49252412721906014,0.5484587336956316
60.60000000000059,0.7000000000000001,0.4468460031294791,0.4986817327997866,0.548378627926733
60.70000000000059,0.7,0.6661138024081993,0.49230695837624605,0.5482966045337364
60.800000000000594,0.7000000000000001,0.7974878374424543,0.49809459901415565,0.5482126813182603
60.900000000000595,0.7,0.47185417142590924,0.4920751448225929,0.5481268768497977
61.0000000000006,0.7000000000000001,0.49578054375326097,0.49753652515825303,0.5480392104403783
61.1000000000006,0.7,0.5162017600625126,0.49183118584645014,0.5479497021184992
61.2000000000006,0.7,0.47755789482037503,0.49700504456923517,0.5478583726023879
61.3000000000006,0.7,0.685933724107428,0.4915771920039351,0.547765243272665
61.4000000000006,0.7,0.48281656534855605,0.49649801246651537,0.5476703361444785
61.500000000000604,0.7,0.5061334537907366,0.49131494312426965,0.5475736738391758
61.600000000000605,0.7000000000000001,0.5231727834442462,0.49601356251557893,0.5474752795555808
61.70000000000061,0.7,0.4283470092547978,0.49104593664310103,0.5473751770409466
61.80000000000061,0.7,0.6518784167883885,0.4955500699743796,0.5472733905616474
61.90000000000061,0.7,0.7896469217183553,0.49077142789191885,0.5471699448736785
62.00000000000061,0.7,0.47151468221877807,0.49510612050651504,0.5470648651930285
62.10000000000061,0.7000000000000001,0.495400294419177,0.4904924636807796,0.5469581771659855
62.200000000000614,0.7,0.5158881177843946,0.494680483862994,0.5468499068394416
62.300000000000615,0.7,0.46981426269618404,0.49020991027068783,0.5467400806312547
62.40000000000062,0.7,0.6797469157078466,0.49427209174628023,0.546628725300726
62.50000000000062,0.7000000000000001,0.4823014124054778,0.4899244766331028,0.5465158679192499
62.60000000000062,0.6987032697418473,0.4501120510156756,0.45066503901656135,0.48798832539486303
62.70000000000062,0.6993830393878163,0.45016356517711437,0.4506750739363493,0.4915940334161842
62.80000000000062,0.6996493159115738,0.45022050485239995,0.450657134807467,0.49426986207811063
62.900000000000624,0.6997580271785082,0.4502851632065084,0.45061945596809777,0.49625135876437043
63.000000000000625,0.6998010689504707,0.4503595406087786,0.45056890939709693,0.49772235580697255
63.10000000000063,0.6998131713099979,0.45044523234049305,0.45051083631000394,0.49882074610185045
63.20000000000063,0.6998084261906754,0.4505434930829347,0.4504492143228865,0.49964804383796346
63.30000000000063,0.6997930475910662,0.4506553296747283,0.4503869339703642,0.5002783062765938
63.40000000000063,0.6997699966307426,0.4507815837161271,0.4503260739829566,0.5007653210903232
63.50000000000063,0.6997407566780056,0.4509229966743344,0.45026813246984615,0.5011480694986288
63.600000000000634,0.6997060717591523,0.4510802583388034,0.4502142049675143,0.5014547716657611
63.700000000000635,0.6996662857468993,0.45125404133591707,0.45016511458107256,0.5017058456665331
63.80000000000064,0.6996215154435801,0.45144502454941365,0.45012150383335486,0.5019160592362584
63.90000000000064,0.6995717480143966,0.4516539079532816,0.4500838978419378,0.5020960902996643
64.00000000000064,0.6995169008240262,0.4518814209010672,0.4500527468640758,0.5022536573764831
64.10000000000063,0.6994568612697225,0.4521283254503039,0.4500284543671846,0.5023943380296967
64.20000000000063,0.6993915155135397,0.45239541588482246,0.4500113951062349,0.5025221613666447
64.30000000000062,0.6993207709281959,0.4526835152537182,0.4500019263640492,0.5026400369809156
64.40000000000062,0.6992445749300136,0.45299346948005775,0.45000039452834756,0.5027500655217231
64.50000000000061,0.699162931632938,0.4533261394018181,0.45000713848096485,0.5028537636001562
64.6000000000006,0.6990759169752804,0.45368239098398144,0.4500224907924537,0.502952226704738
64.7000000000006,0.6989836924415527,0.4540630838742987,0.4500467773902974,0.5030462472564798
64.8000000000006,0.6988865171276244,0.45446905845578944,0.4500803161548963,0.5031364001973179
64.90000000000059,0.6987847576329818,0.45490112156675766,0.4501234147599929,0.503223105076378
65.00000000000058,0.6986788950921804,0.4553600311044395,0.4501763679885285,0.5033066711148982
65.10000000000058,0.6985695285774766,0.45584647979191945,0.45023945470354043,0.5033873299318675
65.20000000000057,0.6984573741222146,0.4563610784600835,0.4503129346241761,0.5034652593098716
65.30000000000057,0.6983432587363516,0.45690433926740476,0.45039704504038514,0.5035406004379201
65.40000000000056,0.6982281090124195,0.4574766593407259,0.45049199759002173,0.5036134703865381
65.50000000000055,0.6981129342427236,0.45807830536111943,0.4505979752144321,0.5036839710788406
65.60000000000055,0.6979988043635238,0.45870939963315105,0.4507151294000163,0.503752195667947
65.70000000000054,0.697886823472248,0.4593699081586559,0.4785777187015482,0.5038182329784247
65.80000000000054,0.697376450472677,0.46058526310994735,0.46969572393461023,0.5038821704900364
65.90000000000053,0.6971508426212308,0.4614947098105068,0.46105519391807687,0.5039406417772542
66.00000000000053,0.6970765808282127,0.4622122405688607,0.45661361579541687,0.5039962856979331
66.10000000000052,0.6970628286016506,0.4628437338644237,0.4543625151086621,0.5040503970844841
66.20000000000051,0.6970644865253063,0.46345862265638127,0.45321643083470675,0.5041034863361592
66.30000000000051,0.6970636700873988,0.46409584183837366,0.4526391864145863,0.5041556924249446
66.4000000000005,0.6970556601900432,0.46477425983538484,0.452369917511936,0.5042070094708158
66.5000000000005,0.6970412473377523,0.4655008384764382,0.45227873042502037,0.5042573939682411
66.60000000000049,0.6970230619270689,0.4662759357384305,0.45229790072141485,0.5043068091940913
66.70000000000049,0.6970039580228446,0.4670965027927048,0.45238999734866064,0.5043552396274489
66.80000000000048,0.6969863784560908,0.4679579319084512,0.4525330344878657,0.5044026922156963
66.90000000000047,0.6969721685896386,0.46885508592586683,0.4527133631927178,0.5044491926021475
67.00000000000047,0.6969625843977456,0.4697828447159388,0.45292211341945454,0.5044947800305979
67.10000000000046,0.6969583754862272,0.47073637262413004,0.5410933056172345,0.5045395025022555
67.20000000000046,0.6965174982920667,0.47243745159137523,0.4756723516287142,0.5045834127502812
67.30000000000045,0.6964092635683009,0.47364539374771575,0.46621480213558864,0.5046232693518738
67.40000000000045,0.6964593113529941,0.4745859853588311,0.46104197427590377,0.5046616252851562
67.50000000000044,0.7,0.5024937810560445,0.5024937810560445,0.5024937810560445
67.60000000000043,0.7,0.5061711433896836,0.5060971696066613,0.5060725197126331
67.70000000000043,0.7,0.5087924672548585,0.5086460274589525,0.5085972443154444
67.80000000000042,0.7,0.5106692072175365,0.5104511779180433,0.5103785783727204
67.90000000000042,0.7,0.5120235072752211,0.5117342651935443,0.5116380060574816
68.00000000000041,0.7,0.5130113936514611,0.5126509701291146,0.512531096872125
68.1000000000004,0.7,0.513741994001013,0.5133101996295779,0.5131666860743446
68.2000000000004,0.7,0.5142916599146481,0.5137881738089815,0.5136209506629897
68.3000000000004,0.7,0.5147139137767487,0.5141383438830321,0.5139473180355063
68.40000000000039,0.7,0.5150463577328275,0.5143982799983725,0.5141833470565307
68.50000000000038,0.7,0.5153154615331295,0.5145944444323763,0.5143554965703957
68.60000000000038,0.7,0.51553988796863,0.5147455071757074,0.5144824378296616
68.70000000000037,0.7,0.5157328110579147,0.5148646576286422,0.5145773641138076
68.80000000000037,0.7,0.5159035380388372,0.5149612224081902,0.5146496071962579
68.90000000000036,0.7,0.5160586478520014,0.5150418012080117,0.5147057723630585
69.00000000000036,0.7,0.5162027922678709,0.5151110663479419,0.5147505374553146
69.10000000000035,0.7,0.5163392607024957,0.5151723267046229,0.5147872165140217
69.20000000000034,0.7,0.516470378984163,0.5152279260435565,0.5148181579704331
69.30000000000034,0.7,0.5165977911657061,0.515279524682163,0.5148450262588982
69.40000000000033,0.7,0.5167226588185042,0.5153282988078992,0.5148690011405196
69.50000000000033,0.7,0.5168458020327424,0.5153750816009645,0.5148909188632069
69.60000000000032,0.7,0.516967799201669,0.515420463189986,0.5149113721707381
69.70000000000032,0.7,0.5170890576478029,0.5154648614670913,0.5149307811771231
69.80000000000031,0.7,0.5172098636139356,0.515508572265898,0.5149494436035897
69.9000000000003,0.7,0.5173304176475015,0.5155518049199596,0.5149675703921474
70.0000000000003,0.7,0.5174508596446173,0.5155947074624111,0.5149853109546594
70.10000000000029,0.7,0.5175712865738644,0.5156373844848529,0.11252160505209931
70.20000000000029,0.7,0.5176917650180249,0.5156799097938108,0.25702148954855336
70.30000000000028,0.7,0.517812340047723,0.5157223353800907,0.5109315227681102
70.40000000000028,0.7,0.5179330414989088,0.5157646977749537,0.7589240489223943
70.50000000000027,0.7,0.518053888413115,0.5158070225542681,0.9002632061726248
70.60000000000026,0.7,0.5181748921777541,0.5158493275301178,0.9614373208797506
70.70000000000026,0.7,0.5182960587467635,0.5158916250122381,0.985264294387539
70.80000000000025,0.7,0.5184173902107548,0.5159339234102844,0.9943513362615103
70.90000000000025,0.7,0.5185388859071381,0.5159762283690079,0.5129740093744465
71.00000000000024,0.7,0.5186605432049793,0.5160185435724568,0.5265419690549987
71.10000000000024,0.7,0.5187823580599232,0.5160608713136723,0.540487321202606
71.20000000000023,0.7,0.5189043254066062,0.5161032128982385,0.817010332103137
71.30000000000022,0.7,0.5190264394362385,0.5161455689301225,0.9257311244567576
71.40000000000022,0.7,0.5191486937930687,0.5161879395141322,0.5320411849166162
71.50000000000021,0.7,0.5192710817135581,0.5162303243993039,0.5445675051071049
71.60000000000021,0.7,0.5193935961251087,0.5162727230804525,0.5498617019565452
71.7000000000002,0.7,0.5195162297162464,0.5163151348700883,0.688857419674327
71.8000000000002,0.7,0.519638974986666,0.5163575589493452,0.868676154335258
71.90000000000019,0.7,0.5197618242830765,0.5163999944040467,0.5415994229290828
72.00000000000018,0.7,0.519884769825045,0.5164424402502472,0.8616849088172192
72.10000000000018,0.7,0.5200078037237934,0.5164848954523189,0.5433873512358449
72.20000000000017,0.7,0.5201309179960457,0.5165273589357643,0.5496451702368693
72.30000000000017,0.7,0.520254104574395,0.5165698295962915,0.7597417066985646
72.40000000000016,0.37729136619584513,0.5203773553152352,0.5166123063062449,0.548614226514288
72.50000000000016,0.21996345493382366,0.5201539066169598,0.5164905853797693,0.5495868984221521
72.60000000000015,0.37366693579963367,0.5199262061770079,0.5163584435812609,0.7235265997033311
72.70000000000014,0.2475363402725944,0.5197271057712238,0.5162467510675074,0.8942588757319494
72.80000000000014,0.6985207700287508,0.5195191178179739,0.5161248035177708,0.5466199200440695
72.90000000000013,0.4622916277012877,0.5196694104533447,0.5161754986118979,0.549995554176657
73.00000000000013,0.22847991904381976,0.5194722111602101,0.5160680698551974,0.5473190863378976
73.10000000000012,0.42805848705498256,0.5192563243025102,0.5159414965383619,0.5420958147755455
73.20000000000012,0.6824265351498461,0.519084385814744,0.5158437465839574,0.6740512652058417
73.30000000000011,0.5767817062806645,0.5192119444582779,0.5158778769123363,0.8841525474568965
73.4000000000001,0.21377412988027714,0.5190105336755697,0.5157719683932575,0.5494703477601992
73.5000000000001,0.6999491726926644,0.5187858622960354,0.5156406884506434,0.5489743342634912
73.6000000000001,0.5256795885117505,0.5189343450431604,0.5156914004255679,0.5445031515043957
73.70000000000009,0.6758655043675181,0.5187789768554171,0.5156049243004606,0.5389795129319467
73.80000000000008,0.6537711260956993,0.5188874158694663,0.5156288237630765,0.5340019130220034
73.90000000000008,0.6584957957379824,0.5187043408608958,0.5155338085281272,0.5298966570805017
74.00000000000007,0.6860097411011593,0.5187745831418439,0.5155369385860507,0.6859384858858752
74.10000000000007,0.6961124816362659,0.5188537224769885,0.5155607607029102,0.546255738668841
74.20000000000006,0.6430882640151865,0.5189919891088384,0.5156040707134645,0.5408810799075622
74.30000000000005,0.6700055302242035,0.5188575861059813,0.5155320369125347,0.535567869518059
74.40000000000005,0.6897376616635357,0.518948464635743,0.5155462803946833,0.5311855856559424
74.50000000000004,0.6972663317363856,0.5190354484013026,0.5155734860311054,0.5277884389634946
74.60000000000004,0.6988901035743118,0.5191721559313138,0.5156164568632045,0.5252765984745701
74.70000000000003,0.6997954314519712,0.519292907455888,0.5156568240549959,0.5234451044523943
74.80000000000003,0.6998513022434364,0.5194251567866844,0.5157000484403127,0.5221358335008615
74.90000000000002,0.6999935932126385,0.5195504829558848,0.5157416098583032,0.5212040062819028
75.00000000000001,0.6999678686740761,0.519678864708307,0.5157837773000198,0.5205483416971682
75.10000000000001,0.6999987477085947,0.5198046919638746,0.5158252580684247,0.5200887415045813
75.2,0.6999866070839421,0.30483579342511896,0.5158668515255547,0.5197698659873373
75.3,0.6999949040575557,0.6244405291346791,0.515908169065511,0.5195503080347441
75.39999999999999,0.699990710171381,0.7931038409208054,0.5159494836500648,0.5194013956684747
75.49999999999999,0.6999931404417622,0.8679075784220998,0.5159906786495085,0.5193022350223048
75.59999999999998,0.6999917722792077,0.9007952520024383,0.516031847412074,0.5192382942988011
75.69999999999997,0.6999924888717806,0.9158969188327525,0.5160729557747877,0.5191991321830518
75.79999999999997,0.6999920326034896,0.45007649365529173,0.5161140358609226,0.5191774584848193
75.89999999999996,0.6999922266140995,0.4569866377307833,0.5161550778758868,0.5191680767224685
75.99999999999996,0.6999920565724005,0.4711865290035021,0.5161960927074576,0.5191673481434729
76.09999999999995,0.6999920886686246,0.6444937747180208,0.5162370773332038,0.5191726910695744
76.19999999999995,0.6999920074211446,0.8009655727224305,0.5162780350564684,0.5191822940094565
76.29999999999994,0.6999919887859007,0.8699129239870341,0.5163189644928854,0.5191948752350689
76.39999999999993,0.6999919346686668,0.45237300999667907,0.5163598661262457,0.5192095340944388
76.49999999999993,0.6999918997631485,0.4643315698542691,0.5164007388227352,0.5192256343275272
76.59999999999992,0.6999918535679852,0.7091379607344916,0.516441581963798,0.5192427283591848
76.69999999999992,0.6999918130836886,0.8295154850188857,0.5164823943525507,0.5192605002456833
76.79999999999991,0.6999917688236852,0.45565076113494574,0.5165231749126306,0.5192787275198412
76.8999999999999,0.6999917260702874,0.47008639144908065,0.516563922349769,0.5192972531532348
76.9999999999999,0.699991681870443,0.6876457728413958,0.5166046353833711,0.5193159664440186
77.0999999999999,0.6999916378631053,0.8202446058896851,0.5166453126441051,0.5193347891924268
77.19999999999989,0.6999915931265018,0.8776277326954837,0.5166859527519664,0.5193536661629083
77.29999999999988,0.6999915481666602,0.4542492251964889,0.5167265542864751,0.5193725582531099
77.39999999999988,0.6999915026932828,0.468237878165298,0.5167671158136539,0.5193914377450609
77.49999999999987,0.6999914568600022,0.7174190757447076,0.5168076358779872,0.5194102849252392
77.59999999999987,0.6999914105727542,0.8249884674853356,0.5159157620631052,0.5194290857236488
77.69999999999986,0.6999913638754635,0.4606174722109187,0.5164584606601266,0.5194478300400626
77.79999999999986,0.6999913167349591,0.7678143117171252,0.5157285144424283,0.5194665105713794
77.89999999999985,0.6999912691609165,0.4658467635748651,0.5162782947916121,0.5194851219823596
77.99999999999984,0.6999912211389673,0.7427242744985217,0.5155953526096613,0.5195036603235518
78.09999999999984,0.6999911726679983,0.8362972787778276,0.514739773953175,0.5195221226203188
78.19999999999983,0.6999911237393468,0.4619639408498891,0.042649144409944544,0.5195405065840312
78.29999999999983,0.6999910743484012,0.47885157484699065,0.5005568766745944,0.519558810408362
78.39999999999982,0.6999910244881272,0.6930363287519274,0.1498111276019989,0.5195770326260328
78.49999999999982,0.6999909741526749,0.8246809477347916,0.41697791770554615,0.5195951720078356
78.59999999999981,0.6999909233353633,0.8801041454249212,0.45489750928533196,0.5196132274915896
78.6999999999998,0.6999908720298009,0.459458025787246,0.46731477818325795,0.519631198132083
78.7999999999998,0.6999908202292574,0.4766770850300586,0.48137547161498045,0.519649083065845
78.89999999999979,0.6999907679270095,0.7267188554250755,0.49141298689441987,0.5196668814863274
78.99999999999979,0.6999907151161449,0.8342037079652289,0.25107459009495986,0.5196845926264355
79.09999999999978,0.6999906617896667,0.465175713244519,0.4703301031248742,0.5197022157462212
79.19999999999978,0.6999906079404317,0.7963236434977035,0.4824343617754957,0.5197197501242183
79.29999999999977,0.6999905535611802,0.47034195627885816,0.3113706896299969,0.5197371950513364
79.39999999999976,0.6999904986445152,0.7824529591994712,0.4650701590500713,0.5197545498265601
79.49999999999976,0.6999904431829098,0.472148311063696,0.479334596064005,0.5197718137539165
79.59999999999975,0.6999903871686979,0.7747740805230054,0.4899736908023828,0.5197889861403366
79.69999999999975,0.6999903305940747,0.8563489869823517,0.2984790573646783,0.5198060662941456
79.79999999999974,0.6999902734510919,0.46674432285184764,0.4685996534255262,0.5198230535239959
79.89999999999974,0.6999902157316553,0.48494088784495043,0.48312647545289245,0.5198399471381117
79.99999999999973,0.6999901574275214,0.7332123667739846,0.4932872398724708,0.5198567464437519
80.09999999999972,0.6999900985302931,0.8416882269337551,0.29587402597911844,0.5198734507468289
80.19999999999972,0.6999900390314174,0.8892003785327114,0.46847970871540473,0.5198900593516339
80.29999999999971,0.6999899789221814,0.4664960591228494,0.4823536535109436,0.5199065715606395
80.39999999999971,0.699989918193708,0.4857163437264481,0.36469748571755317,0.5199229866743557
80.4999999999997,0.6999898568369534,0.7570120285592982,0.4663976764029914,0.5201540884925794
80.5999999999997,0.6999897948427015,0.8570642086560949,0.48017795323095613,0.5205715461963467
80.69999999999969,0.6999897322015617,0.47270637556684897,0.49194261582450305,0.5211165801750108
80.79999999999968,0.6999896689039633,0.49182780149681227,0.5006288592958328,0.5216942270910211
80.89999999999968,0.6999896049401526,0.7396646564145938,0.28474835376457064,0.5216246743577693
80.99999999999967,0.6999895403001875,0.8544955339965901,0.474591537293834,0.5213346767295746
81.09999999999967,0.6999894749739332,0.4755252725351068,0.45473960209938413,0.5207755225927957
81.19999999999966,0.699989408951058,0.828862221071466,0.4630530379967865,0.5204643809358978
81.29999999999966,0.6999893422210288,0.47913862533631574,0.478411528018488,0.5205293159918327
81.39999999999965,0.6999892747731055,0.8161982102253628,0.49072568488769003,0.520849006043089
81.49999999999964,0.6999892065963362,0.4826277415427477,0.5001425253117634,0.5212980054719908
81.59999999999964,0.699989137679553,0.8074371284522779,0.5059059550875971,0.521748201068049
81.69999999999963,0.6999890680113648,0.48536280489958045,0.28666282421482836,0.5214637716889708
81.79999999999963,0.699988997580154,0.8131930143779199,0.5687735784992791,0.5203283737348631
81.89999999999962,0.6999889263740695,0.4843407112571048,0.4591827843080734,0.5198993410713385
81.99999999999962,0.6999888543810215,0.8278860961427393,0.47465647578446796,0.5198571047744456
82.09999999999961,0.6999887815886755,0.4856695905567353,0.4890292751262802,0.5201460857744917
82.1999999999996,0.6999887079844458,0.8263005462494233,0.498960795602204,0.5205873955061804
82.2999999999996,0.6999886335554901,0.4881058041772479,0.5062522906675545,0.5210781889716294
82.3999999999996,0.6999885582887019,0.8240824103437245,0.5104665186945585,0.5215221651443075
82.49999999999959,0.6999884821707049,0.49029475490453706,0.2960928786848376,0.5210893782354235
82.59999999999958,0.6999884051878454,0.8329817766653629,0.4812375232821411,0.5206875685505794
82.69999999999958,0.6999883273261857,0.49037442342206683,0.49430678245099147,0.5207236197893172
82.79999999999957,0.6999882485714964,0.5063577328982551,0.4039585078532247,0.5200918479182539
82.89999999999957,0.6999881689092491,0.794898457013372,0.47410535868663173,0.519759161092757
82.99999999999956,0.6999880883246088,0.8895108322197776,0.48857003884180855,0.519851555142051
83.09999999999955,0.699988006802426,0.4878777074170734,0.4996765745910462,0.5201958926069807
83.19999999999955,0.6999879243272273,0.5050308771927393,0.39261960020539516,0.5196667039899244
83.29999999999954,0.6999878408832092,0.5152953380838944,0.47744357794538195,0.5194275675246846
83.39999999999954,0.6999877564542272,0.7892538121783206,0.491908185133573,0.5196008393552066
83.49999999999953,0.6999876710237877,0.8922598594296397,0.5017008022409072,0.5199729381309222
83.59999999999953,0.6999875845750387,0.49282613040615825,0.40181285237565195,0.5193851264311259
83.69999999999952,0.6999874970907606,0.507288167887956,0.47839018869464156,0.519142481018883
83.79999999999951,0.6999874085533547,0.5173179952457948,0.493463847780156,0.5193360530825081
83.89999999999951,0.6999873189448351,0.8114484351398382,0.5034425116622135,0.5197334187206865
83.9999999999995,0.6999872282468169,0.5052628043264855,0.4087642446983747,0.5191025157388437
84.0999999999995,0.6999871364405053,0.5157505112765881,0.47987708597824313,0.5188701806241744
84.19999999999949,0.6999870435066846,0.8396977028583181,0.4943357422160283,0.5190618158335373
84.29999999999949,0.6999869494257069,0.5055921330851834,0.5046359221165468,0.5194718207629486
84.39999999999948,0.6999868541774797,0.5172484044181703,0.41875586271327353,0.5187954761030666
84.49999999999947,0.6999867577414535,0.5235051558924118,0.48112724132746393,0.5185756381430036
84.59999999999947,0.699986660096609,0.8395190348629232,0.495680118591141,0.5187855877885877
84.69999999999946,0.6999865612214445,0.5098836951908644,0.5058778942075205,0.5192105047366788
84.79999999999946,0.6999864610939609,0.5200117729101527,0.42965673209421534,0.5184874263038778
84.89999999999945,0.6999863596916491,0.5252957126411588,0.4822216965715531,0.5182767206861717
84.99999999999945,0.6999862569914745,0.5288601265615358,0.49733247248898105,0.5185156355348929
85.09999999999944,0.6999861529698618,0.2801359391539758,0.5077863854161146,0.5189749529892221
85.19999999999943,0.6999860476026797,0.6510605899628967,0.5143138370237045,0.5194844736829365
85.29999999999943,0.699985940865225,0.39070753428582955,0.404856667643729,0.518693352937129
85.39999999999942,0.699985832732205,0.4634164747671339,0.6666979086376271,0.5170603554088617
85.49999999999942,0.6999857231777212,0.5214197633036374,0.46694144052630754,0.516738385956923
85.59999999999941,0.6999856121752511,0.12085675949922829,0.4847433824420462,0.5169037627605515
85.6999999999994,0.6999854996976287,0.5182714255910391,0.4988077473041375,0.5173842977204002
85.7999999999994,0.699985385717027,0.10088775305344062,0.5087274172904445,0.5179977797449371
85.8999999999994,0.6999852702049364,0.48709366209791044,0.5148829202662414,0.5186033925676038
85.99999999999939,0.6999851531321456,0.037962458604291455,0.5192526385064814,0.5191565201355294
86.09999999999938,0.6999850344687193,0.4261109492349971,0.5218351343460395,0.5196198505143941
86.19999999999938,0.6999849141839762,0.08475892439855301,0.39455358797872747,0.5186645268391107
86.29999999999937,0.6999847922464669,0.3678341001485559,0.6624425611135918,0.5168679293131474
86.39999999999937,0.699984668623949,0.4342206054717074,0.029058996172746602,0.5176987136706557
86.49999999999936,0.6999845432833633,0.4722777908247352,0.5141320819900455,0.5197577246189748
86.59999999999935,0.6999844161908079,0.05537780596545811,0.8042965918026512,0.5222428285879033
86.69999999999935,0.6999842873115119,0.42594330181110046,0.6545645583698971,0.5231205902193605
86.79999999999934,0.6999841566098077,0.3620369909450548,0.4648668835071273,0.5225027091231125
86.89999999999934,0.699984024049103,0.38056894144765213,0.7234608205375923,0.521350066942778
86.99999999999933,0.6999838895918505,0.4100233179137192,0.4749675646402624,0.5205939149593263
87.09999999999933,0.6999837531995182,0.438981099083704,0.4759177334942262,0.5200427995604239
87.19999999999932,0.6999836148325562,0.46104078988171965,0.478118437073116,0.519693526052816
87.29999999999932,0.6999834744503644,0.4763525963102433,0.48318448165953165,0.519601430983185
87.39999999999931,0.6999833320112583,0.48710487800580893,0.49431590939748754,0.519906618365942
87.4999999999993,0.6999831874724329,0.495541256464981,0.5145092355024565,0.5207481961499727
87.5999999999993,0.6999830407899257,0.30457916535060303,0.5360069703833718,0.5218640324946355
87.69999999999929,0.6999828919185774,0.6586084722701501,0.5476849362004872,0.5227500736544091
87.79999999999929,0.699982740811993,0.5339090199454452,0.5499133399558027,0.523196224732674
87.89999999999928,0.699982587422499,0.5629543459306919,0.5474229458566628,0.5232719221463696
87.99999999999928,0.6999824317011007,0.5877021996333351,0.5437508217863092,0.5231262012279324
88.09999999999927,0.6999822735974365,0.6084281804692904,0.5404226748513457,0.5228831894120044
88.19999999999926,0.6999821130597313,0.6279723886187736,0.537857506816517,0.5226218029981412
88.29999999999926,0.6999819500347468,0.557624280904529,0.17212747770550443,0.5214044882464861
88.39999999999925,0.6999817844677317,0.6892619867484,0.4483271950799372,0.5195453724909801
88.49999999999925,0.6999816163023673,0.5499950826647565,0.4826259193420774,0.5185412350595086
88.59999999999924,0.6999814454807133,0.5484811243464045,0.5003711880228765,0.5182820515972989
88.69999999999924,0.6999812719431494,0.5460269100213054,0.5124907599740874,0.5184562699325795
88.79999999999923,0.6999810956283157,0.5439264609580298,0.29775079806246335,0.5183614108047251
88.89999999999922,0.6999809164730496,0.5428017164973903,0.6589365125629479,0.5179532470213527
88.99999999999922,0.6999807344123209,0.5420660298191073,0.46294957956280464,0.5177996235142743
89.09999999999921,0.6999805493791637,0.5015047910499456,0.45832814745339057,0.5174817653933687
89.1999999999992,0.6999803613046045,0.5496745415528148,0.45210421420993474,0.5169049863897872
89.2999999999992,0.6999801701175888,0.5496073038069729,0.450988054551302,0.5161525170986383
89.3999999999992,0.6999799757449037,0.5475661315760803,0.46448999975125244,0.5156778762032254
89.49999999999919,0.6999797781110956,0.5449254046893542,0.4856456318593731,0.5157727024048732
89.59999999999918,0.6999795771383872,0.5426598313975413,0.5034867415867462,0.516304112529771
89.69999999999918,0.6999793727465888,0.5411323842814739,0.5154972870548019,0.5170257949195153
89.79999999999917,0.6999791648530047,0.5402567351274496,0.5230139865498509,0.517763316696449
89.89999999999917,0.6999789533723383,0.5398230694872623,0.1541313569468089,0.5186076456594466
89.99999999999916,0.6999787382165897,0.5400588554787192,0.4005119740235777,0.5200206082360478
90.09999999999916,0.6999785192949508,0.5407584451497135,0.5497481247178343,0.5214018877009039
90.19999999999915,0.6999782965136945,0.5412939973088318,0.5490999312378848,0.5221364881528126
90.29999999999914,0.6999780697760581,0.5414516885784134,0.428243031638969,0.5227225524928967
90.39999999999914,0.6999778389821232,0.5418099883279667,0.5493323739330628,0.5234406815520619
90.49999999999913,0.6999776040286874,0.581814219322224,0.5495875585577272,0.5237389477626267
90.59999999999913,0.6999773648091316,0.5498110565566776,0.5472029959661922,0.523743170464775
90.69999999999912,0.6999771212132806,0.5494892429156231,0.3772608432522665,0.5239009750565018
90.79999999999912,0.6999768731272558,0.5480846046469702,0.5498414700042572,0.524371772722781
90.89999999999911,0.6999766204333221,0.5466081117240378,0.11549344959286842,0.5236211462235539
90.9999999999991,0.6999763630097261,0.5450844478915219,0.5450927175149408,0.5236689984428659
91.0999999999991,0.6999761007305273,0.5439330733195066,0.08206654171893574,0.5227061539275057
91.1999999999991,0.6999758334654194,0.5427644623873179,0.315421642109528,0.5212291240441624
91.29999999999909,0.6999755610795445,0.5414254324244469,0.5654133245542323,0.5192784761797175
91.39999999999908,0.6999752834332954,0.539937373953258,0.473309171644543,0.5184174860811769
91.49999999999908,0.6999750003821096,0.5390766275753658,0.4940667177561269,0.5182588480542493
91.59999999999907,0.6999747117762518,0.5386804837148459,0.5095895147153225,0.5185705922733065
91.69999999999906,0.6999744174605856,0.5386593208075685,0.08718064083527684,0.5188957402147243
91.79999999999906,0.699974117274332,0.5389522868143432,0.5160104609793742,0.5191977562211932
91.89999999999905,0.6999738110508162,0.5389561923872566,0.07004320023094304,0.5194018756759198
91.99999999999905,0.6999734986172003,0.5391885501110981,0.5201863396470507,0.5196793678310041
92.09999999999904,0.6999731797942019,0.5391968553705244,0.06558345330498587,0.5197691087809801
92.19999999999904,0.6999728543957963,0.5393642604313315,0.5218395164886189,0.5199881598783169
92.29999999999903,0.6999725222289037,0.5393484423780687,0.07630729867352426,0.5199622163064493
92.39999999999903,0.6999721830930584,0.5394452948550312,0.5205882947811603,0.5200792291799563
92.49999999999902,0.699971836780059,0.5393739602219288,0.33385404467510094,0.5192909170617565
92.59999999999901,0.6999714830735997,0.538923351558754,0.4984206229449283,0.5189348555965594
92.69999999999901,0.6999711217488801,0.5386058429025886,0.5129872646055886,0.5191041972871642
92.799999999999,0.6999707525721923,0.5386434370440614,0.39470922176888457,0.5183689883338995
92.899999999999,0.699970375300485,0.5382523965700912,0.49385814753061735,0.5181514170174203
92.99999999999899,0.6999699896809009,0.53806058693681,0.5101244922501279,0.5184489374119503
93.09999999999899,0.6999695954502875,0.5382002162021041,0.4254296864761327,0.5177791077779502
93.19999999999898,0.6999691923346786,0.5378462958106014,0.49246657017378487,0.5176761796818561
93.29999999999897,0.6999687800487446,0.5377365457096425,0.5093541684834699,0.518067437462849
93.39999999999897,0.699968358295209,0.5379410925029673,0.5203058736306078,0.5186784225814097
93.49999999999896,0.6999679267642295,0.5383053395322507,0.3814108558023986,0.5180901106156275
93.59999999999896,0.6999674851327409,0.5380146862840386,0.4984360312250913,0.5180018202533546
93.69999999999895,0.6999670330637565,0.5379146872286674,0.5135358604913198,0.5183787273332668
93.79999999999895,0.6999665702056259,0.5381203752195977,0.4364152093999953,0.5176679950166355
93.89999999999894,0.6999660961912442,0.5377308827060071,0.49483352445349266,0.5175901224397419
93.99999999999893,0.699965610637212,0.5376427633658509,0.5113102355496606,0.5180024614682568
94.09999999999893,0.69996511314294,0.539531162905744,0.5207489842975683,0.5185834747717618
94.19999999999892,0.6999646032896936,0.5407427350638724,0.42181051146196524,0.5178644626672947
94.29999999999892,0.6999640806395762,0.5415358719093812,0.4970716044226225,0.5177480869816328
94.39999999999891,0.6999635447344424,0.5420649625264505,0.5118587465597998,0.5180931745899456
94.4999999999989,0.699962995094739,0.5424244118490166,0.5212249543784503,0.5186292671884954
94.5999999999989,0.6999624312182647,0.5426732834820494,0.43754959499730633,0.5178426751572104
94.6999999999989,0.6999618525788452,0.5428492721866169,0.4975511427414012,0.5177167890388763
94.79999999999889,0.6999612586249165,0.5429768220200332,0.5123022882827737,0.5180584179596136
94.89999999999888,0.6999606487780049,0.5430719782077951,0.5216269846882111,0.5185929488964328
94.99999999999888,0.6999600224311009,0.5431453674411001,0.4539164389968179,0.5177687099864732
95.09999999999887,0.6999593789469141,0.5432040729179013,0.4980303866042138,0.5176541559885095
95.19999999999887,0.6999587176560003,0.5432528372286015,0.5127390751128222,0.5180062005476351
95.29999999999886,0.6999580378547506,0.5432948457358591,0.522019490208293,0.5185482163981167
95.39999999999885,0.6999573388032291,0.543332242487687,0.4704412190529872,0.5176947114721898
95.49999999999885,0.699956619722847,0.5433664727411204,0.4985465390236847,0.51759600070904
95.59999999999884,0.6999558797938575,0.5433985116751892,0.5131948705954152,0.517960945197299
95.69999999999884,0.6999551181526583,0.5434290177206724,0.522419291508121,0.518511628579545
95.79999999999883,0.6999543338888787,0.5434584356367393,0.5280583781474997,0.5190828600901553
95.89999999999883,0.6999535260422381,0.5434870659356777,0.4552281057877765,0.5181541967880975
95.99999999999882,0.6999526935991498,0.5435151117022202,0.5020301827724513,0.5179796671550075
96.09999999999881,0.6999518354890478,0.5435427101953327,0.5155745138958121,0.518273585166625
96.19999999999881,0.6999509505804105,0.5435699541909037,0.544967309324058,0.517271234985197
96.2999999999988,0.6999500376764506,0.5435969064013115,0.4963902959987594,0.5172195416593918
96.3999999999988,0.6999490955104412,0.5436236092200081,0.5119967073297524,0.5176409621398458
96.49999999999879,0.6999481227406383,0.5436500913078363,0.5219053955435783,0.5182500855426381
96.59999999999879,0.6999471179447614,0.5436763720451239,0.5279610649047636,0.518873689404476
96.69999999999878,0.6999460796139877,0.5437024645412952,0.5316664651505267,0.5194307392343368
96.79999999999878,0.6999450061464074,0.543728377669429,0.473728842807783,0.518402333368477
96.89999999999877,0.3001319310205951,0.5437541174416873,0.5047167980869532,0.5181899365942227
96.99999999999876,0.6999441214639385,0.5436427889764374,0.5172974033565721,0.5182192363091125
97.09999999999876,0.30013408312668116,0.5436767445698063,0.5749964275759507,0.517137742608116
97.19999999999875,0.6999432152648517,0.5435692544796195,0.49793985836520094,0.5168548947637692
97.29999999999875,0.30013628830960376,0.5436071581759679,0.5131066487261501,0.5172799677958582
97.39999999999874,0.6999422868458366,0.5435006538679983,0.5224805771743511,0.5176557085027036
97.49999999999874,0.3001385483286839,0.8542227972446192,0.5283552643962196,0.5182789836775146
97.59999999999873,0.6999413354746149,0.5499506866445046,0.5317770634596067,0.5186034896361479
97.69999999999872,0.30014086501672527,0.5490634399019139,0.5105934550656259,0.5175211627664638
97.79999999999872,0.6999403603884984,0.9225487693495378,0.504942028331475,0.5170968352152584
97.89999999999871,0.30014324028372635,0.5499555168659601,0.5175567212912178,0.5173756733380876
97.9999999999987,0.6999393607928605,0.5495076711510019,0.5251581787777266,0.5176041789060545
98.0999999999987,0.3001456761208146,0.5483005755314146,0.5299410512952633,0.5180971437313605
98.1999999999987,0.6999383358595185,0.5469739954611603,0.5442810030682708,0.5167339068862964
98.29999999999869,0.3001481746044155,0.9079155801072718,0.5043745409397379,0.5165676878824687
98.39999999999868,0.6999372847250186,0.5499820340308753,0.5169552195235546,0.5166306007975973
98.49999999999868,0.3001507379006739,0.5491454070953369,0.5249205868150147,0.5171160634597445
98.59999999999867,0.6999362064888186,0.5477738022225911,0.5296001678794945,0.5173878931389095
98.69999999999867,0.3001533682701458,0.9269635031880309,0.5665838491438933,0.5162541683294977
98.79999999999866,0.6999351002113602,0.5499787696282261,0.5044821394856142,0.5158704109899183
98.89999999999866,0.3001560680727765,0.5491132086641127,0.5171616082597617,0.5161880704126672
98.99999999999865,0.6999339649120222,0.5477084699878038,0.5248309857417833,0.5164413718393676
99.09999999999864,0.3001588397731913,0.5464725046545095,0.5296720927896731,0.5169566869389765
99.19999999999864,0.6999327995669504,0.9266596513256549,0.5871562944816766,0.5155687219632518
99.29999999999863,0.3001616859463132,0.549864345465498,0.5049859699773559,0.5154396964128424
99.39999999999863,0.6999316031067488,0.5487157749446039,0.5172385959208101,0.5155204735754682
99.49999999999862,0.30016460928333927,0.5473410846200865,0.5250122506061171,0.516017638814442
99.59999999999862,0.6999303744140283,0.5460137113750043,0.5295859982977026,0.5162888182645649
99.69999999999861,0.3001676125980961,0.9376138330934694,0.5325527667998092,0.5167514079698504
99.7999999999986,0.6999291123207995,0.5497040712813968,0.593320561093208,0.5152773749075269
99.8999999999986,0.3001706988338041,0.5484624157270999,0.5068228564242753,0.5150733188953625
99.9999999999986,0.6999278156056978,0.5469599301066764,0.5183302537964145,0.515084798724705
100.09999999999859,0.3001738710702817,0.5457535394711264,0.5256188027807698,0.5155237661661272
100.19999999999858,0.6999264829910311,0.544688316394431,0.5299010945802267,0.5157438770131313
100.29999999999858,0.30017713253162137,0.9458801486346738,0.5326952357737182,0.5161679691676844
100.39999999999857,0.6999251131396338,0.5493469049257395,0.6175733416923276,0.5146590560903702
100.49999999999856,0.3001804865943734,0.5479345090426406,0.5074457213815259,0.514445390143029
100.59999999999856,0.6999237046515145,0.5464078449053942,0.5186443724634144,0.5144416752367894
100.69999999999855,0.30018393679627664,0.5452427743560991,0.5257438082174316,0.514867232441956
100.79999999999855,0.6999222560602814,0.5442170131061957,0.52991565554767,0.5150716479107412
100.89999999999854,0.3001874868455772,0.961383382694074,0.5326476793954199,0.5154846279098674
100.99999999999854,0.6999207658293277,0.5489480398766645,0.5341951857419727,0.5155830199579147
101.09999999999853,0.3001911406309824,0.5474282845533722,0.636921247454243,0.5142532638248691
101.19999999999852,0.6999192323477597,0.5458887617264532,0.5087646368652826,0.51372747663902
101.29999999999852,0.3001949022322979,0.5447567197163118,0.5195638467587429,0.5139177236291552
101.39999999999851,0.6999176539260455,0.5437576905611493,0.526035831214534,0.5140409678411351
101.49999999999851,0.300198775931805,0.5431627058338914,0.5301730393893815,0.5144536020566131
101.5999999999985,0.6999160287913656,0.5425755426741629,0.5325661953294346,0.5145809124911884
101.6999999999985,0.3002027662264338,0.542303283394027,0.5342127239714372,0.5149026655725608
101.79999999999849,0.6999143550826373,0.9787420242602619,0.6671569832664656,0.5133198944715667
101.89999999999849,0.3002068778408004,0.547920890947543,0.5096384565277245,0.5130456816660478
101.99999999999848,0.7,0.3676478141104666,0.5497219176398928,0.5486411623340584
102.09999999999847,0.7,0.6900479232797667,0.4512750665088509,0.5488925819869663
102.19999999999847,0.7,0.7077434139766496,0.5490059168242382,0.5490667299741059
102.29999999999846,0.7,0.726896269401519,0.45300298267744493,0.5491938127661423
102.39999999999846,0.7,0.7443538461970792,0.5477893320099988,0.5492914220514956
102.49999999999845,0.7,0.7611508652393374,0.45545597595376425,0.5493700622804234
102.59999999999845,0.7000000000000001,0.7769215560552565,0.5460547488979521,0.5494361324066082
102.69999999999844,0.7,0.7917979530954098,0.45852171305721856,0.5494935880525386
102.79999999999843,0.7000000000000001,0.8057526813800499,0.5438330259273293,0.5495448979681341
102.89999999999843,0.7,0.8188263860603281,0.4620138057763455,0.5495916102356968
102.99999999999842,0.7,0.831044786369912,0.5412025313251406,0.5496346954895506
103.09999999999842,0.7000000000000001,0.5436755879453262,0.4657103561966087,0.5496747588981507
103.19999999999841,0.7,0.5297988823063584,0.5382762089059298,0.5497121729492286
103.2999999999984,0.7000000000000001,0.5414048618358122,0.4693981670969869,0.5497471614785131
103.3999999999984,0.7,0.5318164272469739,0.5351811486547264,0.5497798532236671
103.4999999999984,0.7,0.5395846327576634,0.472905796129898,0.5498103161191038
103.59999999999839,0.7000000000000001,0.5329531358422802,0.5320382185399711,0.5498385793257569
103.69999999999838,0.7,0.5381543830852942,0.47611777662671323,0.5498646474099294
103.79999999999838,0.7000000000000001,0.5335465060750431,0.5289477333534931,0.5498885094807124
103.89999999999837,0.7,0.5370239777248518,0.47897245862014703,0.5499101450843541
103.99999999999837,0.7000000000000001,0.5337974819035655,0.5259831475894542,0.5499295280109064
104.09999999999836,0.7,0.5361121285692603,0.48145073978805486,0.5499466287568988
104.19999999999835,0.7,0.5338287868086,0.5231913842839223,0.5499614161232735
104.29999999999835,0.7000000000000001,0.5353555556606351,0.4835624498414632,0.5499738582574041
104.39999999999834,0.7,0.5337172975885577,0.5205970411128255,0.5499839233380793
104.49999999999834,0.7,0.5347080689334555,0.4853343921495554,0.5499915800313904
104.59999999999833,0.7000000000000001,0.5443759434568276,0.5182079664022632,0.5499967977996887
104.69999999999833,0.7,0.5484365640702656,0.4868014894222442,0.5499995471162702
104.79999999999832,0.7,0.5497777210949402,0.5160206022845678,0.549999799619442
104.89999999999831,0.7,0.5499965231615236,0.4880009718103805,0.5499975282274142
104.99999999999831,0.7,0.549825782467867,0.5140243575905207,0.5499927072276136
105.0999999999983,0.7,0.5495656058258976,0.4889689482808008,0.5499853123490034
105.1999999999983,0.7,0.5493240119902337,0.5122048440249883,0.5499753208227812
105.29999999999829,0.7,0.5491303741631749,0.4897386233796236,0.5499627114347913
105.39999999999829,0.7,0.5489848872264902,0.5105460960892432,0.5499474645716904
105.49999999999828,0.7,0.5488789041707678,0.49033955294669396,0.5499295622620932
105.59999999999827,0.7,0.5488026779172952,0.509031994318118,0.5499089882134082
105.69999999999827,0.7,0.5487478924554952,0.49079750678916667,0.5498857278447618
105.79999999999826,0.7000000000000001,0.5487081661388262,0.5076471128352855,0.5498597683162136
105.89999999999826,0.7,0.5486788535610843,0.4911346563108615,0.5498310985543473
105.99999999999825,0.7,0.5486566720765088,0.5063771747006436,0.5497997092742597
106.09999999999825,0.7,0.5486393429953108,0.49136991440864025,0.5497655929979335
106.19999999999824,0.7,0.5486253020283635,0.505209252887076,0.5497287440689609
106.29999999999824,0.7000000000000001,0.5486134829151111,0.4915193277233179,0.5496891586635885
106.39999999999823,0.7,0.5486031622027463,0.5041318141464448,0.5496468347980498
106.49999999999822,0.7,0.5485938505047321,0.4915964669894965,0.5496017723321673
106.59999999999822,0.7,0.5485852174197071,0.5031346713845923,0.5495539729692145
106.69999999999821,0.7,0.5485770401651473,0.49161278859566193,0.5495034402520406
106.7999999999982,0.7,0.5485691686426918,0.5022088872338037,0.5494501795554783
106.8999999999982,0.7,0.5485615017703765,0.4915779561962513,0.5493941980750668
106.9999999999982,0.7,0.5485539714887551,0.5013466556556574,0.5493355048121371
107.09999999999819,0.7,0.5485465319709433,0.491500119839259,0.549274110555322
107.19999999999818,0.7,0.5485391523515195,0.5005411778084365,0.5492100278585674
107.29999999999818,0.7000000000000001,0.5485318118303438,0.4913861544924448,0.549143271015733
107.39999999999817,0.7,0.5485244963772259,0.4997865415184112,0.549073856031888
107.49999999999817,0.7000000000000001,0.5485171965147665,0.491241861863214,0.5490018005914139
107.59999999999816,0.7,0.5485099058269424,0.4990776093194824,0.5489271240230413
107.69999999999816,0.6987032697418473,0.4501120510156756,0.45066503901656135,0.48798832539486303
107.79999999999815,0.6993830393878163,0.45016356517711437,0.4506750739363493,0.4915940334161842
107.89999999999814,0.6996493159115738,0.45022050485239995,0.450657134807467,0.49426986207811063
107.99999999999814,0.6997580271785082,0.4502851632065084,0.45061945596809777,0.49625135876437043
108.09999999999813,0.6998010689504707,0.4503595406087786,0.45056890939709693,0.49772235580697255
108.19999999999813,0.6998131713099979,0.45044523234049305,0.45051083631000394,0.49882074610185045
108.29999999999812,0.6998084261906754,0.4505434930829347,0.4504492143228865,0.49964804383796346
108.39999999999812,0.6997930475910662,0.4506553296747283,0.4503869339703642,0.5002783062765938
108.49999999999811,0.6997699966307426,0.4507815837161271,0.4503260739829566,0.5007653210903232
108.5999999999981,0.6997407566780056,0.4509229966743344,0.45026813246984615,0.5011480694986288
108.6999999999981,0.6997060717591523,0.4510802583388034,0.4502142049675143,0.5014547716657611
108.7999999999981,0.6996662857468993,0.45125404133591707,0.45016511458107256,0.5017058456665331
108.89999999999809,0.6996215154435801,0.45144502454941365,0.45012150383335486,0.5019160592362584
108.99999999999808,0.6995717480143966,0.4516539079532816,0.4500838978419378,0.5020960902996643
109.09999999999808,0.6995169008240262,0.4518814209010672,0.4500527468640758,0.5022536573764831
109.19999999999807,0.6994568612697225,0.4521283254503039,0.4500284543671846,0.5023943380296967
109.29999999999806,0.6993915155135397,0.45239541588482246,0.4500113951062349,0.5025221613666447
109.39999999999806,0.6993207709281959,0.4526835152537182,0.4500019263640492,0.5026400369809156
109.49999999999805,0.6992445749300136,0.45299346948005775,0.45000039452834756,0.5027500655217231
109.59999999999805,0.699162931632938,0.4533261394018181,0.45000713848096485,0.5028537636001562
109.69999999999804,0.6990759169752804,0.45368239098398144,0.4500224907924537,0.502952226704738
109.79999999999804,0.6989836924415527,0.4540630838742987,0.4500467773902974,0.5030462472564798
109.89999999999803,0.6988865171276244,0.45446905845578944,0.4500803161548963,0.5031364001973179
109.99999999999802,0.7,0.5024937810560445,0.5024937810560445,0.0483184482784204
110.09999999999802,0.7,0.5061711433896836,0.5060971696066613,0.08601220669958812
110.19999999999801,0.7,0.5087924672548585,0.5086460274589525,0.2204270011799217
110.29999999999801,0.7,0.5106692072175365,0.5104511779180433,0.3492897294085097
110.399999999998,0.7,0.5120235072752211,0.5117342651935443,0.3807800002219582
110.499999999998,0.7,0.5130113936514611,0.5126509701291146,0.39067760534103746
110.59999999999799,0.7,0.513741994001013,0.5133101996295779,0.3743391617546206
110.69999999999798,0.7,0.5142916599146481,0.5137881738089815,0.37720402043604434
110.79999999999798,0.7,0.5147139137767487,0.5141383438830321,0.3919961553259866
110.89999999999797,0.7,0.5150463577328275,0.5143982799983725,0.37210386455326383
110.99999999999797,0.7,0.5153154615331295,0.5145944444323763,0.39800438076816813
111.09999999999796,0.7,0.51553988796863,0.5147455071757074,0.36752487253617555
111.19999999999796,0.7,0.5157328110579147,0.5148646576286422,0.40416496295788107
111.29999999999795,0.7,0.5159035380388372,0.5149612224081902,0.3630584151673117
111.39999999999795,0.7,0.5160586478520014,0.5150418012080117,0.4104640230739987
111.49999999999794,0.7,0.5162027922678709,0.5151110663479419,0.35871935252066267
111.59999999999793,0.7,0.5163392607024957,0.5151723267046229,0.4168750903186886
111.69999999999793,0.7,0.516470378984163,0.5152279260435565,0.3545213616478722
111.79999999999792,0.7,0.5165977911657061,0.515279524682163,0.423370305965217
111.89999999999792,0.7,0.5167226588185042,0.5153282988078992,0.3504761424462816
111.99999999999791,0.7,0.5168458020327424,0.5153750816009645,0.42992107583206546
112.0999999999979,0.7,0.516967799201669,0.515420463189986,0.3465932808308807
112.1999999999979,0.7,0.5170890576478029,0.5154648614670913,0.43649871542926916
112.2999999999979,0.7,0.5172098636139356,0.515508572265898,0.34288019099528827
112.39999999999789,0.7,0.5173304176475015,0.5155518049199596,0.44307507234804916
112.49999999999788,0.7,0.5174508596446173,0.5155947074624111,0.33934213154973164
112.59999999999788,0.7,0.5175712865738644,0.5156373844848529,0.4496230960874876
112.69999999999787,0.7,0.5176917650180249,0.5156799097938108,0.3359822870707355
112.79999999999787,0.7,0.517812340047723,0.5157223353800907,0.4561173313469883
112.89999999999786,0.7,0.5179330414989088,0.5157646977749537,0.33280190353119726
112.99999999999785,0.7,0.518053888413115,0.5158070225542681,0.4625343181908642
113.09999999999785,0.7,0.5181748921777541,0.5158493275301178,0.32980046442932104
113.19999999999784,0.7,0.5182960587467635,0.5158916250122381,0.46885289039006445
113.29999999999784,0.7,0.5184173902107548,0.5159339234102844,0.32697589412242084
113.39999999999783,0.7,0.5185388859071381,0.5159762283690079,0.4750543707605539
113.49999999999783,0.7,0.5186605432049793,0.5160185435724568,0.3243247756637896
113.59999999999782,0.7,0.5187823580599232,0.5160608713136723,0.4811226687445879
113.69999999999781,0.7,0.5189043254066062,0.5161032128982385,0.3218425720225815
113.79999999999781,0.7,0.5190264394362385,0.5161455689301225,0.48704429038397695
113.8999999999978,0.7,0.5191486937930687,0.5161879395141322,0.319523841606679
113.9999999999978,0.7,0.5192710817135581,0.5162303243993039,0.49280827404999267
114.09999999999779,0.7,0.5193935961251087,0.5162727230804525,0.3173624412101926
114.19999999999779,0.7,0.5195162297162464,0.5163151348700883,0.49240062109162797
114.29999999999778,0.7,0.519638974986666,0.5163575589493452,0.517765329621034
114.39999999999777,0.7,0.5197618242830765,0.5163999944040467,0.49113034851083787
114.49999999999777,0.7,0.519884769825045,0.5164424402502472,0.51975802630309
114.59999999999776,0.7,0.5200078037237934,0.5164848954523189,0.4896303179336107
114.69999999999776,0.7,0.5201309179960457,0.5165273589357643,0.5220116389788887
114.79999999999775,0.7,0.520254104574395,0.5165698295962915,0.4878866529254931
114.89999999999775,0.7,0.5203773553152352,0.5166123063062449,0.5245085266276388
114.99999999999774,0.7,0.5205006620049891,0.5166547879191643,0.4858947213130616
115.09999999999773,0.7,0.5206240163651508,0.516697273273019,0.527208810660753
115.19999999999773,0.7,0.5207474100565084,0.5167397611925043,0.4836637231282825
115.29999999999772,0.7,0.5208708346828006,0.5167822504906745,0.5300473871844764
115.39999999999772,0.7,0.5209942817939937,0.5168247399701066,0.48122102519837484
115.49999999999771,0.7,0.5211177428892979,0.5168672284237321,0.5329354198972438
115.5999999999977,0.7,0.5212412094200201,0.5169097146354344,0.4786147211200102
115.6999999999977,0.7,0.5213646727923097,0.5169521973804801,0.5357681284305061
115.7999999999977,0.7,0.5214881243698446,0.516994675425833,0.4759126273916836
115.89999999999769,0.7,0.5216115554764839,0.517037147530386,0.5384386197753008
115.99999999999768,0.7,0.5217349573989125,0.5170796124451346,0.47319654199252614
116.09999999999768,0.7,0.5218583213892881,0.5171220689133085,0.5408544989262161
116.19999999999767,0.7,0.5219816386679016,0.5171645156704766,0.4705522535519307
116.29999999999767,0.7,0.522104900425857,0.5172069514446287,0.5429519108396837
116.39999999999766,0.7,0.5222280978277728,0.5172493749562463,0.4680578042009257
116.49999999999766,0.7,0.5223512220145108,0.5172917849183618,0.544702330396931
116.59999999999765,0.7,0.5224742641059296,0.5173341800366112,0.4657735577926338
116.69999999999764,0.7,0.5225972152036621,0.5173765590092827,0.5461106883884762
116.79999999999764,0.7,0.5227200663939218,0.5174189205273625,0.4637368624036315
116.89999999999763,0.7,0.5228428087503311,0.5174612632745778,0.5472070666777807
116.99999999999763,0.7,0.5229654333367714,0.5175035859274396,0.4619620215920751
117.09999999999762,0.7,0.5230879312102569,0.5175458871552842,0.5480359685339273
117.19999999999762,0.7,0.5232102934238259,0.5175881656203143,0.46044429245129814
117.29999999999761,0.7,0.5233325110294502,0.517630419977641,0.5486466412763198
117.3999999999976,0.7,0.5234545750809585,0.517672648875325,0.45916574184560677
117.4999999999976,0.7,0.5235764766369745,0.5177148509544186,0.5490862316787413
117.59999999999759,0.7,0.5236982067638651,0.5177570248490075,0.45810105064229745
117.69999999999759,0.7,0.5238197565386967,0.5177991691862543,0.5493959813270509
117.79999999999758,0.7,0.5239411170521986,0.5178412825864408,0.45722216253501985
117.89999999999758,0.7,0.5240622794117297,0.5178833636630117,0.5496098040986241
117.99999999999757,0.7,0.524183234744246,0.5179254110226189,0.45650144831308515
118.09999999999756,0.7,0.524303974199269,0.5179674232651661,0.549754371430952
118.19999999999756,0.7,0.524424488951849,0.5180093989838533,0.4559135367527742
118.29999999999755,0.7,0.5245447702055225,0.5180513367652233,0.5498499682216168
118.39999999999755,0.7,0.5246648091952623,0.5180932351892058,0.4554361533524451
118.49999999999754,0.7,0.5247845971904166,0.5181350928291665,0.549911623328311
118.59999999999754,0.7,0.5249041254976332,0.5181769082519512,0.4550503156814772
118.69999999999753,0.7,0.5250233854637707,0.5182186800179346,0.5499502338514732
118.79999999999752,0.7,0.525142368478788,0.5182604066810681,0.4547401626800671
118.89999999999752,0.7,0.525261065978617,0.5183020867889271,0.5499735522233499
118.99999999999751,0.7,0.5253794694480084,0.5183437188827595,0.45449260873901376
119.09999999999751,0.7,0.5254975704233543,0.5183853014975353,0.5499869941249924
119.1999999999975,0.7,0.5256153604954823,0.5184268331619942,0.45429694025899436
119.2999999999975,0.7,0.5257328313124191,0.518468312398697,0.5499942710856451
119.39999999999749,0.7,0.5258499745821206,0.5185097377240729,0.45414441997307836
119.49999999999748,0.7,0.5259667820751683,0.5185511076484719,0.5499978711663723
119.59999999999748,0.7,0.526083245627428,0.5185924206762134,0.4540279305310186
119.69999999999747,0.7,0.5261993571426684,0.5186336753056366,0.5499994164656663
119.79999999999747,0.7,0.5263151085951382,0.5186748700291526,0.4539416688547737
119.89999999999746,0.7,0.5264304920320992,0.5187160033332934,0.5499999247555944
119.99999999999746,0.7,0.5265454995763149,0.5187570736987638,0.4538808919389576
120.09999999999745,0.7,0.5266601234284874,0.518798079600493,0.5499999984974228
120.19999999999744,0.7,0.5267743558696487,0.5188390195076844,0.4538417095507903
120.29999999999744,0.7,0.5268881892634968,0.5188798918838682,0.549999959877024
120.39999999999743,0.7,0.5270016160586792,0.5189206951869518,0.45382091728500723
120.49999999999743,0.7,0.5271146287910204,0.5189614278692721,0.5499999462667792
120.59999999999742,0.7,0.5272272200856929,0.5190020883776462,0.45381586314447714
120.69999999999742,0.7,0.5273393826593271,0.5190426751534228,0.5499999769845286
120.79999999999741,0.7,0.5274511093220631,0.5190831866325337,0.45382434135525734
120.8999999999974,0.7,0.527562392979538,0.5191236212455455,0.5499999994179384
120.9999999999974,0.7,0.5276732266348112,0.5191639774177098,0.4538445079858042
121.0999999999974,0.7,0.5277836033902236,0.5192042535690147,0.5499999204325697
121.19999999999739,0.7,0.5278935164491914,0.5192444481142362,0.453874813861522
121.29999999999738,0.7,0.5280029591179315,0.5192845594629877,0.5499996273664827
121.39999999999738,0.7,0.5281119248071192,0.5193245860197719,0.4539139511221884
121.49999999999737,0.7,0.5282204070334747,0.51936452618403,0.5499990017175992
121.59999999999737,0.7,0.5283283994212813,0.5194043783501913,0.45396081051103043
121.69999999999736,0.7,0.5284358957038298,0.5194441409077248,0.549997927752545
121.79999999999735,0.7,0.5285428897247916,0.5194838122411863,0.45401444709958166
121.89999999999735,0.7,0.5286493754395196,0.5195233907302688,0.5499962976268895
121.99999999999734,0.7,0.5287553469162737,0.5195628747498504,0.454074052649992
122.09999999999734,0.7,0.5288607983373736,0.5196022626700426,0.5499940141443063
122.19999999999733,0.7,0.5289657240002767,0.5196415528562385,0.4541389332117669
122.29999999999733,0.7,0.5290701183185805,0.5196807436691592,0.5499909919490377
122.39999999999732,0.7,0.5291739758229511,0.5197198334649011,0.4542084908603147
122.49999999999731,0.7,0.5292772911619748,0.5197588205949817,0.5499871577070556
122.59999999999731,0.7,0.5293800591029355,0.5197977034063853,0.45428220872654
122.6999999999973,0.7,0.5294822745325157,0.519836480241608,0.5499824496605619
122.7999999999973,0.7,0.5295839324574241,0.5198751494387018,0.45435963865421825
122.89999999999729,0.7,0.5296850280049447,0.5199137093313186,0.5499768168190535
122.99999999999729,0.7,0.5297855564234141,0.5199521582487526,0.45444039096684224
123.09999999999728,0.7,0.5298855130826224,0.5199904945159823,0.5499702179642596
123.19999999999727,0.7,0.5299848934741412,0.5200287164537128,0.45452412593756336
123.29999999999727,0.7,0.5300836932115766,0.5200668223784153,0.5499626205858451
123.39999999999726,0.7,0.5301819080307492,0.5201048106023668,0.45461054664229505
123.49999999999726,0.7,0.530279533789803,0.5201426794336899,0.54995399982263
123.59999999999725,0.7,0.5303765664692408,0.5201804271763889,0.454699392942904
123.69999999999725,0.7,0.5304730021718891,0.5202180521303885,0.5499443374549365
123.79999999999724,0.7,0.530568837122794,0.5202555525915684,0.45479043639923755
123.89999999999723,0.7,0.5306640676690453,0.5202929268517982,0.5499336209738085
123.99999999999723,0.7,0.5307586902795344,0.5203301731989717,0.4548834759490308
124.09999999999722,0.7,0.5308527015446448,0.5203672899170391,0.5499218427395087
124.19999999999722,0.7,0.5309460981758748,0.5204042752860383,0.4549783342262002
124.29999999999721,0.7,0.531038877005397,0.5204411275821256,0.5499089992329684
124.3999999999972,0.7,0.5311310349855527,0.5204778450776043,0.4550748544126937
124.4999999999972,0.7,0.5312225691882843,0.5205144260409522,0.5498950903983212
124.5999999999972,0.7,0.5313134768045058,0.5205508687368493,0.4551728975385123
124.69999999999719,0.7,0.5314037551434143,0.5205871714262013,0.5498801190713372
124.79999999999718,0.7,0.5314934016317422,0.520623332366164,0.4552723401599281
124.89999999999718,0.7,0.5315824138129511,0.5206593498101658,0.5498640904867436
124.99999999999717,0.7,0.531670789346373,0.5206952220079281,0.4553730723582045
125.09999999999717,0.7,0.5317585260062944,0.5207309472054847,0.5498470118566081
125.19999999999716,0.7,0.5318456216809878,0.5207665236451994,0.5428517331175885
125.29999999999715,0.7,0.5319320743716952,0.5208019495657824,0.5494878393501786
125.39999999999715,0.7,0.5320178821915569,0.5208372232023044,0.5440228969300344
125.49999999999714,0.7,0.5321030433644969,0.5208723427862104,0.5490614953183477
125.59999999999714,0.7,0.5321875562240592,0.5209073065453291,0.5447926532039149
125.69999999999713,0.7,0.5322714192122,0.5209421127038839,0.5486369680329413
125.79999999999713,0.7,0.5323546308780368,0.5209767594824994,0.5452980039417343
125.89999999999712,0.7,0.5324371898765564,0.521011245098208,0.5482437025176272
125.99999999999712,0.7,0.5325190949672819,0.5210455677644525,0.5456254376545856
126.09999999999711,0.7,0.5326003450129023,0.5210797256910896,0.5478907454731873
126.1999999999971,0.7,0.5326809389778657,0.5211137170843879,0.5458303374687213
126.2999999999971,0.7,0.5327608759269377,0.5211475401470279,0.5475774767512701
126.39999999999709,0.7,0.5328401550237248,0.5211811930780959,0.5459488802295389
126.49999999999709,0.7,0.4783582291047605,0.5497219176398928,0.5486411623340584
126.59999999999708,0.7,0.738408650569786,0.4512750665088509,0.5488925819869663
126.69999999999708,0.7,0.8512868980219461,0.5490059168242382,0.5490667299741059
126.79999999999707,0.7,0.8977359438983248,0.45300298267744493,0.5491938127661423
126.89999999999706,0.7,0.9176754846893778,0.5477893320099988,0.5492914220514956
126.99999999999706,0.7,0.9267984499336395,0.45545597595376425,0.5493700622804234
127.09999999999705,0.7000000000000001,0.47943765904215485,0.5460547488979521,0.5494361324066082
127.19999999999705,0.7,0.5024463731520837,0.45852171305721856,0.5494935880525386
127.29999999999704,0.7000000000000001,0.5198168681504763,0.5438330259273293,0.5495448979681341
127.39999999999704,0.7,0.5306785914642356,0.4620138057763455,0.5495916102356968
127.49999999999703,0.7,0.5370365341889538,0.5412025313251406,0.5496346954895506
127.59999999999702,0.7000000000000001,0.54072652172621,0.4657103561966087,0.5496747588981507
127.69999999999702,0.7,0.5429033311487392,0.5382762089059298,0.5497121729492286
127.79999999999701,0.7000000000000001,0.5442200712650515,0.4693981670969869,0.5497471614785131
127.89999999999701,0.7,0.5450374507719569,0.5351811486547264,0.5497798532236671
127.999999999997,0.7,0.5455567865744483,0.472905796129898,0.5498103161191038
128.099999999997,0.7000000000000001,0.5458933169646372,0.5320382185399711,0.5498385793257569
128.199999999997,0.7,0.5461150293755224,0.47611777662671323,0.5498646474099294
128.299999999997,0.7000000000000001,0.5462632325079124,0.5289477333534931,0.5498885094807124
128.399999999997,0.7,0.5463636777577111,0.47897245862014703,0.5499101450843541
128.499999999997,0.7000000000000001,0.5464327551583331,0.5259831475894542,0.5499295280109064
128.59999999999698,0.7,0.5464810640043255,0.48145073978805486,0.5499466287568988
128.69999999999698,0.7,0.5465155398187921,0.5231913842839223,0.5499614161232735
128.79999999999697,0.7000000000000001,0.5465407592471173,0.4835624498414632,0.5499738582574041
128.89999999999696,0.7,0.5465597603673382,0.5205970411128255,0.5499839233380793
128.99999999999696,0.7,0.546574568298254,0.4853343921495554,0.5499915800313904
129.09999999999695,0.7000000000000001,0.5465865368251046,0.5182079664022632,0.5499967977996887
129.19999999999695,0.7,0.5465965727583805,0.4868014894222442,0.5499995471162702
129.29999999999694,0.7,0.5466052843672325,0.5160206022845678,0.549999799619442
129.39999999999694,0.7,0.5466130800872737,0.4880009718103805,0.5499975282274142
129.49999999999693,0.7,0.5466202343941965,0.5140243575905207,0.5499927072276136
129.59999999999692,0.7,0.5466269318720973,0.4889689482808008,0.5499853123490034
129.69999999999692,0.7,0.5466332967432599,0.5122048440249883,0.5499753208227812
129.7999999999969,0.7,0.5466394126780281,0.4897386233796236,0.5499627114347913
129.8999999999969,0.7,0.5466453360942536,0.5105460960892432,0.5499474645716904
129.9999999999969,0.7,0.5466511050905278,0.49033955294669396,0.5499295622620932
130.0999999999969,0.7,0.5466567454487175,0.509031994318118,0.5499089882134082
130.1999999999969,0.7,0.5466622746682152,0.49079750678916667,0.5498857278447618
130.29999999999688,0.7000000000000001,0.5466677046777555,0.5076471128352855,0.5498597683162136
130.39999999999688,0.7,0.5466730436584941,0.4911346563108615,0.5498310985543473
130.49999999999687,0.7,0.546678297269704,0.5063771747006436,0.5497997092742597
130.59999999999687,0.7,0.5466834694728875,0.49136991440864025,0.5497655929979335
130.69999999999686,0.7,0.5466885630858994,0.505209252887076,0.5497287440689609
130.79999999999686,0.7000000000000001,0.5466935801555486,0.4915193277233179,0.5496891586635885
130.89999999999685,0.7,0.5466985222081502,0.5041318141464448,0.5496468347980498
130.99999999999685,0.7,0.5467033904180163,0.4915964669894965,0.5496017723321673
131.09999999999684,0.7,0.5467081857207666,0.5031346713845923,0.5495539729692145
131.19999999999683,0.7,0.5467129088895386,0.49161278859566193,0.5495034402520406
131.29999999999683,0.7,0.5467175605862494,0.5022088872338037,0.5494501795554783
131.39999999999682,0.7,0.5467221413960828,0.4915779561962513,0.5493941980750668
131.49999999999682,0.7,0.5467266518506962,0.5013466556556574,0.5493355048121371
131.5999999999968,0.7,0.5467310924438434,0.491500119839259,0.549274110555322
131.6999999999968,0.7,0.5467354636418958,0.5005411778084365,0.5492100278585674
131.7999999999968,0.7000000000000001,0.5467397658909344,0.4913861544924448,0.549143271015733
131.8999999999968,0.7,0.5467439996215352,0.4997865415184112,0.549073856031888
131.9999999999968,0.7000000000000001,0.5467481652520038,0.491241861863214,0.5490018005914139
132.09999999999678,0.7,0.5467522631905657,0.4990776093194824,0.5489271240230413
132.19999999999678,0.7,0.5467562938368564,0.4910721400894658,0.5488498472619608
132.29999999999677,0.7,0.5467602575829383,0.49840991732257417,0.7208510788874343
132.39999999999677,0.7,0.5467641548139993,0.4908811258629296,0.9059901401535707
132.49999999999676,0.7,0.5467679859088397,0.4977795855597556,0.9636823718900388
132.59999999999675,0.7,0.5467717512402128,0.49067231319431687,0.535999097731236
132.69999999999675,0.7,0.5467754511750701,0.49718323952532617,0.545004453255253
132.79999999999674,0.7,0.5467790860747395,0.49044865254213565,0.5487066207209065
132.89999999999674,0.7,0.5467826562950607,0.4966179421478138,0.8536115728479451
132.99999999999673,0.7,0.5467861621864895,0.4902126335116803,0.5445962504311916
133.09999999999673,0.7,0.5467896040941821,0.4960811352047495,0.5485953296694627
133.19999999999672,0.7000000000000001,0.5467929823580656,0.48996635384134457,0.8733976198661906
133.29999999999671,0.7,0.5467962973128987,0.495570589128367,0.5450713323021916
133.3999999999967,0.7000000000000001,0.5467995492883256,0.48971157695376843,0.9202104985279168
133.4999999999967,0.7000000000000001,0.5468027386089257,0.4950843601769248,0.5438735908879777
133.5999999999967,0.7,0.546805865594259,0.4894497799669098,0.5483863873374365
133.6999999999967,0.7,0.5468089305589104,0.4946207540208072,0.5498242118315679
133.7999999999967,0.7,0.5468119338125305,0.48918219373399163,0.8797848217276503
133.89999999999668,0.7,0.5468148756598761,0.49417829488913556,0.5469912012600897
133.99999999999667,0.7,0.5468177564008491,0.4889098362065562,0.5494780462891995
134.09999999999667,0.7,0.5468205763305345,0.4937556995260629,0.5499997628541499
134.19999999999666,0.7,0.5468233357392367,0.48863354018514704,0.8912854143067983
134.29999999999666,0.7000000000000001,0.5468260349125167,0.49335185530759273,0.5480045209654042
134.39999999999665,0.7,0.5468286741312266,0.488353976330823,0.5497794118977989
134.49999999999665,0.7,0.546831253671545,0.4929658019651765,0.5499649037490686
134.59999999999664,0.7,0.5468337738050102,0.4880716721515501,0.5495857975995924
134.69999999999663,0.7,0.5468362347985543,0.49259671644949277,0.9019189583505605
134.79999999999663,0.7,0.5468386369145355,0.48778702754494413,0.5491193650417898
134.89999999999662,0.7,0.5468409804107706,0.49224390054623013,0.5499899295880751
134.99999999999662,0.7,0.5468432655405658,0.487500327368033,0.549767611168394
135.0999999999966,0.7,0.5468454925527481,0.4919067709257425,0.5492128943512429
135.1999999999966,0.7,0.5468476616916951,0.4872117514115242,0.5486268114012995
135.2999999999966,0.7000000000000001,0.5468497731973646,0.49158485137099706,0.5481086835528223
135.3999999999966,0.7,0.5468518273053243,0.48692138207702407,0.5476772299044069
135.4999999999966,0.7000000000000001,0.5468538242467794,0.491277766984369,0.5473229310866675
135.59999999999658,0.7,0.5468557642486005,0.48662920998779946,0.9320866652980468
135.69999999999658,0.7000000000000001,0.5468576475333512,0.49098524022476675,0.5499958236679946
135.79999999999657,0.7,0.5468594743193144,0.48633513770449077,0.5496532116843622
135.89999999999657,0.7000000000000001,0.5468612448205186,0.490707088673544,0.5489124613367607
135.99999999999656,0.7,0.5468629592467629,0.48603898166454634,0.5481488131926733
136.09999999999656,0.7000000000000001,0.5468646178036422,0.49044322447190813,0.5474837650216356
136.19999999999655,0.7,0.5468662206925716,0.4857404724161797,0.5469376150018334
136.29999999999654,0.7000000000000001,0.5468677681108101,0.4901936554153432,0.5464957496409482
136.39999999999654,0.7,0.546869260251483,0.4854392531727102,0.5461353269750076
136.49999999999653,0.7000000000000001,0.5468706973036056,0.48995848773320533,0.5458349304728519
136.59999999999653,0.7,0.5468720794521044,0.48513487666974187,0.5455772928429411
136.69999999999652,0.7000000000000001,0.5468734068778387,0.48973793062544396,0.5453494174255105
136.79999999999652,0.7,0.5468746797576218,0.4848268002643593,0.5451418783035346
136.8999999999965,0.7000000000000001,0.5468758982642409,0.48953230267479864,0.5449479883017915
136.9999999999965,0.7,0.546877062566477,0.48451437917103135,0.5447630696963331
137.0999999999965,0.7000000000000001,0.546878172829124,0.4893420403033534,0.5445838823069928
137.1999999999965,0.7,0.5468792292130076,0.4841968576818696,0.54440819874957
137.2999999999965,0.7000000000000001,0.5468802318750029,0.48916770849879093,0.5442344983593969
137.39999999999648,0.7,0.5468811809680525,0.4838733581679283,0.5440617505521089
137.49999999999648,0.7000000000000001,0.5468820766411829,0.4890100141000925,0.5438892631820498
137.59999999999647,0.7,0.5468829190395215,0.4835428676019381,0.5437165771442645
137.69999999999646,0.7000000000000001,0.5468837083043114,0.4888698220071892,0.5435433934513932
137.79999999999646,0.7,0.5468844445729284,0.4832042212797527,0.5433695229291958
137.89999999999645,0.7000000000000001,0.5468851279788939,0.488748174767061,0.5431948515823047
137.99999999999645,0.7,0.5468857586518905,0.4828560833463073,0.5430193167786205
138.09999999999644,0.7000000000000001,0.5468863367177751,0.48864631609347503,0.5428428908856753
138.19999999999644,0.7,0.546886862298592,0.4824969236504747,0.5426655700321623
138.29999999999643,0.7000000000000001,0.5468873355125855,0.48856571900322565,0.5424873663907992
138.39999999999642,0.7,0.5468877564742118,0.4821249903603174,0.5423083028790345
138.49999999999642,0.7000000000000001,0.5468881252941512,0.48850811940361766,0.5421284095192691
138.5999999999964,0.7,0.5468884420793177,0.4817382776645909,0.5419477209379061
138.6999999999964,0.7000000000000001,0.546888706932871,0.4884755561505103,0.5417662746459129
138.7999999999964,0.7,0.5468889199542244,0.4813344877671723,0.5415841098557865
138.8999999999964,0.7,0.5468890812390561,0.48847041882154546,0.5414012666668266
138.9999999999964,0.7000000000000001,0.5468891908793168,0.48091098624866496,0.5412177855034512
139.09999999999638,0.7000000000000001,0.5468892489632374,0.48849550472519215,0.5410337067275259
139.19999999999638,0.7,0.5468892555753384,0.4804647497260651,0.5408490703705119
139.29999999999637,0.7,0.5468892107964352,0.48855408700530223,0.5406639159482689
139.39999999999637,0.7,0.5468891147036453,0.4799923045929464,0.5404782823330224
139.49999999999636,0.7,0.5468889673703948,0.48864999611825793,0.5402922076649944
139.59999999999636,0.7,0.5468887688664232,0.4794896554812712,0.5401057292916871
139.69999999999635,0.7,0.5468885192577885,0.48878771747418953,0.5399188837265596
139.79999999999634,0.7,0.5468882186068712,0.47895220197467964,0.5397317066214127
139.89999999999634,0.7,0.5468878669723786,0.48897250866782555,0.5395442327485613
139.99999999999633,0.7,0.546887464409348,0.4783746420635788,0.5393564959900843
140.09999999999633,0.7,0.5468870109691485,0.4892105405051777,0.5391685293322691
140.19999999999632,0.7,0.5468865066994842,0.4777508609382919,0.5389803648639377
140.29999999999632,0.7,0.5468859516443951,0.4895090669902275,0.5387920337777309
140.3999999999963,0.7,0.5468853458442581,0.4770738040969902,0.5386035663736972
140.4999999999963,0.7000000000000002,0.5468846893357875,0.4898766306040453,0.5384149920647151
140.5999999999963,0.7,0.547015255642974,0.47633533462542954,0.537876840673025
140.6999999999963,0.7,0.5470817482981407,0.490323310617805,0.5374800138738348
140.7999999999963,0.7,0.5471102018074916,0.475526076279665,0.5371762673711432
140.89999999999628,0.7,0.5471157382712835,0.49086102384830216,0.5369336032824759
140.99999999999628,0.7,0.5471073196749094,0.4746352473643867,0.5367310608619871
141.09999999999627,0.7,0.5470903241491019,0.4915038891707544,0.5365550051225857
141.19999999999627,0.7,0.38519336514781227,0.473650496579737,0.5362122505095299
141.29999999999626,0.7,0.6663820172254391,0.4922686691445887,0.536242296954965
141.39999999999625,0.7,0.8178271741899414,0.4725577632202617,0.536175062683461
141.49999999999625,0.7,0.8890125773054858,0.49317530399207304,0.5359746312333968
141.59999999999624,0.7,0.922137677980609,0.4713412043751629,0.5357185200249066
141.69999999999624,0.7,0.9381736703755839,0.4942475542047024,0.5354708154111119
141.79999999999623,0.7,0.9463465171217555,0.4699832685212383,0.5352648457697735
141.89999999999623,0.7,0.5121091523678543,0.4955137666939109,0.5351118948259318
141.99999999999622,0.7,0.5354102901012535,0.4684650619910736,0.535408360031577
142.09999999999621,0.7,0.7405765944239759,0.4970077722906941,0.5357662767548272
142.1999999999962,0.7,0.85995613259825,0.4667672784625417,0.5359754912180879
142.2999999999962,0.7,0.5273034793757411,0.49876990227180046,0.5358566039754402
142.3999999999962,0.7,0.5429180760220603,0.464872191744042,0.5359288539000767
142.4999999999962,0.7,0.7149819979469528,0.5008480627335247,0.5361808079934154
142.5999999999962,0.7,0.85588441658601,0.4627676432892073,0.5364207380754605
142.69999999999618,0.7,0.9155517603017528,0.5032986939108209,0.5365467398381799
142.79999999999617,0.7,0.5260418294682221,0.4604547627770757,0.5362050330481233
142.89999999999617,0.7,0.5423179008930765,0.5061871927987319,0.5360989228582683
142.99999999999616,0.7,0.5485032262506249,0.4579626415944141,0.5359538275034157
143.09999999999616,0.7,0.700338639391489,0.5095868326135597,0.5362228279678662
143.19999999999615,0.7,0.8630357652173065,0.4553757379701294,0.5366171533864773
143.29999999999615,0.7,0.9269341115492485,0.5135740446099544,0.5369079161146351
143.39999999999614,0.7,0.5310890940344287,0.45288348623687347,0.5364671687788284
143.49999999999613,0.7,0.5444080379660458,0.5182155383654378,0.5361856162489269
143.59999999999613,0.7,0.5490878272255239,0.4508638547259528,0.5358755195715265
143.69999999999612,0.7,0.5499996839887235,0.5235383891300245,0.5355260787259246
143.79999999999612,0.7,0.7201483330048349,0.45000038182573276,0.535923076953311
143.8999999999961,0.7,0.8890437098592094,0.5294686861697401,0.5365259280028519
143.9999999999961,0.7,0.5400799220935781,0.4513658349228586,0.5361590190251116
144.0999999999961,0.7,0.5477393698011073,0.5357269847315825,0.5358080880826395
144.1999999999961,0.7,0.5498537738233774,0.4562363506669943,0.5354178152605182
144.2999999999961,0.7,0.5498749218781548,0.5417124143432467,0.5350142432335447
144.39999999999608,0.7,0.7773531497274697,0.4653035298782513,0.5355876993258128
144.49999999999608,0.7,0.5475266224760272,0.5465273436892754,0.5353350136494732
144.59999999999607,0.7,0.5498164126202075,0.47761947241330405,0.5350048466260497
144.69999999999607,0.7,0.5498941475451483,0.5493475741700854,0.5346354383299159
144.79999999999606,0.7,0.5493341471962212,0.4907366735307539,0.5342677155998549
144.89999999999606,0.7,0.5487116436611991,0.5499637272058577,0.5339266254128318
144.99999999999605,0.7,0.5481952245694165,0.5023429321375205,0.5336226204210786
145.09999999999604,0.7,0.5478080973523667,0.5488855163702697,0.5333569217035217
145.19999999999604,0.7,0.5475299154778053,0.5114213663673378,0.5331259598828174
145.29999999999603,0.7,0.5473329763203383,0.5469068903960899,0.5329242641235298
145.39999999999603,0.7,0.5471933306103014,0.5180435245699883,0.5327460884587947
145.49999999999602,0.7,0.5470929491984868,0.5446772256628786,0.5325862051836227
145.59999999999602,0.7,0.5470190781092393,0.522716298742744,0.5324402083175791
145.699999999996,0.7,0.546962982286598,0.5425715059528663,0.5323045558530719
145.799999999996,0.7,0.5469187860316388,0.5259735261319312,0.5321764891205993
145.899999999996,0.7,0.5468825778073033,0.5407476996671197,0.5320539067869301
145.999999999996,0.7,0.5468517694530134,0.5282388717373422,0.531935233496163
146.099999999996,0.7,0.5468246547636978,0.5392387849925326,0.5318193014656197
146.19999999999598,0.7,0.5468001117457932,0.5298157101711823,0.5317052515423989
146.29999999999598,0.7,0.5467774041669554,0.5380197656332204,0.5315924542713375
146.39999999999597,0.7,0.5467560501704809,0.5309131520552485,0.5314804488637369
146.49999999999596,0.7,0.5467357356004506,0.5370453003518688,0.5313688970509374
146.59999999999596,0.7,0.5467162569151593,0.5316739888605011,0.5312575487714469
146.69999999999595,0.7,0.5466974836025214,0.5362677664360287,0.5311462169850961
146.79999999999595,0.7,0.5466793334243761,0.5321961038993335,0.5310347593754293
146.89999999999594,0.7,0.5466617560944963,0.5356446430776832,0.530923065166782
146.99999999999594,0.7,0.546644722501884,0.5325472380585304,0.5308110456916262
147.09999999999593,0.7,0.5466282175827107,0.5351406941684745,0.5306986276804155
147.19999999999592,0.7,0.5466122355953783,0.5327748063527344,0.530585748511948
147.29999999999592,0.7,0.5465967769802035,0.5347278687982278,0.5304723528662257
147.3999999999959,0.7,0.546581846265271,0.5329123723908485,0.5303583903751746
147.4999999999959,0.7,0.546567450663753,0.5343843499462662,0.5302438139801462
147.5999999999959,0.7,0.5465535991286826,0.5329839415550424,0.530128578788223
147.6999999999959,0.7,0.5465403017105377,0.5340934048162101,0.5300126412795522
147.7999999999959,0.7,0.5465275691152676,0.533006840437745,0.5298959587612404
147.89999999999588,0.7,0.5465154123948677,0.5338423080482899,0.5297784889942684
147.99999999999588,0.7,0.5465038427253935,0.532993674547976,0.5296601899418784
148.09999999999587,0.7,0.5464928712423764,0.5336214299808767,0.5295410196034344
148.19999999999587,0.7,0.546482508913605,0.5329536777695202,0.5294209359087199
148.29999999999586,0.7,0.5464727664358712,0.5334235032131218,0.5292998966553414
148.39999999999586,0.7,0.5464636541467046,0.5328936545658178,0.5291778594772991
148.49999999999585,0.7,0.5464551819450676,0.5332430495262153,0.5290547818365633
148.59999999999584,0.7,0.5464473592169556,0.5328186454213116,0.528930621032122
148.69999999999584,0.6987032697418473,0.4501120510156756,0.45066503901656135,0.48798832539486303
148.79999999999583,0.6993830393878163,0.45016356517711437,0.4506750739363493,0.4915940334161842
148.89999999999583,0.6996493159115738,0.45022050485239995,0.450657134807467,0.49426986207811063
148.99999999999582,0.6997580271785082,0.4502851632065084,0.45061945596809777,0.49625135876437043
149.09999999999582,0.6998010689504707,0.4503595406087786,0.45056890939709693,0.49772235580697255
149.1999999999958,0.6998131713099979,0.45044523234049305,0.45051083631000394,0.49882074610185045
149.2999999999958,0.6998084261906754,0.4505434930829347,0.4504492143228865,0.49964804383796346
149.3999999999958,0.6997930475910662,0.4506553296747283,0.4503869339703642,0.5002783062765938
149.4999999999958,0.6997699966307426,0.4507815837161271,0.4503260739829566,0.5007653210903232
149.5999999999958,0.6997407566780056,0.4509229966743344,0.45026813246984615,0.5011480694986288
149.69999999999578,0.6997060717591523,0.4510802583388034,0.4502142049675143,0.5014547716657611
149.79999999999578,0.6996662857468993,0.45125404133591707,0.45016511458107256,0.5017058456665331
149.89999999999577,0.6996215154435801,0.45144502454941365,0.45012150383335486,0.5019160592362584
149.99999999999577,0.6995717480143966,0.4516539079532816,0.4500838978419378,0.5020960902996643
150.09999999999576,0.6995169008240262,0.4518814209010672,0.4500527468640758,0.5022536573764831
150.19999999999575,0.6994568612697225,0.4521283254503039,0.4500284543671846,0.5023943380296967
150.29999999999575,0.6993915155135397,0.45239541588482246,0.4500113951062349,0.5025221613666447
150.39999999999574,0.6993207709281959,0.4526835152537182,0.4500019263640492,0.5026400369809156
150.49999999999574,0.6992445749300136,0.45299346948005775,0.45000039452834756,0.5027500655217231
150.59999999999573,0.699162931632938,0.4533261394018181,0.45000713848096485,0.5028537636001562
150.69999999999573,0.6990759169752804,0.45368239098398144,0.4500224907924537,0.502952226704738
150.79999999999572,0.6989836924415527,0.4540630838742987,0.4500467773902974,0.5030462472564798
150.8999999999957,0.7,0.5024937810560445,0.5024937810560445,0.5024937810560445
150.9999999999957,0.7,0.5061711433896836,0.5060971696066613,0.5060725197126331
151.0999999999957,0.7,0.5087924672548585,0.5086460274589525,0.5085972443154444
151.1999999999957,0.7,0.5106692072175365,0.5104511779180433,0.5103785783727204
151.2999999999957,0.7,0.5120235072752211,0.5117342651935443,0.5116380060574816
151.39999999999569,0.7,0.5130113936514611,0.5126509701291146,0.512531096872125
151.49999999999568,0.7,0.513741994001013,0.5133101996295779,0.5131666860743446
151.59999999999567,0.7,0.5142916599146481,0.5137881738089815,0.5136209506629897
151.69999999999567,0.7,0.5147139137767487,0.5141383438830321,0.5139473180355063
151.79999999999566,0.7,0.5150463577328275,0.5143982799983725,0.5141833470565307
151.89999999999566,0.20351063514823287,0.5153154615331295,0.5145944444323763,0.5143554965703957
151.99999999999565,0.19959209615900547,0.5151813026355776,0.5145672911905771,0.5143638836957313
152.09999999999565,0.20312272571543588,0.5150203912578905,0.5145105958216589,0.5143418338070156
152.19999999999564,0.20101471867483972,0.514840282541178,0.5144333012154956,0.5142985306447655
152.29999999999563,0.20325215846127523,0.5146457955956181,0.514340734575742,0.5142396466359531
152.39999999999563,0.20591501674712723,0.5144401967829854,0.5142373369950951,0.5141698057499129
152.49999999999562,0.20925052863112437,0.514226477963634,0.5141259120320192,0.5140919082389442
152.59999999999562,0.20904143045645945,0.5140043849172443,0.5140078374302663,0.5140077292799488
152.6999999999956,0.2089697860028769,0.5137749435044147,0.513884349665756,0.5139186247220748
152.7999999999956,0.20773878528716702,0.5135395885678239,0.5137569345490343,0.5138260181341286
152.8999999999956,0.20528338620424524,0.5132997098880071,0.5136267097165754,0.5137309350198085
152.9999999999956,0.20194580857156536,0.5130569347740581,0.5134947569017293,0.5136342887047526
153.0999999999956,0.19902436908724858,0.5128131355548914,0.5133621511510124,0.5135369215545676
153.19999999999558,0.19979071066263757,0.512570258773141,0.5132298906605607,0.5134395731461309
153.29999999999558,0.21064538823668294,0.5123297875718822,0.5130986404411884,0.5133427204784294
153.39999999999557,0.240381507393091,0.5120915245542588,0.5129681448360789,0.5132461969168809
153.49999999999557,0.2952217283973581,0.5118513900855194,0.5128361714337513,0.5131485020048374
153.59999999999556,0.22099286181025035,0.5115986075017875,0.12339336417207998,0.513045931542307
153.69999999999555,0.20749351623128787,0.5112937559785692,0.4207169050832778,0.512930165668639
153.79999999999555,0.19564521506247853,0.5110006881709712,0.6909183114325524,0.5128183757997169
153.89999999999554,0.19656253795210904,0.5107243321999178,0.8377198582079428,0.5127117995887278
153.99999999999554,0.22837552189383753,0.5104676983684052,0.9028544219215394,0.5126109231444725
154.09999999999553,0.30010192780952283,0.5102273011168001,0.9303886297905049,0.5125140619620527
154.19999999999553,0.3997283604783574,0.5099872602297814,0.45544594787845866,0.5124156194074859
154.29999999999552,0.22971437388731836,0.5097187551098029,0.45004078510998996,0.5123061037526045
154.39999999999552,0.47374223320956727,0.5093420460151443,0.45401094697359823,0.5121710092729704
154.4999999999955,0.6334031776055403,0.5090446540146931,0.4647446287856022,0.5120506575050475
154.5999999999955,0.4479740499111215,0.5089721085905907,0.4769118550684342,0.5120146041837985
154.6999999999955,0.6468975916651553,0.508703917312025,0.4872083702211239,0.5119035304154702
154.7999999999955,0.44530416518175103,0.508662815072171,0.47106028859600996,0.5118769728696012
154.8999999999955,0.1972035972166863,0.5084079024131332,0.7312457989425066,0.5117698462101951
154.99999999999548,0.6751382658910993,0.5080230119775987,0.4532744287281903,0.5116331617546033
155.09999999999548,0.22007175445485955,0.508110849871255,0.463824879128453,0.5116349610881304
155.19999999999547,0.6993396904395378,0.5078569359794123,0.47609609364563543,0.5115346145189662
155.29999999999546,0.3508129459110823,0.5079787169260839,0.48689520610365605,0.511552737955522
155.39999999999546,0.1941590407402045,0.5077671311167277,0.5691946142052784,0.5114612328865564
155.49999999999545,0.6999194167968135,0.5074871060343067,0.4666495835692189,0.5113537986098716
155.59999999999545,0.3534821856633518,0.50761552059521,0.47893776787586834,0.5113724853260634
155.69999999999544,0.6845681936607342,0.5074128383874661,0.48907432715159005,0.5112836988339666
155.79999999999544,0.4653990616603719,0.5074728308596954,0.4968119416126928,0.51128573380254
155.89999999999543,0.6653384189180338,0.5072771728302868,0.5022482614850726,0.5111957650756539
155.99999999999542,0.5267026874698454,0.507273492469166,0.5061745123468172,0.5111800941811084
156.09999999999542,0.6546223718533363,0.5070759094847445,0.5785987563201518,0.5110877391577313
156.1999999999954,0.6850804915174101,0.5070381590717883,0.4763752554750766,0.5110625391453831
156.2999999999954,0.6956413194890877,0.5071445451108838,0.4871966899374757,0.5110687642966267
156.3999999999954,0.4829756717207012,0.5072439455912673,0.4954964073898045,0.5110796290667743
156.4999999999954,0.6711154109834002,0.5070797191821209,0.5013813788217094,0.51099900235461
156.5999999999954,0.5743879358354085,0.5070921562712993,0.505627934561782,0.5109869055566869
156.69999999999538,0.6561242095084028,0.5069276853573154,0.5085034003684258,0.5109036855731096
156.79999999999538,0.6854389744902489,0.5068926204727161,0.5105840668995847,0.5108784650236592
156.89999999999537,0.6958255699252816,0.5069998046836268,0.51207629519915,0.5108840823131338
156.99999999999537,0.698500181780107,0.5071003255521364,0.5131435814791426,0.5108943441570116
157.09999999999536,0.6996475043112745,0.507228332516381,0.5139077902567836,0.5109085589048946
157.19999999999536,0.6998253617639308,0.5073487478653599,0.5144581699012205,0.5109222278281643
157.29999999999535,0.699979133301579,0.5074757519833006,0.5148573535346576,0.5109363787933334
157.39999999999534,0.6999716247840223,0.5076002534940346,0.5151500839096949,0.5109500971871966
157.49999999999534,0.6999999714301549,0.5077268207310839,0.5153675294802197,0.5109638220396595
157.59999999999533,0.6999916291574348,0.5078529417023603,0.5155318940971929,0.5109773406468379
157.69999999999533,0.6999985678371289,0.5079800001310297,0.5156586909816273,0.5109908034197942
157.79999999999532,0.6999953929461495,0.5081072899061825,0.5157589674008238,0.511004160975085
157.89999999999532,0.6999973604190562,0.41717434444646584,0.5158404702661685,0.5110174637730679
157.9999999999953,0.6999963090885751,0.7142823272013376,0.5159087122248706,0.5110307021740436
158.0999999999953,0.6999968928074569,0.8397418759935923,0.5159675700692411,0.5110438936268906
158.1999999999953,0.6999965504879119,0.45149972245578973,0.5160197995769805,0.5110570373530623
158.2999999999953,0.6999967195827393,0.46002246306613553,0.5160673425880963,0.5110701395853919
158.3999999999953,0.6999966020654999,0.7272261283294456,0.5161115778840666,0.511083200874745
158.49999999999528,0.6999966436710536,0.456659149485801,0.5161534782340056,0.5110962233967916
158.59999999999528,0.6999965962667049,0.7601254681633339,0.5161937335805148,0.5111092074683943
158.69999999999527,0.6999965982398646,0.4557465601424087,0.5162328310121366,0.511122153676169
158.79999999999526,0.6999965724855555,0.7734462847812579,0.5162711156052485,0.5111350619538996
158.89999999999526,0.6999965619859594,0.45570369925716825,0.5163088309842285,0.5111479322126291
158.99999999999525,0.6999965427846288,0.46713231232447655,0.5163461495014093,0.5111607641124319
159.09999999999525,0.6999965282329176,0.6985264201018846,0.516383192739411,0.5111735572549475
159.19999999999524,0.69999651088702,0.8319302909345349,0.5164200465276725,0.5111863111351272
159.29999999999524,0.6999964948938044,0.45395468163769714,0.5164567712788793,0.5111990252033239
159.39999999999523,0.6999964779395246,0.4650822872666767,0.5164934094765978,0.511211698859637
159.49999999999523,0.6999964613115036,0.7223266898765435,0.5165299908761753,0.5112243314755633
159.59999999999522,0.6999964442897801,0.4606132172862935,0.516566536243604,0.5112369223963078
159.6999999999952,0.6999964272732325,0.7573701332971925,0.5166030599685617,0.511249470949076
159.7999999999952,0.6999964100370452,0.45929221203419274,0.5166395719330944,0.5112619764456433
159.8999999999952,0.6999963927040247,0.47223007299721664,0.5166760788230228,0.5112744381858353
159.9999999999952,0.6999963752031664,0.6935411127841341,0.5167125850624376,0.5112868554591916
160.0999999999952,0.699996357571464,0.8296058278592904,0.5167490934713111,0.511299227546534
160.19999999999519,0.6999963397856693,0.4563045920607574,0.5167856057329704,0.5113115537208939
160.29999999999518,0.699996321856076,0.46900988459780385,0.5168221227236519,0.5113238332482463
160.39999999999517,0.699996303774239,0.722518781532024,0.5168586447463823,0.5113360653879913
160.49999999999517,0.6999962855421186,0.8410553369283403,0.51689517169605,0.5113482493933006
160.59999999999516,0.6999962671558316,0.45667283206760656,0.5169317031764205,0.5113603845113519
160.69999999999516,0.6999962486147098,0.46979915692852164,0.5169682385827852,0.511372469983488
160.79999999999515,0.6999962299162489,0.7280374654265785,0.5170047771605026,0.5113845050453198
160.89999999999515,0.6999962110589241,0.46495244014287396,0.5170413180463661,0.5113964889267928
160.99999999999514,0.6999961920406186,0.7610514734411604,0.5170778602978875,0.5114084208522227
161.09999999999513,0.6999961728594992,0.46347722239899775,0.517114402913996,0.5114203000403122
161.19999999999513,0.6999961535135282,0.774618795271647,0.5171509448496852,0.5114321257041543
161.29999999999512,0.6999961340007332,0.4632544543462681,0.5171874850263669,0.5114438970512228
161.39999999999512,0.6999961143190566,0.47772116402676423,0.5172240223391964,0.5114556132833578
161.4999999999951,0.6999960944664386,0.7045118780624452,0.5172605556622513,0.5114672735967446
161.5999999999951,0.6999960744407693,0.8345796337593907,0.5172970838521938,0.5114788771818882
161.6999999999951,0.6999960542399151,0.4603127828188831,0.5173336057508616,0.511490423223586
161.7999999999951,0.6999960338617026,0.8074776078832291,0.5173701201871,0.511501910900897
161.8999999999951,0.6999960133039267,0.4629544676392705,0.5174066259780582,0.5115133393871105
161.99999999999508,0.6999959925643447,0.47788675912378353,0.5174431219301052,0.5115247078497124
162.09999999999508,0.6999959716406791,0.7191678518060264,0.5174796068394814,0.5115360154503518
162.19999999999507,0.6999959505306143,0.8408483393229521,0.5175160794927577,0.5115472613448052
162.29999999999507,0.6999959292317977,0.46255769789123163,0.5179039924168746,0.5115584446829412
162.39999999999506,0.6999959077418375,0.47833377729676657,0.518411272346101,0.5115695646086836
162.49999999999505,0.6999958860583035,0.7291530338225076,0.5175825551308623,0.5115806202599749
162.59999999999505,0.6999958641787245,0.8413961900058109,0.5164741331421612,0.5115916107687382
162.69999999999504,0.6999958421005892,0.4639209824083889,0.5170129608479556,0.51160253526084
162.79999999999504,0.6999958198213441,0.48016568872643717,0.5176526024861364,0.5116133928560503
162.89999999999503,0.6999957973383932,0.7297529148893007,0.5168890725201439,0.5116241826680057
162.99999999999503,0.6999957746490972,0.8418582035935341,0.5158001122156581,0.511634903804167
163.09999999999502,0.6999957517507723,0.4653538447347122,0.5163719566838724,0.5116455553657819
163.19999999999501,0.6999957286406896,0.482020245873304,0.5170612760798033,0.5116561364478434
163.299999999995,0.6999957053160738,0.7306776196559719,0.5163110399242374,0.5116666461390482
163.399999999995,0.6999956817741027,0.8425786578193034,0.5152079660115961,0.5116770835217568
163.499999999995,0.6999956580119058,0.46683078844148246,0.5157859841194391,0.5116874476719502
163.599999999995,0.6999956340265633,0.4838687121464329,0.5165056379344718,0.5116977376591885
163.699999999995,0.6999956098151057,0.7321185823738545,0.515757674559751,0.5117079525465669
163.79999999999498,0.6999955853745117,0.8436422270839015,0.5146348809876324,0.5117180913906733
163.89999999999498,0.6999955607017078,0.46834769037559343,0.5152126034142198,0.5117281532415433
163.99999999999497,0.6999955357935671,0.8064820019643952,0.514343460224257,0.5117381371426167
164.09999999999496,0.6999955106469086,0.4725139612506013,0.51498428080543,0.5117480421306917
164.19999999999496,0.6999954852584946,0.7921027539600084,0.5141696274702711,0.5117578672358792
164.29999999999495,0.6999954596250311,0.474654849256475,0.514802246506178,0.5117676114815569
164.39999999999495,0.6999954337431655,0.7873630963779229,0.5139834346966771,0.5117772738843226
164.49999999999494,0.699995407609486,0.4759923828734652,0.5145966360493001,0.5117868534539461
164.59999999999494,0.6999953812205199,0.7863946836868155,0.5137642494673049,0.5117963491933222
164.69999999999493,0.6999953545727323,0.4770294422604702,0.5143626150799063,0.5118057600984208
164.79999999999492,0.6999953276625251,0.7869136343885256,0.5135197698046968,0.511815085158239
164.89999999999492,0.6999953004862353,0.4779587589963169,0.5141092133366917,0.5118243233547505
164.9999999999949,0.6999952730401328,0.7880669886693518,0.5132604812263224,0.5118334736628545
165.0999999999949,0.6999952453204211,0.47885288360873746,0.5138450803125906,0.5118425350503255
165.1999999999949,0.6999952173232333,0.7895407982291163,0.5129940203010661,0.5118515064777609
165.2999999999949,0.6999951890446318,0.8679279803308676,0.5118814939561838,0.5118603868985283
165.3999999999949,0.6999951604806067,0.47247378667263185,0.5125536240624627,0.5118691752587123
165.49999999999488,0.6999951316270743,0.4910332285039008,0.5134527707892966,0.5118778704970606
165.59999999999488,0.6999951024798744,0.7510521017901163,0.512782382302724,0.5118864715449288
165.69999999999487,0.6999950730347702,0.8548377666389204,0.5116553061937461,0.5118949773262255
165.79999999999487,0.6999950432874444,0.4758815810775377,0.5122568478370164,0.5119033867573551
165.89999999999486,0.6999950132334997,0.49425102713821023,0.5131266046232703,0.5119116987471621
165.99999999999486,0.6999949828684549,0.7501030293007686,0.5124300999193188,0.5119199121968718
166.09999999999485,0.6999949521877444,0.855970936863627,0.5112621173322573,0.5119280260000323
166.19999999999484,0.6999949211867159,0.4778932245395499,0.5118194071598404,0.5119360390424551
166.29999999999484,0.6999948898606274,0.8211651679750396,0.5109883221900227,0.5119439502021548
166.39999999999483,0.6999948582046462,0.4825613050706252,0.5116370963952683,0.5119517583492871
166.49999999999483,0.6999948262138467,0.8091323714422333,0.5108709824439217,0.5119594623460879
166.59999999999482,0.6999947938832073,0.48487360936659196,0.5115065289511554,0.5119670610468094
166.69999999999482,0.6999947612076092,0.8064188437947959,0.5107374009870956,0.5119745532976567
166.7999999999948,0.6999947281818332,0.48631924552390476,0.5113441790028153,0.511981937936723
166.8999999999948,0.6999946948005581,0.8072289541182016,0.5105651718026806,0.5119892137939231
166.9999999999948,0.6999946610583572,0.8801254732457106,0.5094735274502399,0.511996379690928
167.0999999999948,0.6999946269496968,0.48012701605270497,0.5101067343230404,0.5120034344410963
167.1999999999948,0.699994592468933,0.4989987120513086,0.5110582492824066,0.5120103768494054
167.29999999999478,0.6999945576103092,0.7726934015915305,0.5104662241937329,0.5120172057123824
167.39999999999478,0.6999945223679527,0.8697126423202294,0.5093745793096782,0.512023919818033
167.49999999999477,0.6999944867358732,0.4838976640405939,0.5099204613657783,0.5120305179457691
167.59999999999476,0.6999944507079583,0.5022434135516024,0.5108169248742074,0.5120369988663375
167.69999999999476,0.6999944142779719,0.7748089876913571,0.5102030678948982,0.5120433613417444
167.79999999999475,0.69999437743955,0.8727754010429775,0.509086674823343,0.5120496041251804
167.89999999999475,0.6999943401861978,0.4862188582927119,0.5095731082399141,0.5120557259609455
167.99999999999474,0.6999943025112867,0.841401014054351,0.5088418045933154,0.5120617255843699
168.09999999999474,0.6999942644080509,0.4910743651857709,0.509432152102616,0.5120676017217368
168.19999999999473,0.699994225869583,0.8317094770053309,0.5087720615432745,0.5120733530902019
168.29999999999472,0.6999941868888316,0.49348348993383534,0.5093419828713636,0.5120789783977121
168.39999999999472,0.6999941474585972,0.8306261015010025,0.5086835350878527,0.5120844763429242
168.4999999999947,0.6999941075715275,0.49504518024585614,0.5092151654087824,0.5120898456151202
168.5999999999947,0.6999940672201145,0.8326778553804797,0.5085540006283645,0.5120950848941228
168.6999999999947,0.6999940263966903,0.4963297695941789,0.5090522928091192,0.5121001928502091
168.7999999999947,0.6999939850934223,0.512211229596704,0.5098929466986037,0.5121051681440231
168.8999999999947,0.6999939433023091,0.7846904059717547,0.509324061431024,0.5121100094264868
168.99999999999469,0.6999939010151769,0.8844540017079333,0.508221184076043,0.5121147153387092
169.09999999999468,0.6999938582236732,0.49381064874587277,0.5085344070541484,0.5121192845118951
169.19999999999467,0.699993814919263,0.8594133190925948,0.5078591382820141,0.5121237155672517
169.29999999999467,0.6999937710932248,0.49829704161646665,0.5083031974956898,0.5121280071158933
169.39999999999466,0.6999937267366435,0.5141925724463806,0.5091182010723302,0.5121321577587455
169.49999999999466,0.6999936818404068,0.8040116964923603,0.5086367678369603,0.5121361660864469
169.59999999999465,0.699993636395199,0.8956894297734446,0.5076196653558507,0.5121400306792498
169.69999999999465,0.6999935903914956,0.49750751691652745,0.5078754919488415,0.5121437501069193
169.79999999999464,0.6999935438195577,0.5141516257733146,0.5085916225499115,0.5121473229286301
169.89999999999463,0.6999934966694261,0.8227789870385058,0.5081455960213375,0.5121507476928623
169.99999999999463,0.6999934489309146,0.5079474028575486,0.5084499545992966,0.5121540229372957
170.09999999999462,0.6999934005936042,0.8535812606632899,0.50785546987509,0.512157147188701
170.19999999999462,0.6999933516468364,0.5068301398818115,0.508089510951585,0.512160118962831
170.2999999999946,0.6999933020797063,0.5205681266838491,0.50872630245157,0.5121629367643086
170.3999999999946,0.6999932518810558,0.8256257621938256,0.5082882151759535,0.5121655990865135
170.4999999999946,0.6999932010394658,0.5121816853757479,0.5084712713889696,0.5121681044114677
170.5999999999946,0.6999931495432494,0.8652517901769073,0.5078921844083886,0.5121704512097169
170.6999999999946,0.699993097380444,0.5103967295852366,0.5080192434622525,0.5121726379402134
170.79999999999458,0.699993044538803,0.5231483359733139,0.5085692522211532,0.5121746630501932
170.89999999999458,0.6999929910057872,0.8444552587308988,0.5081964395101307,0.512176524975054
170.99999999999457,0.6999929367685571,0.5151350654682096,0.5083190941063446,0.5121782221382291
171.09999999999457,0.6999928818139635,0.5261080670706251,0.5088270220796036,0.5121797529510613
171.19999999999456,0.6999928261285381,0.8520284411462935,0.5084842720874155,0.5121811158126728
171.29999999999455,0.6999927696984846,0.5172932580763034,0.5085599284808672,0.5121823091098328
171.39999999999455,0.6999927125096678,0.5274570124607576,0.5090216534331794,0.5121833312168246
171.49999999999454,0.6999926545476045,0.5332990679675456,0.5096305426838035,0.5121841804953093
171.59999999999454,0.6999925957974523,0.8503313696754682,0.5088327321776883,0.5139023570779221
171.69999999999453,0.6999925362439987,0.5211446548980471,0.5083995582316989,0.515028103105794
171.79999999999453,0.6999924758716497,0.5296100061957847,0.5083587787068676,0.5157697090524097
171.89999999999452,0.6999924146644182,0.5344417659124974,0.5085382841595202,0.5162601371396504
171.99999999999451,0.6999923526059117,0.8745284784358154,0.5084817099546426,0.5165735081835668
172.0999999999945,0.6999922896793193,0.5228870875355471,0.5084709827683547,0.5167685576579969
172.1999999999945,0.6999922258673991,0.5304895896745861,0.5086801220222696,0.5168905159459359
172.2999999999945,0.699992161152464,0.5348368728055187,0.5090049993810454,0.2793774264270474
172.3999999999945,0.699992095516368,0.5373407985926927,0.5095631610118684,0.5740141346189694
172.4999999999945,0.6999920289404915,0.5387985358212726,0.5105740529160547,0.7873422359020669
172.59999999999448,0.6999919614057257,0.5396551315067966,0.5116285022503135,0.8993129209198428
172.69999999999447,0.6999918928924568,0.5401550586526728,0.5125020171447371,0.5411212216397319
172.79999999999447,0.69999182338055,0.5404365995196617,0.5129400180618157,0.5495402597468789
172.89999999999446,0.6999917528493318,0.5405774152105028,0.5134872174082601,0.7076541102788547
172.99999999999446,0.6999916812775727,0.5406338145335662,0.5141808624186249,0.5490227282605885
173.09999999999445,0.699991608643469,0.5406418662189872,0.5145980289292467,0.7274689592323267
173.19999999999445,0.6999915349246223,0.5406168386007987,0.5152273990312155,0.8692134378734778
173.29999999999444,0.6999914600980213,0.5405768427647174,0.51586341885407,0.5433726725207171
173.39999999999444,0.6999913841400199,0.5405300510701285,0.5160651702522561,0.5499217143752481
173.49999999999443,0.6999913070263162,0.5404731046180082,0.5163467429271476,0.5474043571517815
173.59999999999442,0.6999912287319294,0.5404127183194233,0.5165228980227186,0.5737881228447178
173.69999999999442,0.6999911492311772,0.5403497194425955,0.5169121567895257,0.7862679897362159
173.7999999999944,0.6999910684976509,0.5402906323029677,0.5175475649293921,0.8982631141804981
173.8999999999944,0.6999909865041904,0.5402407697277395,0.5181306405234798,0.5418848947989238
173.9999999999944,0.6999909032228577,0.5401980124484752,0.5182175742665066,0.5497284941140083
174.0999999999944,0.6999908186249095,0.5401516485055874,0.5183935861494767,0.7050404862883815
174.1999999999944,0.6999907326807683,0.540105713223587,0.5188467083755849,0.5493017513948446
174.29999999999438,0.6999906453599924,0.5400668586896712,0.5189972507409903,0.7262600645918967
174.39999999999438,0.6999905566312461,0.5400277872306215,0.5194534435419951,0.868798743390197
174.49999999999437,0.6999904664622649,0.5399959213512461,0.51997564573727,0.5441654691570332
174.59999999999437,0.6999903748198241,0.5399715616888813,0.5199886763528743,0.5499864556574298
174.69999999999436,0.6999902816697012,0.5399426168078222,0.5200371910656909,0.6882312535179301
174.79999999999436,0.699990186976641,0.5399120163167648,0.5204015663906996,0.5496517278953454
174.89999999999435,0.6999900907043156,0.5398877481610211,0.5204705978812657,0.7197305008192607
174.99999999999434,0.6999899928152847,0.5398622606651349,0.520871314471532,0.8663351297077966
175.09999999999434,0.6999898932709538,0.5398437858267658,0.5213638962975617,0.5448579583280129
175.19999999999433,0.6999897920315299,0.5398329764032346,0.521315014027668,0.5499997445062034
175.29999999999433,0.6999896890559754,0.5398163221418211,0.5212767339695237,0.6904737938297687
175.39999999999432,0.6999895843019608,0.539796426770022,0.5215934344448532,0.8523332091364745
175.49999999999432,0.6999894777258138,0.5397826268496169,0.5220606684123684,0.5458950150968426
175.5999999999943,0.6999893692824666,0.5397769992497227,0.521982073866406,0.5499497138972841
175.6999999999943,0.6999892589254016,0.5397654189888683,0.5218887913951532,0.6862643836488335
175.7999999999943,0.6999891466065933,0.5397498599917072,0.5221742189502692,0.8513852434536263
175.8999999999943,0.6999890322764479,0.5397404233181937,0.522625858886768,0.5463535658888703
175.9999999999943,0.69998891588374,0.5397394486104232,0.5225144557688015,0.8120372934520993
176.09999999999428,0.6999887973755471,0.5397320552523078,0.5228720614829573,0.5478624795200943
176.19999999999428,0.6999886766971785,0.5397313030164839,0.5227287332845013,0.7914670074214311
176.29999999999427,0.6999885537921045,0.5408899622576556,0.5230726554595031,0.5483903131070367
176.39999999999426,0.6999884286018782,0.5413368934599392,0.5229490183201347,0.7891980492664068
176.49999999999426,0.6999883010660559,0.5419011541904281,0.5232958763490857,0.5485824005514991
176.59999999999425,0.6999881711221133,0.5419925802806537,0.5231611316791879,0.7902017413571178
176.69999999999425,0.6999880387053559,0.5423251160857371,0.5234977534741464,0.5487054715163124
176.79999999999424,0.6999879037488269,0.5422738135245656,0.5233437834608262,0.7928654388174143
176.89999999999424,0.6999877661832092,0.5425125586556198,0.5236689218777999,0.5488001305112454
176.99999999999423,0.6999876259367225,0.5424017360234117,0.5234951680856795,0.796393782249713
177.09999999999422,0.6999874829350146,0.5426022305024998,0.5238105767575356,0.5488845111239025
177.19999999999422,0.6999873371010485,0.5424658491298064,0.523618452363162,0.8003970517730232
177.2999999999942,0.6999871883549829,0.5426510378786353,0.5239263172638933,0.548966819728728
177.3999999999942,0.6999870366140437,0.5425032114191618,0.5237175619098547,0.8046836866085556
177.4999999999942,0.6999868817923939,0.5426826196065425,0.5240198865125202,0.9168363559837547
177.5999999999942,0.6999867238009913,0.5429484703756311,0.5243872925135565,0.5454951596554096
177.6999999999942,0.6999865625474411,0.542775176117118,0.5240764353700463,0.5499998732081156
177.79999999999418,0.6999863979358406,0.542529235064958,0.5237677786179499,0.7117428531423676
177.89999999999418,0.6999862298666137,0.5422793958498866,0.5235745040588672,0.7309822366948657
177.99999999999417,0.6999860582363371,0.5420477416925489,0.5233838307593924,0.7517918728920451
178.09999999999417,0.6999858829375568,0.5418681716185448,0.5232515837410527,0.7765812317082667
178.19999999999416,0.6999857038585936,0.5417501935503614,0.5231984716602419,0.8054482834096671
178.29999999999416,0.6999855208833373,0.5416898961155233,0.5232226725635438,0.8377401004926267
178.39999999999415,0.69998533389103,0.5416777564923612,0.5233118550628877,0.7179969793836837
178.49999999999415,0.6999851427560354,0.5420152025386544,0.5237285164190387,0.9266819016091684
178.59999999999414,0.6999849473475951,0.5421684605377488,0.5240659682186677,0.9587478362479079
178.69999999999413,0.6999847475295704,0.542203790715183,0.5242208828703507,0.8203043713974796
178.79999999999413,0.6999845431601686,0.5424790219181443,0.5245255904337045,1.028092415789603
178.89999999999412,0.6999843340916517,0.5425789793939119,0.524763125171277,0.8862038938441039
178.99999999999412,0.6999841201700285,0.5428119752422538,0.5249956847311509,0.9645570817062411
179.0999999999941,0.6999839012347271,0.5430911168558514,0.5252972463400541,0.9953069755940802
179.1999999999941,0.6999836771182466,0.5433325634003039,0.5255394640814423,1.1268864619996712
179.2999999999941,0.6999834476457867,0.5433345802492259,0.5256229879505958,0.9480982049976227
179.3999999999941,0.6999832126348546,0.5434037442484901,0.5256008975244608,0.9904347837017755
179.4999999999941,0.6999829718948454,0.5435275466280368,0.5256631724686809,1.0074858265364866
179.59999999999408,0.6999827252265957,0.5436458410446182,0.5257220161405504,0.5487105145734235
179.69999999999408,0.6999824724219079,0.5433555416574862,0.5250491221530957,0.5493734972227873
179.79999999999407,0.6999822132630422,0.5430242585496503,0.5244382667016362,0.8801254722355863
179.89999999999407,0.6999819475221756,0.5430761618062914,0.5245653736215204,0.5495744445471197
179.99999999999406,0.6999816749608229,0.542859673876578,0.5241267637249967,0.5451572423385518
180.09999999999405,0.6999813953292185,0.5425848326760948,0.5236533170940575,0.83473234712999
180.19999999999405,0.6999811083656564,0.5427038252331183,0.5239070255156903,0.5482531048191517
180.29999999999404,0.6999808137957813,0.5425719547815869,0.5236246420359891,0.5427310620553117
180.39999999999404,0.6999805113318317,0.5423634674079061,0.523261780794433,0.8338204761057562
180.49999999999403,0.6999802006718281,0.5425324100809188,0.5236054128167756,0.5473229699587743
180.59999999999403,0.6999798814987017,0.5424482577463623,0.5233996420885583,0.5414429759151402
180.69999999999402,0.6999795534793605,0.5422773200241772,0.5230925891275694,0.8469649921650293
180.79999999999401,0.6999792162636838,0.5424642866302802,0.5234749812770693,0.5465532752198136
180.899999999994,0.6999788694834445,0.5424021486464311,0.5232989131657938,0.5404808509511254
180.999999999994,0.6999785127511461,0.5422503951742854,0.5230156948580954,0.5343776500274235
181.099999999994,0.699978145658773,0.5420694172858369,0.5227047134261975,0.8311451371397593
181.199999999994,0.6999777677764422,0.542259667318338,0.5231165104929622,0.5441161542383495
181.299999999994,0.6999773786509487,0.5422372908206569,0.5230173735116006,0.5377897578185701
181.39999999999398,0.6999769778041959,0.5421243875515578,0.5228002686610372,0.5320143981949594
181.49999999999397,0.6999765647314989,0.5419802069694105,0.5225495104281819,0.527378674353507
181.59999999999397,0.6999761388997484,0.5418367170842895,0.5223141785661117,0.8373126887752355
181.69999999999396,0.6999756997454237,0.5420401407706449,0.5227815505592842,0.5411253024277879
181.79999999999396,0.6999752466724377,0.5420651878341249,0.5227707257159877,0.5348758947438997
181.89999999999395,0.6999747790498004,0.541996866779372,0.5226302389866464,0.5295693245414567
181.99999999999395,0.6999742962090796,0.5418927611189459,0.5224468919970813,0.5254509391873575
182.09999999999394,0.6999737974416407,0.5417833007949087,0.5222687545267547,0.5223960407815085
182.19999999999393,0.6999732819956427,0.5416827781548994,0.5221181783280483,0.520185341767337
182.29999999999393,0.6999727490727629,0.5415966023303656,0.5220025548127549,0.5186088971246089
182.39999999999392,0.3000653875459076,0.541525631152803,0.5219214608594981,0.5174956698881588
182.49999999999392,0.6999723097575392,0.5412529931985745,0.5215506391005027,0.5164434337601186
182.5999999999939,0.3000664566097855,0.5412194706908313,0.521534640101738,0.5159057491545168
182.6999999999939,0.6999718597336874,0.5409710990892069,0.5212131023327459,0.5152591158220801
182.7999999999939,0.3000675521042023,0.5409605496046184,0.5212375455496066,0.5150115911681794
182.8999999999939,0.6999713986503515,0.5407249567426816,0.5209442905518965,0.5145672253820958
182.9999999999939,0.3000686749075289,0.5407278278752615,0.5209916501665554,0.5144640971858289
183.09999999999388,0.699970926142189,0.5404977844241358,0.5207128770035188,0.5141193299850875
183.19999999999388,0.30006982593492476,0.5405083376586717,0.5207722686899963,0.5140875863415395
183.29999999999387,0.6999704418286475,0.5402795805988296,0.5204997171240505,0.5137912131280075
183.39999999999387,0.30007100614020316,0.540294535063887,0.5205648203847018,0.5137945544135114
183.49999999999386,0.6999699453131984,0.5400646312271238,0.5202937869616071,0.5135211627880979
183.59999999999386,0.3000722165178058,0.5400821672803673,0.5203610689754004,0.5135415951415495
183.69999999999385,0.6999694361825254,0.5398497465224464,0.5200889501768259,0.5132786004547325
183.79999999999384,0.300073458104898,0.5398688759119166,0.5201564794623351,0.5133072160177692
183.89999999999384,0.699968914005664,0.5396331640751615,0.5198818543363589,0.5130483953260444
183.99999999999383,0.30007473198358964,0.5396533586256678,0.5199485857368598,0.5130807888537949
184.09999999999383,0.6999683783330901,0.539413907692102,0.5196706796677643,0.5128230715115925
184.19999999999382,0.30007603928329196,0.5394348888431254,0.5197360465940752,0.5128570682009396
184.29999999999382,0.6999678286957525,0.5391914258700699,0.5194544310843798,0.5125989454719859
184.3999999999938,0.3000773811832211,0.5392130483324584,0.5195181207409842,0.5126334753702688
184.4999999999938,0.699967264604046,0.5389653926373367,0.5192325499192365,0.5123742124840294
184.5999999999938,0.30007875891505575,0.538987581182823,0.5192943821688338,0.5124087527696887
184.6999999999938,0.6999666855467215,0.5387355996166744,0.519004705440236,0.5121479983560059
184.7999999999938,0.30008017376576335,0.5387583151711348,0.5190645685557524,0.5121822968052661
184.89999999999378,0.6999660909897272,0.538501898235554,0.5187706845839872,0.5119198891383281
184.99999999999378,0.3000816270806045,0.5385251198716583,0.5188285015752031,0.5119538268805167
185.09999999999377,0.6999654803749779,0.538264169082458,0.5185303343061725,0.5116896976531403
185.19999999999376,0.3000831202663297,0.5382878845347939,0.5185860454357489,0.5117232209742314
185.29999999999376,0.6999648531190452,0.5380223057904558,0.5182835317274558,0.5114573474438118
185.39999999999375,0.30008465479458285,0.5380465064959064,0.5183370855056127,0.5114904338500422
185.49999999999375,0.6999642086117641,0.5377762066260124,0.5180301688112651,0.5112228149994705
185.59999999999374,0.300086232205526,0.5378008851483143,0.5180815173934264,0.5112554562990222
185.69999999999374,0.6999635462147491,0.5375257701352206,0.5177701445781709,0.5109861009353219
185.79999999999373,0.30008785411170313,0.5375509188370202,0.5178192414332112,0.5110182947855502
185.89999999999372,0.6999628652598139,0.5372708929135309,0.5175033612029286,0.5107472155827639
185.99999999999372,0.30008952220215973,0.5372965032767064,0.5175501599448684,0.5107789612569854
186.0999999999937,0.6999621650472861,0.5370114684806626,0.5172297220992905,0.5105061717662855
186.1999999999937,0.3000912382468395,0.5370375307608263,0.5172741759108985,0.5105374680301066
186.2999999999937,0.6999614448442103,0.5367473867275558,0.5169491310152423,0.5102629811768556
186.3999999999937,0.3000930041012771,0.5367738897789065,0.5169911923698057,0.510293825224225
186.4999999999937,0.6999607038824304,0.5359476839420054,0.51664916632695,0.5100705332535267
186.59999999999368,0.30009482171161334,0.5356316578682396,0.5166731323528131,0.5101263258681031
186.69999999999368,0.6999599413565413,0.5351029234310999,0.5163229542685367,0.50985527315322
186.79999999999367,0.30009669311995507,0.5349947364977353,0.5163458214709488,0.509879246223192
186.89999999999367,0.6999591564217004,0.5345957214326488,0.5159941178316245,0.5095853501154904
186.99999999999366,0.3000986204701097,0.5345791601315234,0.5160182048737056,0.5095946856572046
187.09999999999366,0.6999583481912882,0.5342339617027632,0.5156651962160735,0.5092896907803964
187.19999999999365,0.3001006060137222,0.5342574744451329,0.5156897559730896,0.5092924148305092
187.29999999999364,0.699957515734405,0.5339326850238744,0.5153343988803916,0.5089817811993566
187.39999999999364,0.3001026521168495,0.5339737589433565,0.5153583441973075,0.5089815870971441
187.49999999999363,0.6999566580731893,0.5336547740471369,0.5149996853625411,0.5086678224248189
187.59999999999363,0.3001047612670075,0.5337036139541564,0.5150221979822523,0.5086663817995357
187.69999999999362,0.6999557741799486,0.5333840232635525,0.5146595926791729,0.5083506245441921
187.79999999999362,0.30010693608072747,0.5334363581188795,0.5146801467151083,0.5083486764472631
187.8999999999936,0.6999548629740795,0.5331133059319876,0.5143131987788728,0.5080314366515826
187.9999999999936,0.30010917931166947,0.5331672598643443,0.5143314697602941,0.5080292938506239
188.0999999999936,0.6999539233187662,0.5328394316810754,0.5139599403508592,0.5077107954980913
188.1999999999936,0.30011149385933483,0.5328941679201655,0.5139757230048496,0.5077085771060896
188.2999999999936,0.6999529540174352,0.5325609179771387,0.5135994633709093,0.5073889146260439
188.39999999999358,0.3001138827784327,0.5326160510200865,0.5136126177151868,0.5073866519130316
188.49999999999358,0.6999519538099457,0.5322770238328289,0.5132315281940174,0.5070658610509934
188.59999999999357,0.3001163492889546,0.5323323641497866,0.513241948284567,0.5070635451473365
188.69999999999357,0.6999509213684958,0.5319873300081943,0.5128559554065337,0.5067416347934726
188.79999999999356,0.3001188967870216,0.5320427728707013,0.5128635523391184,0.5067392380333323
188.89999999999355,0.6999498552932153,0.5316915561667945,0.5124725966682699,0.5064162044215811
188.99999999999355,0.3001215288565691,0.5317470330767401,0.5124772896690395,0.5064136898389692
189.09999999999354,0.6999487541074215,0.5313894810132683,0.5120813195478219,0.5060895228575802
189.19999999999354,0.30012424928194764,0.5314449383934379,0.5120830314007239,0.506086848404727
189.29999999999353,0.6999476162525067,0.5310809073087531,0.5116819997996386,0.5057615344082231
189.39999999999353,0.3001270620615201,0.5311362970977889,0.5116806545172439,0.5057586548434815
189.49999999999352,0.699946440082423,0.5307656465011038,0.5112745174698798,0.5054321779269348
189.5999999999935,0.30012997142234643,0.5308209219609019,0.5112700390963423,0.5054290456826206
189.6999999999935,0.6999452238577313,0.530443511955566,0.5108587549266547,0.505101388286223
189.7999999999935,0.30013298183605924,0.530498625766747,0.5108510669011898,0.5050979538936406
189.8999999999935,0.6999439657391703,0.5301143159703,0.5104345958396114,0.504769097118056
189.9999999999935,0.30013609803603736,0.5301692193341343,0.5104236206326781,0.5047653094413795
190.09999999999349,0.6999426637807041,0.5297778684654368,0.5100019246195088,0.5044352332387848
190.19999999999348,0.3001393250360042,0.529832510648937,0.5099875834989576,0.5044310396261589
190.29999999999347,0.6999413159219986,0.529433976417551,0.509560626075604,0.5040997229374311
190.39999999999347,0.300142668150186,0.5294883044934656,0.5095428389327852,0.5040950693351836
190.49999999999346,0.6999399199802707,0.5290824436306273,0.5091105851722741,0.5037624902027197
190.59999999999346,0.30014613301517884,0.5291364023026449,0.5090892703740602,0.503757321251651
190.69999999999345,0.699938473641454,0.5287230706631191,0.5086516868272523,0.5034234569197693
190.79999999999345,0.3001497256136982,0.5287766021277289,0.5086267610775208,0.5034177160410321
190.89999999999344,0.6999369744506088,0.5283556548315704,0.5081838157236478,0.5030825430485066
190.99999999999343,0.30015345230039026,0.5284086986550938,0.5081551939263018,0.5030761725218237
191.09999999999343,0.6999354198015076,0.5279799902559544,0.5077068561223427,0.5027396667880686
191.19999999999342,0.30015731982991944,0.528032483257289,0.5076744512420414,0.5027326078231019
191.29999999999342,0.6999338069253108,0.5275958679317355,0.5072206916682802,0.5023947447283186
191.3999999999934,0.30016133538756035,0.5276477440667251,0.5071844145869986,0.5023869375292688
191.4999999999934,0.6999321328782392,0.5272030758225104,0.506725205187446,0.5020476919884338
191.5999999999934,0.30016550662255237,0.5272542660682668,0.5066849645558716,0.5020390758116926
191.6999999999934,0.699930394528146,0.5268013989710519,0.5062202784728418,0.5016984223421358
191.7999999999934,0.30016984168450894,0.5268518312096541,0.5061759805560098,0.5016889355467594
191.89999999999338,0.6999285885398676,0.5263906196283497,0.5057057920584189,0.5013468483290675
191.99999999999338,0.30017434926320136,0.5264402185298583,0.5056573405751278,0.5013364284198418
192.09999999999337,0.6999267113592312,0.5263192070432737,0.47956437237623434,0.4992075409734138
192.19999999999337,0.3001790386320819,0.5263283551536835,0.46504922734200177,0.49741453204278135
192.29999999999336,0.6999247591955712,0.5253308147238419,0.4522924009885174,0.49550808006787433
192.39999999999336,0.30018391969595226,0.5244660587648794,0.4513678326773445,0.49458350306104487
192.49999999999335,0.6999227280025968,0.5230795921976447,0.46112215322858835,0.4940922722164711
192.59999999999334,0.3001890030432347,0.5226213891408111,0.47364238742025155,0.4944755677041717
192.69999999999334,0.6999206134574301,0.5220229348398644,0.4838235940280528,0.494796292507109
192.79999999999333,0.3001943000033608,0.5223907685262137,0.4549251098933099,0.49345893638953703
192.89999999999333,0.6999184109376103,0.5215825319442676,0.4502250052363145,0.492271640878325
192.99999999999332,0.3001998227098577,0.5210915776043019,0.4584566002419206,0.49214707718675915
193.09999999999332,0.6999161154958384,0.5202746919418136,0.45215768663001044,0.49132210748804656
193.1999999999933,0.30020558416978876,0.5199834438729171,0.45759210752902113,0.4912353509006756
193.2999999999933,0.699913721832202,0.519270951093625,0.45269228814899687,0.4905155140220582
193.3999999999933,0.30021159834028877,0.5190892272730132,0.45699439415875764,0.49043544458583865
193.4999999999933,0.6999112242635905,0.5184235384514827,0.4531410886605086,0.4897802069303363
193.5999999999933,0.30021788021303525,0.5217622334649882,0.4556205725947282,0.48963958853591644
193.69999999999328,0.6999086166899721,0.5234669966141796,0.45347016400980744,0.4890360935089678
193.79999999999328,0.3002244459076091,0.5250434794248394,0.45540531307002685,0.48889781126461257
193.89999999999327,0.6999058925571569,0.504830533642195,0.4537381256255625,0.488325421973762
193.99999999999326,0.30023131277483034,0.5216036633335407,0.4552687288804897,0.4881832266369921
194.09999999999326,0.699903044815623,0.5386367293089231,0.4539588915505819,0.4876302856113631
194.19999999999325,0.30023849951130416,0.5480769877161624,0.45518769568058626,0.4874820596365285
194.29999999999325,0.6999000658749237,0.5498616596921148,0.45414380646864044,0.48694177614076567
194.39999999999324,0.30024602628659025,0.5472473186992628,0.4551464790390335,0.4867872152086813
194.49999999999324,0.6998969475531215,0.5429859180469037,0.4543017302902705,0.4862555018947945
194.59999999999323,0.30025391488460695,0.5314141773635387,0.45513420477710326,0.48609502556736756
194.69999999999322,0.6998936810206261,0.5461826906545899,0.45443942503298945,0.48556934195881785
194.79999999999322,0.300262188861123,0.5365965316466833,0.45514325223513197,0.48540359798879745
194.8999999999932,0.6998902567377111,0.5481270279924159,0.4545619864064705,0.4848823196653457
194.9999999999932,0.3002708737194589,0.5400569271638488,0.4551682146407437,0.48471197180500303
195.0999999999932,0.6998866643848863,0.5492066903771744,0.45467322769047275,0.48419403798699345
195.1999999999932,0.3002799971068468,0.5423283168298655,0.45520521390487034,0.4840196864523295
195.2999999999932,0.6998828927851775,0.5497440469785545,0.4547759915446524,0.48350439768446024
195.39999999999318,0.3002895890342656,0.5438146789497341,0.45525144120980204,0.4833265594977522
195.49999999999318,0.6998789298172198,0.549961308212587,0.4548723919817846,0.48281345806453396
195.59999999999317,0.3002996821230188,0.5447882656749684,0.4553048442251111,0.48263257267433995
195.69999999999317,0.6998747623179034,0.5499971469663629,0.4549639974127668,0.4821213698302019
195.79999999999316,0.3003103118818295,0.5454234450999167,0.4553639112835601,0.4819378139750486
195.89999999999316,0.6998703759731124,0.5499333638529709,0.45505196700569195,0.48142834447227495
195.99999999999315,0.3003215170188496,0.545829924782691,0.4554275207514614,0.48124244919017334
196.09999999999314,0.6998657551948626,0.5498165862910436,0.4551371512437528,0.4807346422484739
196.19999999999314,0.30033333979369603,0.5460766379831244,0.45549483491378817,0.4805467091562345
196.29999999999313,0.6998608829828709,0.5496727724866914,0.4552201654891978,0.48004056966079167
196.39999999999313,0.30034582641548907,0.5462071157805799,0.4555652247030402,0.4798508855576722
196.49999999999312,0.6998557407682598,0.5495161058381288,0.4553014433374757,0.4793464818048038
196.59999999999312,0.3003590274938887,0.5462489417381976,0.4556382161251035,0.4791553314855529
196.6999999999931,0.699850308236716,0.5493542330102202,0.4553812748304725,0.4786527872012486
196.7999999999931,0.3003729985513424,0.5462194643372079,0.45571345221858445,0.47846046467710285
196.8999999999931,0.6998445631279581,0.5491913004316014,0.4554598332276379,0.4779599538269767
196.9999999999931,0.30038780060621945,0.5461292190028836,0.45579066639792604,0.47776677223278124
197.0999999999931,0.699838481007817,0.5490297197831481,0.4555371929650306,0.47726851559319966
197.19999999999308,0.3004035008382588,0.545983947546065,0.4558696644306724,0.4770748160407305
197.29999999999308,0.6998320350085753,0.5488712213708155,0.4556133405970403,0.47657907875486444
197.39999999999307,0.3004201733498714,0.5457857331621094,0.4559503133146558,0.4763852383416354
197.49999999999307,0.6998251955324105,0.5487175232450946,0.45568817984351057,0.47589232781954094
197.59999999999306,0.3004379000393934,0.5455335385999931,0.45603253610706396,0.4756987669503822
197.69999999999305,0.6998179299118354,0.5485708087420128,0.45576153128907554,0.4752090305320559
197.79999999999305,0.3004567716054894,0.545223288391589,0.4561163124291015,0.4750162196744324
197.89999999999304,0.6998102020198601,0.5484341282637049,0.45583312673561416,0.47453004148250855
197.99999999999304,0.30047688870569067,0.5448475325925277,0.45620168502429836,0.4743385074677277
198.09999999999303,0.6998019718211913,0.5483117970754345,0.4559025976212728,0.47385630384348687
198.19999999999303,0.30049836329667456,0.5443946398974059,0.4562887734838547,0.4736666358567361
198.29999999999302,0.699793194854064,0.5482098322577081,0.4559694562031985,0.47318884870202527
198.399999999993,0.3005213201895812,0.5438473667626667,0.45637779718877713,0.47300170419037746
198.499999999993,0.6997838216301815,0.5481364439427681,0.45603306723732157,0.47252879142299364
198.599999999993,0.30054589886067673,0.5431805067873424,0.45646911082479713,0.472344902314779
198.699999999993,0.699773796937649,0.5481025497718868,0.456092606503238,0.471877324468867
198.799999999993,0.3005722555663674,0.5423570974524309,0.456563257761713,0.4716975043736849
198.89999999999299,0.6997630590285695,0.5481221838513224,0.4561470004479272,0.47123570610625876
198.99999999999298,0.3006005658223937,0.5413222768936965,0.45666104957433074,0.47106085960315014
199.09999999999297,0.6996999824970186,0.5492970970365412,0.4561948380355532,0.470605244442928
199.19999999999297,0.30070376397648596,0.5372929387960647,0.4567635681334223,0.47043615434913205
199.29999999999296,0.6996380274242614,0.5498370529486751,0.4562342070924635,0.46998717179473337
199.39999999999296,0.30085566255806895,0.5320651019339636,0.4568726507336576,0.4698250117555848
199.49999999999295,0.6995651663015044,0.5499938807799011,0.45626261737241897,0.469382927724775
199.59999999999295,0.3010577531065329,0.5252166245185018,0.4569909150418871,0.4692289765849576
199.69999999999294,0.6994907094874477,0.5496007071509892,0.4562765998702305,0.4687938563760878
199.79999999999293,0.301304131613205,0.5162403251712628,0.45712224838720283,0.468649629898086
199.89999999999293,0.6994322056209917,0.548358090486182,0.4562712982110212,0.46822124117478786
199.99999999999292,0.301573731617567,0.5047312135185141,0.4572724764097154,0.4680885847887097
200.09999999999292,0.6994151321363826,0.5458207257424094,0.4562397876695214,0.4676662560141283
200.1999999999929,0.3018228473250815,0.49087286579388995,0.4574504313775547,0.46754748243486566
200.2999999999929,0.6994637578578043,0.5414772943752524,0.4542014462793454,0.450343053976343
200.3999999999929,0.3019871047867815,0.47613561819384814,0.45946651920421966,0.46005831182570367
200.4999999999929,0.6995807757102086,0.5350337034416434,0.452622452644029,0.45008658116076494
200.5999999999929,0.3020060865053772,0.4632819549768222,0.4617303080174175,0.4567082382488139
200.69999999999288,0.6997331546502157,0.5268338409080312,0.4512388319206401,0.4505992306355535
200.79999999999288,0.30186394066601635,0.45472547176671885,0.4647748603961009,0.4552267180574408
200.89999999999287,0.6998708178654134,0.5179461018534066,0.4501596998295619,0.45102962931644336
200.99999999999287,0.3016031226512818,0.4507761202066199,0.4694798199786084,0.4546576180610957
201.09999999999286,0.6999611775451741,0.509610981081071,0.450557899071839,0.45120708077227406
201.19999999999285,0.30129073272081175,0.45002103492530005,0.47747963505583113,0.4546371046018978
201.29999999999285,0.6999982654745129,0.502613390626331,0.4575749042591543,0.4511211769173795
201.39999999999284,0.30097970663117457,0.45081953113699136,0.4918817040332826,0.45507537877855975
201.49999999999284,0.699989281838233,0.4971573982995525,0.484878162722127,0.4508741801181007
201.59999999999283,0.30069828227344475,0.45208699062575564,0.5151768826497124,0.4558743076837931
201.69999999999283,0.6999423216435052,0.49309129211351804,0.5234487917683415,0.4507695137103026
201.79999999999282,0.3001527179133416,0.4530433513159579,0.5364520219425731,0.4564043195735699
201.89999999999281,0.6999380529229003,0.48558807922233593,0.5422288943170385,0.4509306434036608
201.9999999999928,0.3001647991135471,0.4558811891932234,0.5458152858399125,0.45633778232321925
202.0999999999928,0.6999332922910585,0.4801073176091846,0.5477888443473546,0.4512883466861954
202.1999999999928,0.30017837218757093,0.45839587091262235,0.5487538959456245,0.45597947192113225
202.2999999999928,0.6999279611800328,0.4761750349698801,0.5493038913862174,0.4517381105256057
202.3999999999928,0.3001936931798359,0.46038775333674514,0.5496227062246575,0.45559047010716874
202.49999999999278,0.6999219646909457,0.473354858861337,0.5497431599955079,0.45219441463290116
202.59999999999278,0.30021107549402215,0.4618770393617573,0.5498860600923511,0.4552718311329646
202.69999999999277,0.6999151873460928,0.47131346024979437,0.5498851675786497,0.45260895060616024
202.79999999999276,0.30023090602584207,0.4629516009369849,0.5499682061625466,0.4550410870499762
202.89999999999276,0.6999074874943166,0.4698142098318807,0.5499370616610522,0.4529642414672139
202.99999999999275,0.3002536668461217,0.46370594747459376,0.549993310246542,0.454886824528189
203.09999999999275,0.6998986898588923,0.4686937695239156,0.5499583144778075,0.4532603905558498
203.19999999999274,0.30027996472759827,0.3838155663731733,0.5499995998477157,0.45479172505045495
203.29999999999274,0.6998885754885533,0.451930638701295,0.5499677590540397,0.45350498197365047
203.39999999999273,0.3003105719320859,0.505952337323183,0.5499995255497114,0.45474019297023405
203.49999999999272,0.6998768680241682,0.4500506993725909,0.5499720331098694,0.4537074929857145
203.59999999999272,0.3003464834437681,0.4974036979367899,0.5499973373940067,0.4547200737509145
203.6999999999927,0.6998632146534406,0.45052931708669025,0.5499737378002232,0.4538767971927539
203.7999999999927,0.3003889986823164,0.490207918454084,0.5499945221827406,0.45472244622676317
203.8999999999927,0.6998471592707652,0.4521554847464152,0.5499739913188347,0.4540203169068717
203.9999999999927,0.3004398404261219,0.4844793966435609,0.5499915883523975,0.4547409490160662
204.0999999999927,0.6998281039744971,0.45411056499985897,0.549973305593866,0.4541439243884239
204.19999999999268,0.3005013316309804,0.48005907493263633,0.5499886851573157,0.45477111718016366
204.29999999999268,0.6998052527354585,0.4559722743553096,0.5499719163559866,0.4542521261555345
204.39999999999267,0.30057666471127187,0.4766947576518932,0.5499858281545692,0.45480985186657036
204.49999999999267,0.6997775271500117,0.45757337938146775,0.549969918229696,0.4543483170572188
204.59999999999266,0.30065342134424394,0.47414044938003663,0.5499829849104222,0.45485502967795793
204.69999999999266,0.0,0.458896018756211,0.5499671536050894,0.4544368349965154
204.79999999999265,0.0,0.4747642636005296,0.549911339263665,0.4555043176860971
204.89999999999264,0.0,0.4618144325334513,0.5498619699319793,0.4550654089308411
204.99999999999264,0.0,0.4729192650358446,0.5499117172764894,0.45549954650774976
205.09999999999263,0.0,0.46253924564291693,0.5498653837974248,0.45510028903173927
205.19999999999263,0.0,0.47144913279127265,0.5499125786044486,0.45549980115756783
205.29999999999262,0.0,0.4630406630500568,0.5498675567957628,0.45512862613052163
205.39999999999262,0.0,0.47025838423376876,0.5499137722140832,0.4555044796802815
205.4999999999926,0.0,0.46336844035865954,0.5498684730068425,0.4551513159231617
205.5999999999926,0.0,0.4692773762070419,0.549915226190363,0.45551330735079193
205.6999999999926,0.0,0.46356261860615766,0.5498680222569996,0.45516886641528315
205.7999999999926,0.0,0.46845530894589854,0.5499169454765825,0.4555263239718964
205.8999999999926,0.0,0.46365452625340026,0.5498659867724417,0.4551814030970269
205.99999999999258,0.0,0.467754991209757,0.5498663095955806,0.4541616053548916
206.09999999999258,0.0,0.46366828657418985,0.5498646577235508,0.45504164864337665
206.19999999999257,0.0,0.4671490457091669,0.549864433764688,0.4542548598528869
206.29999999999256,0.0,0.4636222953340619,0.5498625334992944,0.45493564154321686
206.39999999999256,0.0,0.4666171964964143,0.5498617902483934,0.4543238299331854
206.49999999999255,0.0,0.4635304856701175,0.5498595809498322,0.4548542484847956
206.59999999999255,0.0,0.46614433964572666,0.5498583321414962,0.4543746088749891
206.69999999999254,0.0,0.4634033447284832,0.5498557636292516,0.45479097093350035
206.79999999999254,0.0,0.4657191725455331,0.5498540138231928,0.45441175804001277
206.89999999999253,0.0,0.46324870258346634,0.5498510429090675,0.45474113489133294
206.99999999999253,0.0,0.46533322041101244,0.5498487906964333,0.4544386762138982
207.09999999999252,0.0,0.46307233023143757,0.5498453789254307,0.4547013444731087
207.1999999999925,0.0,0.4649801468019425,0.5498426192907874,0.45445788877509125
207.2999999999925,0.0,0.46287838349288296,0.5498387314551659,0.4546691081109476
207.3999999999925,0.0,0.46465526998885753,0.5498354576311714,0.45447126838666696
207.4999999999925,0.0,0.4626697237750851,0.5498310607606249,0.4546425796099466
207.5999999999925,0.0,0.46435523225354447,0.5498272657955126,0.4544802009236458
207.69999999999249,0.0,0.4624481391297065,0.5498223284054583,0.4546203767783944
207.79999999999248,0.0,0.4640777876921436,0.549818006596114,0.45448570913612896
207.89999999999247,0.0,0.462214481424298,0.5498124980172904,0.4546014531645144
207.99999999999247,0.0,0.46382168831645487,0.5498076463285061,0.4544885443653483
208.09999999999246,0.0,0.4619687280125038,0.5498015359555316,0.4545850065841012
208.19999999999246,0.0,0.4635866603071515,0.5497961555421793,0.4544892544095954
208.29999999999245,0.0,0.46170996869260716,0.5497894118305634,0.4545704134058141
208.39999999999245,0.0,0.46397649507321326,0.5498910150562799,0.4544882337160438
208.49999999999244,0.0,0.4614038811678665,0.5497567960829405,0.4545571810410133
208.59999999999243,0.0,0.463874654317818,0.5499022113899851,0.4544857605298109
208.69999999999243,0.0,0.46103306571280395,0.5497118121189618,0.45454491341256764
208.79999999999242,0.0,0.46386134720776856,0.5499187915302249,0.4544820244375012
208.89999999999242,0.0,0.460572933591111,0.5496454577590847,0.4545332857548444
208.9999999999924,0.0,0.4639745746611836,0.549942409987705,0.4544771468401964
209.0999999999924,0.0,0.459981832693209,0.5495402066548642,0.45452202617959647
209.1999999999924,0.0,0.46428223276179453,0.5499723348244042,0.45447119621811116
209.2999999999924,0.0,0.4591909820666451,0.5493592413347503,0.454510902193352
209.3999999999924,0.0,0.464907127110809,0.5499980064126969,0.4544641995510704
209.49999999999238,0.0,0.45808955512681776,0.5490186412789211,0.4544997108782631
209.59999999999238,0.0,0.46607778473564027,0.5499748525194478,0.45445615089098496
209.69999999999237,0.0,0.45651123342073896,0.5483097899392516,0.45448827182142226
209.79999999999237,0.0,0.46823251359603874,0.5497485727932333,0.4544470178097544
209.89999999999236,0.0,0.4542689374347622,0.5466697032886403,0.4544764221455956
209.99999999999235,0.0,0.47221860155801293,0.548832949570353,0.45443674624181224
210.09999999999235,0.0,0.45147816205936003,0.5425166157182498,0.45446401319044843
210.19999999999234,0.0,0.4795482238214805,0.5458764806163381,0.4544252640843053
210.29999999999234,0.0,0.4500853268407806,0.5319872324026614,0.4544509085413325
210.39999999999233,0.0,0.49206829814858843,0.5381434243217189,0.45441248379362476
210.49999999999233,0.0,0.4570612619428919,0.5111133174726312,0.45443698322025167
210.59999999999232,0.0,0.5094324759135275,0.5238609691320898,0.4543983041113969
210.69999999999231,0.0,0.47786793189888876,0.4863238151765099,0.4544221239550564
210.7999999999923,0.0,0.5265435083723963,0.5070931325406447,0.45438261095408944
210.8999999999923,0.0,0.5020433240368426,0.46805154320094816,0.45440623054145673
210.9999999999923,0.0,0.5383521639638208,0.49290619357510873,0.4543652773956708
211.0999999999923,0.0,0.51950766129194,0.4577890561801573,0.4543892184223651
211.1999999999923,0.0,0.5447453446285341,0.48243608872450305,0.549999916581275
211.29999999999228,0.0,0.5299806658521401,0.452821325979698,0.5499791158013554
211.39999999999227,0.0,0.5477993046929847,0.47504014360947505,0.5499999046929217
211.49999999999227,0.0,0.5360212245480039,0.45073004278696127,0.5499851745890262
211.59999999999226,0.0,0.5491644057478215,0.46988456932357603,0.5499995084474114
211.69999999999226,0.0,0.5395722909214024,0.4500608505216338,0.5499888833099023
211.79999999999225,0.0,0.5497362714138992,0.4662930172202617,0.5499990720192566
211.89999999999225,0.0,0.5417323952498777,0.45004018850171407,0.5499912241794831
211.99999999999224,0.0,0.5499470657574222,0.4637760663803544,0.5499986897638024
212.09999999999224,0.0,0.5430860517984575,0.45028095284165354,0.5499927274015953
212.19999999999223,0.0,0.5499991600722021,0.4619975554401144,0.5499983668401114
212.29999999999222,0.0,0.5439460919732979,0.4505978948824353,0.549993689051976
212.39999999999222,0.0,0.5499873755610504,0.460732624513747,0.5499980808707013
212.4999999999922,0.0,0.5444834147283625,0.4509065467347685,0.549994278813841
212.5999999999922,0.0,0.5499565751782589,0.45983276443449883,0.5499978041269
212.6999999999922,0.0,0.5447919195552006,0.451171009279471,0.549994595111361
212.7999999999922,0.0,0.5499282310956903,0.45920075344576367,0.5499975103444728
212.8999999999922,0.0,0.5449204964581986,0.4513777115807337,0.5499946942675067
212.99999999999218,0.0,0.5499126647778114,0.4587740527158065,0.549997175888759
213.09999999999218,0.0,0.5448880568259835,0.45152236785199956,0.5499946064213852
213.19999999999217,0.0,0.5499144665153192,0.45851443310651685,0.5499967791250527
213.29999999999217,0.0,0.5446887408150772,0.4516034807637827,0.5499943444978188
213.39999999999216,0.0,0.549703245243321,0.456824271580998,0.5499962994683592
213.49999999999216,0.0,0.5454331089538175,0.45216631405260005,0.5499939094352118
213.59999999999215,0.0,0.5494890527213613,0.45597087545484444,0.5499957166323346
213.69999999999214,0.0,0.5459070981638628,0.45261034999276395,0.5499932933482976
213.79999999999214,0.0,0.549287019994254,0.45539492707316476,0.5499950102268275
213.89999999999213,0.0,0.5462048085625553,0.45294786564379846,0.5499924815171454
213.99999999999213,0.0,0.549106893785158,0.4549993071431114,0.549994159720166
214.09999999999212,0.0,0.5463818896986841,0.4531997001436031,0.5499914536742372
214.19999999999212,0.0,0.5489498959098721,0.4547233328696681,0.5499931447443344
214.2999999999921,0.0,0.5464717214147479,0.45338606091654354,0.5499901848254538
214.3999999999921,0.0,0.5488143162941252,0.4545282842345294,0.5499919457219117
214.4999999999921,0.0,0.5464942634373545,0.4535237131711022,0.5499886456974021
214.5999999999921,0.0,0.5486980084487542,0.45438892862832175,0.5499905448121527
214.6999999999921,0.0,0.5464609128343566,0.4536256410588134,0.5499868028042055
214.79999999999208,0.0,0.5485994932225248,0.45428849194331755,0.549988927204086
214.89999999999208,0.0,0.5463771139671166,0.4537015433273792,0.5499846180425023
214.99999999999207,0.0,0.5485184793282805,0.4542156142417025,0.5499870828280541
215.09999999999206,0.0,0.5462436059149876,0.45375851200610556,0.5499820476318255
215.19999999999206,0.0,0.5484561816940425,0.4541624652445116,0.5499850086185135
215.29999999999205,0.0,0.5460567157965799,0.4538016587812974,0.5499790400956539
215.39999999999205,0.0,0.5484156170962167,0.45412355184992137,0.5499827115476354
215.49999999999204,0.0,0.5458078065411727,0.4538346230885962,0.5499755327945802
215.59999999999204,0.0,0.5484019538626221,0.454094948109492,0.5499802127709494
215.69999999999203,0.0,0.5454817381027746,0.45385996021819963,0.5499714462265224
215.79999999999202,0.0,0.5484229153264133,0.4540737890386151,0.5499775533930541
215.89999999999202,0.0,0.5450538996445868,0.4538794284036641,0.5499666748118572
215.999999999992,0.0,0.5484891204650918,0.4539807593625,0.5499970124608797
216.099999999992,0.0,0.5444848885774972,0.4538563421996572,0.5499538446864257
216.199999999992,0.0,0.5486139885001481,0.45405139151615026,0.5499948731450541
216.299999999992,0.0,0.5437110305480899,0.4538279209820302,0.5499329516909058
216.399999999992,0.0,0.5488122253257449,0.45413396742593454,0.5499897430859446
216.49999999999199,0.0,0.5426272328770232,0.4537862552670657,0.5498973464528643
216.59999999999198,0.0,0.5490944777574592,0.45423843199325264,0.5499773457779228
216.69999999999197,0.0,0.5410553679108117,0.45372007095522315,0.5498331026692977
216.79999999999197,0.0,0.5494524738630384,0.4543806276573077,0.5499467971601886
216.89999999999196,0.0,0.5386853881716271,0.4536118256813091,0.5497092064156438
216.99999999999196,0.0,0.5498219442941933,0.45458787245944454,0.5498698258413174
217.09999999999195,0.0,0.5349681238084077,0.453433033524007,0.5494518013382564
217.19999999999195,0.0,0.5499975864664874,0.4549100319298029,0.5496711806105966
217.29999999999194,0.0,0.5289428096256726,0.45313724320533755,0.5488721512114894
217.39999999999193,0.0,0.5494601440898493,0.45544251035321925,0.5491462650039526
217.49999999999193,0.0,0.5190856765412736,0.45265282942919044,0.5474539288388587
217.59999999999192,0.0,0.5471090729275163,0.45637425491444106,0.5477366101208462
217.69999999999192,0.0,0.5051960830112772,0.4518927902417626,0.5437217208475293
217.7999999999919,0.0,0.5409952405578053,0.4580757976825999,0.543989226858232
217.8999999999919,0.0,0.4844598582840371,0.45085890897654624,0.5337416271136719
217.9999999999919,0.0,0.5301957587402346,0.4611590022713099,0.5348003574673025
218.0999999999919,0.0,0.46522999926512293,0.45003112662698463,0.5114020444120152
218.1999999999919,0.0,0.5157857375883241,0.46608232093319085,0.517006634567214
218.29999999999188,0.0,0.45372494707047906,0.4507471521561851,0.4816211972583211
218.39999999999188,0.0,0.5010847512592329,0.4723664918273153,0.4949150234131585
218.49999999999187,0.0,0.45009535297660636,0.45397831566627267,0.4613761316066581
218.59999999999187,0.0,0.488934406378414,0.47930499819376693,0.47796806579531675
218.69999999999186,0.0,0.4507496826635472,0.45984016690223983,0.4531081475324198
218.79999999999185,0.0,0.4790310609466368,0.48706671227101944,0.46832412444889704
218.89999999999185,0.0,0.4527951447575139,0.46912637979342653,0.4506370545135926
218.99999999999184,0.0,0.4729146902146014,0.49630343391546977,0.46348292456583623
219.09999999999184,0.0,0.45483406754469696,0.4828662743702423,0.45007275881597586
219.19999999999183,0.0,0.4688585984902961,0.5071954454347893,0.46117749344671183
219.29999999999183,0.0,0.456439342886586,0.5001305197155801,0.4500001213734415
219.39999999999182,0.0,0.4661423242326807,0.5186988409884816,0.46008180686630806
219.49999999999181,0.0,0.45757670438699416,0.5170130000965681,0.4500315051794423
219.5999999999918,0.0,0.4642830566808064,0.5288248178048679,0.4594606556897039
219.6999999999918,0.0,0.45832915611334757,0.5298059225490832,0.45009387864059536
219.7999999999918,0.0,0.46297457882612786,0.5362189465879761,0.45895836266757845
219.8999999999918,0.0,0.4587951537908992,0.5378739949039429,0.45018299221799357
219.9999999999918,0.0,0.4620250145338398,0.5409419351354977,0.4584676986287584
220.09999999999178,0.0,0.45905802145276936,0.5424954802019601,0.4502976457177807
220.19999999999177,0.0,0.461313441977604,0.5437532858834587,0.45799552223519774
220.29999999999177,0.0,0.4591807753958236,0.5450508773949765,0.4504288102697652
220.39999999999176,0.0,0.46076268420220257,0.5453748070072773,0.45757430542223876
220.49999999999176,0.0,0.459208719016266,0.54644673825517,0.45056262148663084
220.59999999999175,0.0,0.4603227505254259,0.5462810922150927,0.4572293781892428
220.69999999999175,0.0,0.45917358701170036,0.5471818308955546,0.45068468755757407
220.79999999999174,0.0,0.4599607697923441,0.5467383088252774,0.45697519488788535
220.89999999999173,0.0,0.45909728927472576,0.5475042084270083,0.45078226570432944
220.99999999999173,0.0,0.45965480426776,0.5468756372831695,0.45682041022925735
221.09999999999172,0.0,0.4589948152457072,0.5475129649362114,0.45084440313823027
221.19999999999172,0.0,0.4593899915418123,0.546729535273266,0.4567739503330824
221.2999999999917,0.0,0.458876345645891,0.5471991035308761,0.45086106273927784
221.3999999999917,0.0,0.45915610111138633,0.5462551035416301,0.4568505565587984
221.4999999999917,0.0,0.45874873909028635,0.546432017677347,0.4508222732965755
221.5999999999917,0.0,0.4589459643600814,0.5453023758422495,0.45707626134555046
221.6999999999917,0.0,0.4586165607770796,0.5459870101898779,0.4506143827366156
221.79999999999168,0.0,0.45875445239588025,0.5460344347761505,0.45565848872246134
221.89999999999168,0.0,0.45848278773779366,0.5465495120921808,0.45108362755881615
221.99999999999167,0.0,0.4585778026512257,0.5464386362344429,0.454752331392865
222.09999999999167,0.0,0.45834929004202773,0.5467791285129958,0.45149187015922343
222.19999999999166,0.0,0.4584131705091828,0.5465863612118167,0.45416192867052385
222.29999999999166,0.0,0.45821715847690714,0.5467288148776555,0.45182009202291445
222.39999999999165,0.0,0.45825832796510774,0.5464998732165647,0.4537706847497732
222.49999999999164,0.0,0.4580869276983158,0.5463878154979581,0.4520747447721573
222.59999999999164,0.0,0.45811145960775407,0.5461554399045618,0.45350804931764754
222.69999999999163,0.0,0.45795872855552827,0.5456761521411333,0.45226945074511493
222.79999999999163,0.0,0.45797102397768313,0.5454744258546523,0.45333035746625727
222.89999999999162,0.0,0.457832392694573,0.5444155678215479,0.4524179796835789
222.99999999999162,0.0,0.4578356597116754,0.5442986561326483,0.45320992501951946
223.0999999999916,0.0,0.4577075252996448,0.5422659425120093,0.4525319729292571
223.1999999999916,0.0,0.4577041232409145,0.5423444307936076,0.45312878974512677
223.2999999999916,0.0,0.45758355689028196,0.5386129938825169,0.45262054963514814
223.3999999999916,0.0,0.45757524965493535,0.5391336435782644,0.4530750491117418
223.4999999999916,0.0,0.4574597816829484,0.5324241747055753,0.4526905777062124
223.59999999999158,0.0,0.4574479315878254,0.5339315936804412,0.45304066501541823
223.69999999999158,0.0,0.4573353875830791,0.5222657464481989,0.4527471142865766
223.79999999999157,0.0,0.4573211132129792,0.5258288403083702,0.45302011408764864
223.89999999999156,0.0,0.4572094809681889,0.5071255893586494,0.4527938301947602
223.99999999999156,0.0,0.45719379804970384,0.5142869796745394,0.4530095374411063
224.09999999999155,0.0,0.45708110769858534,0.48852382943638617,0.45283336133091356
224.19999999999155,0.0,0.4570650706161016,0.5002231116774758,0.45300619304516343
224.29999999999154,0.0,0.45694926990425544,0.4712426545500501,0.4528675804241322
224.39999999999154,0.0,0.4583891645724469,0.4868732434388472,0.45300809607053183
224.49999999999153,0.0,0.4545672522643496,0.45930454814121974,0.4528977997365616
224.59999999999152,0.0,0.4604266502240381,0.47568430567492886,0.4530137786784076
224.69999999999152,0.0,0.45307439312071157,0.4531934205411931,0.452924919205519
224.7999999999915,0.0,0.461964456944072,0.4679760095232428,0.4530221272845673
224.8999999999915,0.0,0.45213037874195966,0.45074965272782874,0.4529495334430851
224.9999999999915,0.0,0.4631498462512889,0.4631092293640086,0.45303227101627774
225.0999999999915,0.0,0.4514701545788954,0.4500529476343631,0.4529720085338009
225.1999999999915,0.0,0.464201593399591,0.4601500242437798,0.453043504589518
225.29999999999148,0.0,0.45094131534537246,0.45003778765484714,0.4529925370336366
225.39999999999148,0.0,0.46534403627630255,0.45838954702759044,0.4530552347419762
225.49999999999147,0.0,0.4504820858215977,0.45021840913245825,0.45301117742376706
225.59999999999147,0.0,0.466811319871294,0.45738878317876763,0.45306694311255946
225.69999999999146,0.0,0.45011896407553015,0.45039555812908844,0.4530278825895135
225.79999999999146,0.0,0.46888675530896634,0.45690301912873216,0.4530781608970092
225.89999999999145,0.0,0.4500161675555943,0.4504934191685773,0.45304252062289957
225.99999999999145,0.0,0.47196340865088665,0.45681490877208925,0.4530884522275388
226.09999999999144,0.0,0.4506225978718336,0.4504860955890073,0.4530548902939133
226.19999999999143,0.0,0.4766183758320047,0.45709714628515763,0.453097404325525
226.29999999999143,0.0,0.4529981614316641,0.45037285673827243,0.4530647328064601
226.39999999999142,0.0,0.4836552059301743,0.4577980210269067,0.4531046232536756
226.49999999999142,0.0,0.45929984573564636,0.4501854895100955,0.45307174086364665
226.5999999999914,0.0,0.493919513568513,0.4590321647433171,0.4531097346807682
226.6999999999914,0.0,0.47919585462725056,0.450112745970889,0.4530755655324896
226.7999999999914,0.0,0.5164374982114911,0.45766819487757276,0.4531123895733117
226.8999999999914,0.0,0.5119563369725276,0.4503397652475285,0.45307582083592
226.9999999999914,0.0,0.5357531461003814,0.4567376302612276,0.5498708049409816
227.09999999999138,0.0,0.5338366692961761,0.4505856256427303,0.549964593735148
227.19999999999138,0.0,0.545362433763567,0.45610393785583564,0.549883350952754
227.29999999999137,0.0,0.5434189855426844,0.4508072112172603,0.5499530990407436
227.39999999999137,0.0,0.5487628753871215,0.4556790061391419,0.5498906138014094
227.49999999999136,0.0,0.5471338893764217,0.45098630834151404,0.5499440423132896
227.59999999999135,0.0,0.5497525353066682,0.455407008876439,0.549895080786702
227.69999999999135,0.0,0.5485992195649859,0.45111542751729644,0.5499373005984634
227.79999999999134,0.0,0.5499794458783963,0.4552542447739125,0.5498981808377674
227.89999999999134,0.0,0.549219485609432,0.4511906095422532,0.5499326565300289
227.99999999999133,0.0,0.5499964345412848,0.45520354442429967,0.5499007720768337
228.09999999999133,0.0,0.5495060594267596,0.451207744843972,0.5499299009933932
228.19999999999132,0.0,0.5499688516455955,0.4552523327076163,0.5499033781334806
228.29999999999131,0.0,0.5496504654837853,0.4511606725833304,0.549928850850128
228.3999999999913,0.0,0.5499404136711324,0.45541434428905603,0.549906309697705
228.4999999999913,0.0,0.5497288852420482,0.45104051753843355,0.5499293415306438
228.5999999999913,0.0,0.5499193934092965,0.45572636801311683,0.5499097313475995
228.6999999999913,0.0,0.5497737828288504,0.4508371893734019,0.5499312157500398
228.7999999999913,0.0,0.5499048975165364,0.4562639761049729,0.5499137013716129
228.89999999999128,0.0,0.5497999238522463,0.4505475795978084,0.5499343152483656
228.99999999999127,0.0,0.5498944023599138,0.4571758701311033,0.5499181978658458
229.09999999999127,0.0,0.549814384865235,0.45020675466812626,0.5499384770943654
229.19999999999126,0.0,0.5498856508926212,0.458759686046236,0.5499231375109652
229.29999999999126,0.0,0.5498206613719571,0.4500002676410804,0.5499435340834854
229.39999999999125,0.0,0.5498769534595581,0.4616294533909428,0.5496996386241111
229.49999999999125,0.0,0.5498204659934403,0.45074499396515016,0.5499997939690451
229.59999999999124,0.0,0.5498671035483954,0.4676898409044442,0.5493900645656702
229.69999999999123,0.0,0.5498145638258033,0.4559529547957221,0.5498748005801676
229.79999999999123,0.0,0.5498552508231461,0.480084244777587,0.5486732527504977
229.89999999999122,0.0,0.5498031806690209,0.47546176075015556,0.5491431372052648
229.99999999999122,0.0,0.5498408150139145,0.5016772972629391,0.5472283266109412
230.0999999999912,0.0,0.5497862076877751,0.5099473013966003,0.5475208289493922
230.1999999999912,0.0,0.5498234521620993,0.5250966213951507,0.5453223374511073
230.2999999999912,0.0,0.5497632958833875,0.5346192713736883,0.5455696437948788
230.3999999999912,0.0,0.5498030687892785,0.5390030201656375,0.5435649257792068
230.4999999999912,0.0,0.549733872830832,0.5447032045106744,0.5436643886921017
230.59999999999118,0.0,0.5497798811773361,0.5448587724415592,0.5419582379985178
230.69999999999118,0.0,0.549697079353097,0.5481056735731266,0.5416271905262927
230.79999999999117,0.0,0.5497545260153273,0.5471158933348313,0.5402175552323385
230.89999999999117,0.0,0.5496515947482541,0.5492258335923941,0.5391116736020142
230.99999999999116,0.0,0.5497282431722295,0.5479718728555453,0.538050953063751
231.09999999999116,0.0,0.549595279384146,0.549599182625031,0.5357279739131905
231.19999999999115,0.0,0.5497031701271448,0.548238460189256,0.5351765051215595
231.29999999999114,0.0,0.549524488415855,0.5497075807887674,0.5310349425492223
231.39999999999114,0.0,0.5496828046105448,0.5481917224397509,0.5313028809920604
231.49999999999113,0.0,0.5494327494232961,0.5496877959392535,0.524563530732028
231.59999999999113,0.0,0.5496726816450632,0.5479043114250853,0.526149459938781
231.69999999999112,0.0,0.5493081289513814,0.549546575215678,0.5159604282041349
231.79999999999112,0.0,0.5496811799912873,0.5473507875666676,0.5195368029991599
231.8999999999911,0.0,0.5491277246496166,0.549205510706404,0.5052950073162326
231.9999999999911,0.0,0.5497198057240609,0.5464260068712395,0.51154954369021
232.0999999999911,0.0,0.5488454513810038,0.5484680032958263,0.4933846873151424
232.1999999999911,0.0,0.5498002790679957,0.544912521259441,0.5026843250472437
232.2999999999911,0.0,0.5483631982377682,0.5468981758557871,0.4817248753373162
232.39999999999108,0.0,0.5497897386641837,0.5423816359746101,0.4937977095038087
232.49999999999108,0.0,0.547730109186436,0.5435171450979606,0.4718069700774411
232.59999999999107,0.0,0.5499156571550108,0.5379923596255638,0.4857740851855375
232.69999999999106,0.0,0.5466593552607649,0.5400629903818202,0.46146456098709615
232.79999999999106,0.0,0.549999980433722,0.5370859332947845,0.47265254678700486
232.89999999999105,0.0,0.5446964016689293,0.53801308584191,0.4538042074521913
232.99999999999105,0.0,0.5497680777112403,0.5349591721092972,0.4641181376451571
233.09999999999104,0.0,0.5407302941271711,0.5340052977916129,0.4508217746410322
233.19999999999104,0.0,0.5480948535506927,0.5311591869269471,0.4590764481678549
233.29999999999103,0.0,0.5313292088634122,0.5270168228694843,0.45003470434638987
233.39999999999102,0.0,0.5414800052071973,0.5250256701813549,0.45618894661793935
233.49999999999102,0.0,0.5106205883368587,0.5158701447639186,0.4500908579785888
233.599999999991,0.0,0.5262809694523806,0.5159542628811049,0.45452660983049376
233.699999999991,0.0,0.4828526734811223,0.5004282801576777,0.45039827942556104
233.799999999991,0.0,0.5047303349584449,0.504109171110083,0.45354949604292744
233.899999999991,0.0,0.46187776498734395,0.4832277584884226,0.4507317587837288
233.999999999991,0.0,0.4850875110231714,0.49111645028164475,0.4529613422055407
234.09999999999098,0.0,0.4525073765616477,0.4685375337885005,0.45101993927330714
234.19999999999098,0.0,0.471841444206916,0.47939603283934956,0.4526004609595798
234.29999999999097,0.0,0.45009113410884327,0.45879441278072647,0.4512500635560419
234.39999999999097,0.0,0.4641074995123449,0.47046285581621977,0.4523769042604072
234.49999999999096,0.0,0.45026832853827736,0.45352304920103,0.4514288810921117
234.59999999999096,0.0,0.4597710510016484,0.4643809696486396,0.4522391150222641
234.69999999999095,0.0,0.45105796540202053,0.45111057980781044,0.4515676501627871
234.79999999999094,0.0,0.45731191795789944,0.46047888260736936,0.4521565503654635
234.89999999999094,0.0,0.4518041842856057,0.4502050179751388,0.451676939268022
234.99999999999093,0.0,0.45587148454475823,0.45803237168201316,0.4521105294197112
235.09999999999093,0.0,0.45235822860711006,0.4500003965866597,0.45176522499516825
235.19999999999092,0.0,0.4549946820361469,0.45650670758079753,0.4520892884298376
235.29999999999092,0.0,0.4527295694405553,0.4500843097624961,0.4518388482718928
235.3999999999909,0.0,0.4544401567251052,0.4555590886071718,0.45208522049889055
235.4999999999909,0.0,0.45296321766065967,0.4502615233288709,0.45190237353519835
235.5999999999909,0.0,0.45379021100628336,0.4549821571464603,0.4520932800498472
235.6999999999909,0.0,0.4530616508653369,0.4504429532201336,0.4519589991520903
235.7999999999909,0.0,0.4535815629993673,0.454654195068252,0.4521100284194884
235.89999999999088,0.0,0.45310811345172036,0.45058717306719775,0.4520109067935884
235.99999999999088,0.0,0.45343488992587044,0.45450750565985065,0.45213304438968677
236.09999999999087,0.0,0.4531235673504081,0.4506716604601268,0.45205952771708613
236.19999999999087,0.0,0.45332891424599847,0.4545124789168362,0.4521605492827112
236.29999999999086,0.0,0.453121729495223,0.4506792195422213,0.452105734438896
236.39999999999085,0.0,0.4532508619960463,0.45467489176283715,0.45219116210482796
236.49999999999085,0.0,0.45311144414931315,0.45059297092025347,0.45214997388009787
236.59999999999084,0.0,0.4531929702709212,0.4550488947321082,0.45222373590861786
236.69999999999084,0.0,0.4530983866536892,0.450401254325938,0.4521923576490694
236.79999999999083,0.0,0.45315048832176374,0.45577896033813053,0.4522572466497022
236.89999999999083,0.0,0.4530862066502239,0.4501328161051055,0.45223272251019403
236.99999999999082,0.0,0.45312050174497315,0.4572121600400538,0.4522907176326835
237.0999999999908,0.0,0.4530772668134329,0.4500202960239803,0.4522706713808362
237.1999999999908,0.0,0.45310122273632547,0.4601987365260562,0.45232316991015337
237.2999999999908,0.0,0.45307310645284954,0.4512433020189387,0.45230560299354233
237.3999999999908,0.0,0.4530915482115075,0.46684456708606187,0.4523535936722193
237.4999999999908,0.0,0.4530747213089518,0.4589348539591425,0.4523367366535274
237.59999999999079,0.0,0.45309077109967166,0.4815377158978579,0.452380938776156
237.69999999999078,0.0,0.4530827187612085,0.4853468488152126,0.4523631370608257
237.79999999999077,0.0,0.45309837528811153,0.5067785353366377,0.45240412466761326
237.89999999999077,0.0,0.4530973840818873,0.5215495155390794,0.4523837425737026
237.99999999999076,0.0,0.4531138695428153,0.5301466326471475,0.452422071362553
238.09999999999076,0.0,0.4531186769791503,0.5412703969153205,0.5496850954260193
238.19999999999075,0.0,0.4531366296150326,0.5418740727332749,0.549832216188736
238.29999999999075,0.0,0.45314616687121584,0.5478469346871606,0.549697548056904
238.39999999999074,0.0,0.45316572619141693,0.5463830411926802,0.5498080352080291
238.49999999999073,0.0,0.4531789094801443,0.5496143956719621,0.5497044469308685
238.59999999999073,0.0,0.4531997235292833,0.5480689462443517,0.5497915940113641
238.69999999999072,0.0,0.453215267327934,0.54998022344571,0.5497096351967687
238.79999999999072,0.0,0.4532364438551772,0.5487392400429767,0.5497820972605164
238.8999999999907,0.0,0.45325268533778296,0.5499813085555862,0.5497153257718068
238.9999999999907,0.0,0.4532727111264368,0.5490290024349542,0.5497788931959073
239.0999999999907,0.0,0.45328745439598633,0.5499127453742036,0.549722715080932
239.1999999999907,0.0,0.453304120127642,0.5491682205824179,0.5497813783065199
239.2999999999907,0.0,0.453314534304044,0.5498579309963295,0.549732292331415
239.39999999999068,0.0,0.4533249253464413,0.549247491535939,0.5497889208737721
239.49999999999068,0.0,0.4533275601770051,0.5498386339608816,0.5497440232620708
239.59999999999067,0.0,0.45332819874707175,0.5493022676103191,0.5498008356846972
239.69999999999067,0.0,0.4533192017699547,0.549855361743346,0.5497574814630163
239.79999999999066,0.0,0.4533064315512177,0.5493403622754338,0.5498164068553518
239.89999999999065,0.0,0.45328203247367205,0.5498989696743689,0.549771950731006
239.99999999999065,0.0,0.4532526885157928,0.5493524464633976,0.5498349427380288
240.09999999999064,0.0,0.4532099234857739,0.5499544403549212,0.54978649649533
240.19999999999064,0.0,0.4531622050354327,0.5493140495864239,0.5498558427252904
240.29999999999063,0.0,0.4530996819850829,0.5499968222894432,0.5497999895327003
240.39999999999063,0.0,0.4530339852466595,0.5491742298999588,0.5498786536950983
240.49999999999062,0.0,0.45295231812877174,0.5499672034755928,0.5498110506696481
240.59999999999062,0.0,0.4528717307616854,0.5488130241455442,0.5499030848640171
240.6999999999906,0.0,0.4527732284068288,0.5496905939479899,0.5498178558695753
240.7999999999906,0.0,0.45268360929429036,0.5479157192160468,0.5499289145698535
240.8999999999906,0.0,0.4525709148921677,0.5486141154824076,0.5498176655882422
240.9999999999906,0.0,0.45248104460208405,0.5456295678811731,0.5499556119868915
241.0999999999906,0.0,0.45221383189456404,0.5454868062360924,0.5498057422469422
241.19999999999058,0.0,0.45358264954628263,0.5398403209922293,0.5499811751643505
241.29999999999058,0.0,0.4504911854402576,0.5346969721869573,0.5497727829127662
241.39999999999057,0.0,0.45842500643391937,0.5258794667354911,0.5499987589751377
241.49999999999056,0.0,0.4521342838430068,0.5104757790523057,0.5496985271822397
241.59999999999056,0.0,0.4750396271447696,0.5034529250715054,0.5499869505321254
241.69999999999055,0.0,0.4778870170467522,0.48450903284323804,0.5495351400527623
241.79999999999055,0.0,0.5060016763899507,0.4843773683174059,0.5498814531739249
241.89999999999054,0.0,0.5167477819622004,0.4688481183277039,0.5491628330602888
241.99999999999054,0.0,0.5308139188671169,0.47296320111072043,0.5494916898400036
242.09999999999053,0.0,0.5376496781333155,0.460338867328634,0.5482715319808252
242.19999999999052,0.0,0.542094938379696,0.46588430901848665,0.5482568248679912
242.29999999999052,0.0,0.5455107189868766,0.4555132557881282,0.5460646912034011
242.3999999999905,0.0,0.5464035523760384,0.46123695548407917,0.5445898813455498
242.4999999999905,0.0,0.5483238471920463,0.4527836110589868,0.5406762059229224
242.5999999999905,0.0,0.5486649439390059,0.45660159605552203,0.534718225407877
242.6999999999905,0.0,0.5496824378063385,0.4506120253767724,0.5288830495121063
242.7999999999905,0.0,0.5494560098372671,0.4537639674906571,0.5140181112706907
242.89999999999048,0.0,0.5499731163715093,0.4500430611617164,0.5090294753362955
242.99999999999048,0.0,0.5496907449693909,0.4523925419038245,0.48675575466554716
243.09999999999047,0.0,0.5499948615786234,0.45002822273701565,0.4867538152485232
243.19999999999047,0.0,0.5497562395761231,0.4517160851511671,0.4658352841300739
243.29999999999046,0.0,0.5499500702089832,0.4501765539792448,0.47011489900949743
243.39999999999046,0.0,0.5497619097267704,0.45092804159333416,0.4547672519007519
243.49999999999045,0.0,0.5498938524102295,0.4507027439557198,0.460555276966608
243.59999999999044,0.0,0.5497478944142752,0.4505781331669177,0.45104591924917764
243.69999999999044,0.0,0.5498482718953418,0.4510440704613554,0.45584537988246837
243.79999999999043,0.0,0.5497378596087897,0.45053782206446974,0.45008314296346263
243.89999999999043,0.0,0.5498279058180122,0.4512190276684084,0.4535620706054605
243.99999999999042,0.0,0.549747109235149,0.45061625946009615,0.450029343882306
244.09999999999042,0.0,0.5498388448558068,0.4513279455094618,0.4524214496904204
244.1999999999904,0.0,0.54977811367788,0.45075393314277323,0.45021286441393643
244.2999999999904,0.0,0.5498745270428668,0.45143072919739236,0.45182725694167253
244.3999999999904,0.0,0.5498207344764288,0.45092364065675045,0.45041933990219185
244.4999999999904,0.0,0.549920442681042,0.0,0.4515068020969108
244.5999999999904,0.0,0.5498609684428611,0.0,0.45049704328341755
244.69999999999038,0.0,0.54996313134417,0.0,0.4513049448799383
244.79999999999038,0.0,0.5498883527076223,0.0,0.4505243608202677
244.89999999999037,0.0,0.5499929427798197,0.0,0.45114516950833367
244.99999999999037,0.0,0.549895202055874,0.0,0.45064569197275345
245.09999999999036,0.0,0.5499971717578506,0.0,0.45105932633795986
245.19999999999035,0.0,0.5498667086359116,0.0,0.45073874347182985
245.29999999999035,0.0,0.5499385623998341,0.0,0.4510173164871138
245.39999999999034,0.0,0.5497511404239152,0.0,0.4508119150879486
245.49999999999034,0.0,0.5496886176435632,0.0,0.45100267299531305
245.59999999999033,0.0,0.5493592911701455,0.0,0.45087228879851343
245.69999999999033,0.0,0.5487986398020409,0.0,0.4510060539218104
245.79999999999032,0.0,0.548021963885717,0.0,0.4509251470212297
245.8999999999903,0.0,0.5457381836494071,0.0,0.45102203070694147
245.9999999999903,0.0,0.5436131703650939,0.0,0.4509742518204504
246.0999999999903,0.0,0.5361105534043195,0.0,0.45104741888479233
246.1999999999903,0.0,0.5313649123030466,0.0,0.451022248587986
246.2999999999903,0.0,0.5137804663735436,0.0,0.45108036442554955
246.39999999999029,0.0,0.5084304124248662,0.0,0.45107100788308263
246.49999999999028,0.0,0.4846363006599404,0.0,0.45111981750783997
246.59999999999027,0.0,0.4836682298512151,0.0,0.45112187049714886
246.69999999999027,0.0,0.463987709798294,0.0,0.4511652119473329
246.79999999999026,0.0,0.46699319363074265,0.0,0.4511758048108736
246.89999999999026,0.0,0.4544481762931506,0.0,0.45121625458183995
246.99999999999025,0.0,0.45838361771508357,0.0,0.45123349288552767
247.09999999999025,0.0,0.451057425639267,0.0,0.45127277016849815
247.19999999999024,0.0,0.45436306537262583,0.0,0.4512953580370324
247.29999999999023,0.0,0.4501209781661036,0.0,0.45133456781962183
247.39999999999023,0.0,0.4525050650527903,0.0,0.4513615408350858
247.49999999999022,0.0,0.4500057124288278,0.0,0.4514013057094493
247.59999999999022,0.0,0.451621115512721,0.0,0.4514318257966785
247.6999999999902,0.0,0.4501163610376794,0.0,0.45147233753906707
247.7999999999902,0.0,0.45118488871856544,0.0,0.4515055193179615
247.8999999999902,0.0,0.45026189461297783,0.0,0.4515465311660429
247.9999999999902,0.0,0.45096624019627135,0.0,0.4515812827822642
248.0999999999902,0.0,0.4503925957804137,0.0,0.4516220609567307
248.19999999999018,0.0,0.45086230923433984,0.0,0.4516569364539819
248.29999999999018,0.0,0.45050403393048305,0.0,0.4516961952260769
248.39999999999017,0.0,0.4508259680092939,0.0,0.45172927322201645
248.49999999999017,0.0,0.45060452529689027,0.0,0.4517651319308506
248.59999999999016,0.0,0.4508360126680233,0.0,0.45179395731544836
248.69999999999015,0.0,0.45070528320488296,0.0,0.45182397721676737
248.79999999999015,0.0,0.4508847331409072,0.0,0.4518456232281069
248.89999999999014,0.0,0.45081837535350594,0.0,0.5494201898893427
248.99999999999014,0.0,0.4509728041439445,0.0,0.5496368914109864
249.09999999999013,0.0,0.0,0.0,0.5494293549601327
249.19999999999013,0.0,0.0,0.0,0.5496018880622886
249.29999999999012,0.0,0.0,0.0,0.5494410253941633
249.39999999999011,0.0,0.0,0.0,0.5495924573008818
249.4999999999901,0.0,0.0,0.0,0.5494619099364344
249.5999999999901,0.0,0.0,0.0,0.5496066402558921
249.6999999999901,0.0,0.0,0.0,0.5494930125772386
249.7999999999901,0.0,0.0,0.0,0.5496404337890424
249.8999999999901,0.0,0.0,0.0,0.5495310753930203
249.99999999999008,0.0,0.0,0.0,0.5496885735929609
250.09999999999008,0.0,0.0,0.0,0.5495702876733055
250.19999999999007,0.0,0.0,0.0,0.5497459638956326
250.29999999999006,0.0,0.0,0.0,0.549603631161596
250.39999999999006,0.0,0.0,0.0,0.5498088094589387
250.49999999999005,0.0,0.0,0.0,0.5496229643288846
250.59999999999005,0.0,0.0,0.0,0.5498746177834835
250.69999999999004,0.0,0.0,0.0,0.5496168612628161
250.79999999999004,0.0,0.0,0.0,0.5499398944360631
250.89999999999003,0.0,0.0,0.0,0.5495639486628274
250.99999999999002,0.0,0.0,0.0,0.54999167521351
251.09999999999002,0.0,0.0,0.0,0.5494144875960305
251.19999999999,0.0,0.0,0.0,0.5499790948554321
251.29999999999,0.0,0.0,0.0,0.5490371538715549
251.39999999999,0.0,0.0,0.0,0.5497173491573213
251.49999999999,0.0,0.0,0.0,0.5480616473589234
251.59999999999,0.0,0.0,0.0,0.5485675536601684
251.69999999998998,0.0,0.0,0.0,0.5454404997487687
251.79999999998998,0.0,0.0,0.0,0.54448415921786
251.89999999998997,0.0,0.0,0.0,0.5385477200197588
251.99999999998997,0.0,0.0,0.0,0.5324384087236164
252.09999999998996,0.0,0.0,0.0,0.5231936814092357
252.19999999998996,0.0,0.0,0.0,0.5080416527560734
252.29999999998995,0.0,0.0,0.0,0.4996314809749944
252.39999999998994,0.0,0.0,0.0,0.48035713730355284
252.49999999998994,0.0,0.0,0.0,0.4775160754318158
252.59999999998993,0.0,0.0,0.0,0.46226178386901023
252.69999999998993,0.0,0.0,0.0,0.4636571250672286
252.79999999998992,0.0,0.0,0.0,0.45404886281867957
252.89999999998992,0.0,0.0,0.0,0.45669708217341215
252.9999999999899,0.0,0.0,0.0,0.45105184304098106
253.0999999999899,0.0,0.0,0.0,0.45347405804742397
253.1999999999899,0.0,0.0,0.0,0.4501583688434796
253.2999999999899,0.0,0.0,0.0,0.4519885709663801
253.3999999999899,0.0,0.0,0.0,0.45000000179124217
253.49999999998988,0.0,0.0,0.0,0.4512835459688324
253.59999999998988,0.0,0.0,0.0,0.4500635003949265
253.69999999998987,0.0,0.0,0.0,0.4509369219429371
253.79999999998986,0.0,0.0,0.0,0.4501745402216495
253.89999999998986,0.0,0.0,0.0,0.4507638946425829
253.99999999998985,0.0,0.0,0.0,0.450281598631994
254.09999999998985,0.0,0.0,0.0,0.45068134692590334
254.19999999998984,0.0,0.0,0.0,0.45037466506269663
254.29999999998984,0.0,0.0,0.0,0.4506503477423665
254.39999999998983,0.0,0.0,0.0,0.45045631127638974
254.49999999998983,0.0,0.0,0.0,0.45065198161669734
254.59999999998982,0.0,0.0,0.0,0.4505320031784543
254.6999999999898,0.0,0.0,0.0,0.45067698311876825
254.7999999999898,0.0,0.0,0.0,0.4506072246290284
254.8999999999898,0.0,0.0,0.0,0.45072111882552823
254.9999999999898,0.0,0.0,0.0,0.45068687654183803
255.0999999999898,0.0,0.0,0.0,0.4507830016025566
255.19999999998979,0.0,0.0,0.0,0.4507753097693004
255.29999999998978,0.0,0.0,0.0,0.45086290819819713
255.39999999998977,0.0,0.0,0.0,0.45087635339963106
255.49999999998977,0.0,0.0,0.0,0.4509618716061134
255.59999999998976,0.0,0.0,0.0,0.4509929633245515
255.69999999998976,0.0,0.0,0.0,0.4510804930758184
255.79999999998975,0.0,0.0,0.0,0.4511260523605481
255.89999999998975,0.0,0.0,0.0,0.4512168382126722
255.99999999998974,0.0,0.0,0.0,0.45127189217455427
256.09999999998973,0.0,0.0,0.0,0.4513627426722907
256.19999999998976,0.0,0.0,0.0,0.45141767489815315
256.2999999999898,0.0,0.0,0.0,0.4514986918071774
256.3999999999898,0.0,0.0,0.0,0.45153667939552283
256.4999999999898,0.0,0.0,0.0,0.0
